order_id,fecha_pedido,departamento_destino,zona_logistica,modo_transporte,tipo_envio,distancia_km,tiempo_estimado_dias,tiempo_preparacion_horas,cantidad_productos,peso_kg,prioridad,dia_semana,carga_logistica,entrega_tardia
ORD-10001,2025-02-02,Áncash,Costa Norte,Terrestre,Estándar,415.58,4,8.59,5,3.88,Media,Domingo,Alta,1
ORD-10002,2025-10-10,Lima,Lima y Callao,Terrestre,Express,111.06,2,3.95,6,4.55,Baja,Viernes,Baja,0
ORD-10003,2025-08-27,San Martín,Selva Norte,Terrestre,Estándar,1012.47,6,4.06,4,4.84,Baja,Miércoles,Baja,0
ORD-10004,2025-06-10,Moquegua,Costa Sur,Terrestre,Estándar,1136.4,6,8.84,6,5.26,Alta,Martes,Alta,0
ORD-10005,2025-06-08,Cusco,Sierra Sur,Terrestre,Estándar,1067.75,6,8.17,5,8.29,Media,Domingo,Alta,0
ORD-10006,2025-11-10,Apurímac,Sierra Sur,Terrestre,Estándar,912.93,4,5.22,2,2.27,Baja,Lunes,Alta,0
ORD-10007,2025-02-01,San Martín,Selva Norte,Terrestre,Estándar,1242.57,6,5.26,5,6.06,Media,Sábado,Media,1
ORD-10008,2025-09-12,San Martín,Selva Norte,Terrestre,Estándar,1181.34,6,5.86,5,6.56,Media,Viernes,Baja,0
ORD-10009,2025-03-15,Lima,Lima y Callao,Terrestre,Mismo Día,98.01,1,12.4,9,16.53,Alta,Sábado,Alta,0
ORD-10010,2025-02-04,Lima,Lima y Callao,Terrestre,Estándar,94.0,3,6.86,5,5.0,Media,Martes,Alta,0
ORD-10011,2025-07-12,Lambayeque,Costa Norte,Terrestre,Estándar,793.65,6,7.56,6,3.65,Baja,Sábado,Media,0
ORD-10012,2025-12-23,La Libertad,Costa Norte,Terrestre,Express,617.28,3,6.57,3,2.41,Baja,Martes,Media,0
ORD-10013,2025-09-26,Arequipa,Costa Sur,Terrestre,Express,939.47,3,5.56,3,6.36,Baja,Viernes,Alta,1
ORD-10014,2025-10-05,Arequipa,Costa Sur,Terrestre,Express,1045.42,3,6.73,5,6.82,Media,Domingo,Media,1
ORD-10015,2025-09-19,Callao,Lima y Callao,Terrestre,Express,49.58,2,4.03,1,1.19,Media,Viernes,Alta,1
ORD-10016,2025-10-14,Pasco,Sierra Centro,Terrestre,Express,343.65,2,10.09,9,10.92,Media,Martes,Media,0
ORD-10017,2025-07-07,Ayacucho,Sierra Sur,Terrestre,Estándar,681.45,5,8.51,6,6.48,Media,Lunes,Media,0
ORD-10018,2025-02-16,Callao,Lima y Callao,Terrestre,Express,47.31,2,5.9,3,5.2,Media,Domingo,Media,1
ORD-10019,2025-11-03,Lima,Lima y Callao,Terrestre,Express,73.3,2,5.59,4,5.59,Baja,Lunes,Media,0
ORD-10020,2025-06-14,Callao,Lima y Callao,Terrestre,Mismo Día,11.82,1,4.23,3,3.55,Baja,Sábado,Alta,0
ORD-10021,2025-07-02,Cajamarca,Sierra Norte,Terrestre,Estándar,797.29,6,6.63,3,5.3,Media,Miércoles,Alta,1
ORD-10022,2025-05-16,Lima,Lima y Callao,Terrestre,Estándar,72.27,3,10.38,7,13.94,Media,Viernes,Alta,0
ORD-10023,2025-03-08,Junín,Sierra Centro,Terrestre,Express,360.36,2,1.63,3,2.21,Alta,Sábado,Media,0
ORD-10024,2025-12-05,Lima,Lima y Callao,Terrestre,Express,51.33,2,7.83,6,4.74,Baja,Viernes,Media,0
ORD-10025,2025-10-13,Puno,Sierra Sur,Terrestre,Estándar,1298.7,8,11.01,7,23.75,Media,Lunes,Media,1
ORD-10026,2025-08-24,Cajamarca,Sierra Norte,Aéreo,Express,843.28,3,5.56,4,6.59,Baja,Domingo,Media,0
ORD-10027,2025-05-27,Puno,Sierra Sur,Terrestre,Estándar,1425.12,7,9.65,6,15.01,Media,Martes,Alta,1
ORD-10028,2025-10-28,Puno,Sierra Sur,Aéreo,Estándar,1422.52,7,6.89,4,7.06,Baja,Martes,Alta,1
ORD-10029,2025-07-19,Moquegua,Costa Sur,Terrestre,Estándar,1130.21,7,9.31,5,6.78,Media,Sábado,Alta,1
ORD-10030,2025-06-11,Lima,Lima y Callao,Terrestre,Estándar,52.09,3,4.99,6,2.68,Baja,Miércoles,Baja,0
ORD-10031,2025-06-14,Lima,Lima y Callao,Terrestre,Estándar,42.77,3,8.58,5,3.45,Baja,Sábado,Alta,0
ORD-10032,2025-03-24,Lima,Lima y Callao,Terrestre,Express,38.48,2,5.15,3,4.9,Media,Lunes,Media,0
ORD-10033,2025-02-03,Lima,Lima y Callao,Terrestre,Express,75.94,2,5.47,4,3.56,Media,Lunes,Media,1
ORD-10034,2025-07-22,Áncash,Costa Norte,Terrestre,Estándar,334.58,4,4.38,1,1.14,Media,Martes,Alta,0
ORD-10035,2025-11-21,Tacna,Costa Sur,Terrestre,Estándar,1293.58,7,7.3,5,8.74,Media,Viernes,Media,0
ORD-10036,2025-01-24,Lima,Lima y Callao,Terrestre,Estándar,153.86,3,4.33,2,2.46,Alta,Viernes,Media,0
ORD-10037,2025-11-10,Lima,Lima y Callao,Terrestre,Estándar,86.47,4,11.63,9,12.73,Baja,Lunes,Media,1
ORD-10038,2025-10-30,Junín,Sierra Centro,Terrestre,Express,419.82,2,4.29,3,6.36,Media,Jueves,Baja,0
ORD-10039,2025-04-12,Áncash,Costa Norte,Terrestre,Express,358.25,2,10.01,7,15.72,Alta,Sábado,Media,0
ORD-10040,2025-08-19,Lima,Lima y Callao,Terrestre,Mismo Día,63.72,1,2.49,2,2.69,Media,Martes,Baja,0
ORD-10041,2025-03-02,Lima,Lima y Callao,Terrestre,Estándar,149.19,4,10.6,8,16.98,Media,Domingo,Media,0
ORD-10042,2025-10-04,La Libertad,Costa Norte,Aéreo,Express,600.27,3,4.14,3,2.6,Media,Sábado,Media,0
ORD-10043,2025-09-13,Ica,Costa Sur,Terrestre,Estándar,307.75,3,7.12,6,7.93,Baja,Sábado,Media,0
ORD-10044,2025-05-10,Cusco,Sierra Sur,Terrestre,Estándar,1208.82,6,5.55,3,5.24,Media,Sábado,Media,0
ORD-10045,2025-01-25,Lima,Lima y Callao,Terrestre,Estándar,90.67,4,5.09,4,4.63,Media,Sábado,Media,0
ORD-10046,2025-12-21,Junín,Sierra Centro,Terrestre,Estándar,339.53,5,7.37,5,5.45,Media,Domingo,Alta,1
ORD-10047,2025-06-12,Tumbes,Costa Norte,Terrestre,Express,1269.74,4,5.26,5,3.72,Alta,Jueves,Media,0
ORD-10048,2025-11-22,Cajamarca,Sierra Norte,Terrestre,Estándar,795.45,5,9.57,7,8.57,Baja,Sábado,Alta,0
ORD-10049,2025-09-05,Ica,Costa Sur,Terrestre,Estándar,254.76,3,2.9,1,1.02,Baja,Viernes,Media,0
ORD-10050,2025-10-12,Huánuco,Sierra Centro,Terrestre,Estándar,363.72,4,5.2,3,3.7,Media,Domingo,Alta,0
ORD-10051,2025-10-05,Lima,Lima y Callao,Terrestre,Estándar,134.65,2,7.56,4,5.14,Media,Domingo,Alta,0
ORD-10052,2025-03-13,Lima,Lima y Callao,Terrestre,Estándar,103.59,3,3.47,2,3.48,Media,Jueves,Media,0
ORD-10053,2025-05-13,Lima,Lima y Callao,Terrestre,Estándar,66.95,2,5.33,3,2.32,Media,Martes,Media,0
ORD-10054,2025-06-20,San Martín,Selva Norte,Multimodal,Estándar,1021.91,7,5.37,4,5.52,Media,Viernes,Media,0
ORD-10055,2025-07-01,Huancavelica,Sierra Centro,Terrestre,Express,542.82,2,9.83,6,9.19,Alta,Martes,Alta,0
ORD-10056,2025-01-16,Lima,Lima y Callao,Terrestre,Estándar,142.19,4,8.62,7,8.38,Media,Jueves,Media,0
ORD-10057,2025-07-19,Áncash,Costa Norte,Terrestre,Estándar,388.61,4,8.97,6,8.75,Baja,Sábado,Media,0
ORD-10058,2025-02-26,Cusco,Sierra Sur,Terrestre,Estándar,1028.62,5,7.71,6,8.3,Media,Miércoles,Media,0
ORD-10059,2025-09-29,Lambayeque,Costa Norte,Aéreo,Estándar,827.66,5,8.45,8,3.26,Media,Lunes,Baja,0
ORD-10060,2025-09-07,Áncash,Costa Norte,Terrestre,Estándar,487.83,4,5.43,3,2.67,Baja,Domingo,Alta,0
ORD-10061,2025-12-03,Lima,Lima y Callao,Terrestre,Express,140.92,2,6.37,3,9.23,Baja,Miércoles,Alta,0
ORD-10062,2025-09-29,Lima,Lima y Callao,Terrestre,Express,66.41,2,4.55,3,4.74,Media,Lunes,Media,0
ORD-10063,2025-05-14,Lima,Lima y Callao,Terrestre,Mismo Día,44.34,1,6.36,5,4.51,Media,Miércoles,Media,0
ORD-10064,2025-12-20,Lima,Lima y Callao,Terrestre,Estándar,80.27,4,7.84,4,5.99,Alta,Sábado,Alta,0
ORD-10065,2025-05-30,Lima,Lima y Callao,Terrestre,Express,66.68,2,0.9,1,1.59,Media,Viernes,Baja,0
ORD-10066,2025-04-29,La Libertad,Costa Norte,Terrestre,Express,668.09,3,10.78,7,16.49,Baja,Martes,Alta,0
ORD-10067,2025-11-27,Áncash,Costa Norte,Terrestre,Estándar,331.01,5,3.38,2,2.32,Media,Jueves,Media,0
ORD-10068,2025-05-16,Arequipa,Costa Sur,Terrestre,Estándar,1034.8,6,7.28,6,5.49,Media,Viernes,Alta,0
ORD-10069,2025-01-28,Lima,Lima y Callao,Terrestre,Estándar,139.18,3,5.71,5,4.94,Alta,Martes,Media,0
ORD-10070,2025-06-21,Ucayali,Selva Centro-Sur,Terrestre,Estándar,1053.47,6,9.09,7,6.61,Media,Sábado,Alta,1
ORD-10071,2025-10-18,Áncash,Costa Norte,Terrestre,Estándar,437.38,3,2.69,2,1.87,Media,Sábado,Media,0
ORD-10072,2025-03-11,Lima,Lima y Callao,Terrestre,Express,150.18,2,7.84,6,7.7,Alta,Martes,Alta,0
ORD-10073,2025-06-18,Lima,Lima y Callao,Terrestre,Express,36.2,2,7.23,6,6.03,Media,Miércoles,Media,0
ORD-10074,2025-02-17,Moquegua,Costa Sur,Terrestre,Express,1127.69,4,4.95,3,3.68,Baja,Lunes,Alta,0
ORD-10075,2025-09-08,Lima,Lima y Callao,Terrestre,Express,15.59,2,4.61,3,8.08,Media,Lunes,Media,0
ORD-10076,2025-06-23,Lima,Lima y Callao,Terrestre,Estándar,161.72,2,7.45,5,4.09,Media,Lunes,Media,0
ORD-10077,2025-05-01,Lima,Lima y Callao,Terrestre,Express,138.43,2,4.94,4,5.71,Media,Jueves,Media,0
ORD-10078,2025-03-24,Piura,Costa Norte,Terrestre,Estándar,877.14,5,5.34,8,6.05,Alta,Lunes,Baja,0
ORD-10079,2025-07-26,Arequipa,Costa Sur,Terrestre,Express,921.82,3,9.47,9,16.04,Baja,Sábado,Baja,1
ORD-10080,2025-09-02,Puno,Sierra Sur,Terrestre,Estándar,1337.41,7,11.78,10,19.28,Media,Martes,Alta,1
ORD-10081,2025-12-10,Áncash,Costa Norte,Terrestre,Estándar,382.38,4,6.94,4,3.6,Baja,Miércoles,Media,1
ORD-10082,2025-06-09,Pasco,Sierra Centro,Terrestre,Estándar,390.41,4,6.25,4,3.92,Baja,Lunes,Alta,0
ORD-10083,2025-02-28,Arequipa,Costa Sur,Terrestre,Estándar,964.91,6,4.64,4,6.27,Media,Viernes,Media,0
ORD-10084,2025-10-31,Callao,Lima y Callao,Terrestre,Mismo Día,53.87,1,6.05,3,3.28,Media,Viernes,Alta,1
ORD-10085,2025-08-18,Amazonas,Selva Norte,Terrestre,Estándar,1121.25,6,12.2,7,15.14,Media,Lunes,Alta,1
ORD-10086,2025-09-13,Lambayeque,Costa Norte,Terrestre,Estándar,771.66,5,4.39,5,3.49,Media,Sábado,Baja,0
ORD-10087,2025-02-05,Ica,Costa Sur,Terrestre,Estándar,259.58,4,6.32,3,6.23,Baja,Miércoles,Media,0
ORD-10088,2025-04-25,Cajamarca,Sierra Norte,Terrestre,Express,1039.02,3,9.45,6,19.0,Media,Viernes,Media,0
ORD-10089,2025-10-08,Lambayeque,Costa Norte,Aéreo,Express,795.27,3,4.88,3,4.54,Media,Miércoles,Alta,0
ORD-10090,2025-10-31,La Libertad,Costa Norte,Terrestre,Estándar,605.95,4,10.42,9,8.18,Media,Viernes,Media,0
ORD-10091,2025-06-08,Lima,Lima y Callao,Terrestre,Express,74.09,2,6.36,5,4.27,Media,Domingo,Alta,0
ORD-10092,2025-10-21,Piura,Costa Norte,Terrestre,Estándar,1041.54,6,3.79,3,3.45,Alta,Martes,Media,0
ORD-10093,2025-11-04,Lima,Lima y Callao,Terrestre,Express,123.64,2,10.06,7,11.52,Media,Martes,Media,0
ORD-10094,2025-05-22,Arequipa,Costa Sur,Terrestre,Estándar,1067.27,5,5.46,5,3.46,Media,Jueves,Media,0
ORD-10095,2025-11-24,Huánuco,Sierra Centro,Terrestre,Estándar,482.05,3,7.28,7,7.78,Media,Lunes,Baja,0
ORD-10096,2025-04-16,Puno,Sierra Sur,Terrestre,Estándar,1460.78,7,5.8,5,5.92,Media,Miércoles,Media,0
ORD-10097,2025-03-29,Arequipa,Costa Sur,Terrestre,Estándar,988.63,7,3.74,3,7.38,Alta,Sábado,Baja,1
ORD-10098,2025-09-07,La Libertad,Costa Norte,Terrestre,Express,637.09,3,7.01,5,13.14,Media,Domingo,Baja,0
ORD-10099,2025-08-21,San Martín,Selva Norte,Terrestre,Express,1064.86,3,4.71,3,3.58,Media,Jueves,Media,1
ORD-10100,2025-02-21,San Martín,Selva Norte,Terrestre,Express,1107.33,4,7.56,8,5.87,Media,Viernes,Media,0
ORD-10101,2025-10-31,La Libertad,Costa Norte,Terrestre,Estándar,713.45,5,6.58,5,6.23,Media,Viernes,Media,0
ORD-10102,2025-03-14,Lima,Lima y Callao,Terrestre,Estándar,163.42,4,7.37,6,7.68,Alta,Viernes,Media,0
ORD-10103,2025-10-21,Lambayeque,Costa Norte,Terrestre,Express,784.3,3,7.5,6,12.04,Alta,Martes,Baja,0
ORD-10104,2025-01-03,Lima,Lima y Callao,Terrestre,Express,93.0,2,7.2,7,7.01,Baja,Viernes,Media,0
ORD-10105,2025-10-18,Áncash,Costa Norte,Terrestre,Estándar,488.99,4,4.44,4,3.05,Baja,Sábado,Media,0
ORD-10106,2025-10-15,Ayacucho,Sierra Sur,Aéreo,Estándar,727.18,5,6.33,5,5.9,Media,Miércoles,Media,0
ORD-10107,2025-10-12,Lima,Lima y Callao,Terrestre,Estándar,117.29,2,3.15,4,4.38,Media,Domingo,Baja,0
ORD-10108,2025-08-31,Callao,Lima y Callao,Terrestre,Express,17.41,2,8.07,3,3.4,Alta,Domingo,Alta,0
ORD-10109,2025-06-22,Lima,Lima y Callao,Terrestre,Express,69.42,2,2.07,3,3.19,Media,Domingo,Media,0
ORD-10110,2025-09-15,Junín,Sierra Centro,Terrestre,Estándar,438.77,4,4.26,4,2.98,Alta,Lunes,Media,0
ORD-10111,2025-04-12,Piura,Costa Norte,Terrestre,Estándar,1008.36,6,8.31,5,8.02,Media,Sábado,Alta,0
ORD-10112,2025-10-12,Madre de Dios,Selva Centro-Sur,Multimodal,Estándar,1306.67,8,5.95,4,5.47,Baja,Domingo,Media,1
ORD-10113,2025-07-22,Lima,Lima y Callao,Terrestre,Express,103.2,2,6.22,4,3.81,Baja,Martes,Alta,0
ORD-10114,2025-06-17,Lima,Lima y Callao,Terrestre,Express,78.08,2,5.18,5,8.46,Media,Martes,Baja,0
ORD-10115,2025-07-04,Cusco,Sierra Sur,Terrestre,Estándar,1044.04,6,5.97,5,2.83,Baja,Viernes,Media,0
ORD-10116,2025-07-27,Lima,Lima y Callao,Terrestre,Estándar,121.74,3,5.07,3,3.25,Media,Domingo,Alta,0
ORD-10117,2025-01-14,Callao,Lima y Callao,Terrestre,Express,31.34,2,3.43,3,4.23,Media,Martes,Media,0
ORD-10118,2025-02-21,Piura,Costa Norte,Terrestre,Estándar,993.11,5,9.09,5,9.98,Media,Viernes,Alta,1
ORD-10119,2025-03-31,Madre de Dios,Selva Centro-Sur,Terrestre,Express,1300.75,4,6.99,4,3.87,Baja,Lunes,Alta,1
ORD-10120,2025-02-11,Puno,Sierra Sur,Terrestre,Estándar,1444.91,7,7.02,5,10.04,Alta,Martes,Media,1
ORD-10121,2025-06-10,Piura,Costa Norte,Terrestre,Express,941.64,3,5.51,4,3.48,Media,Martes,Media,0
ORD-10122,2025-09-01,Tacna,Costa Sur,Aéreo,Estándar,1353.27,7,5.87,5,8.7,Media,Lunes,Baja,0
ORD-10123,2025-08-27,Callao,Lima y Callao,Terrestre,Mismo Día,20.86,1,10.38,8,19.57,Media,Miércoles,Media,0
ORD-10124,2025-06-21,San Martín,Selva Norte,Terrestre,Estándar,996.32,6,3.05,3,2.48,Media,Sábado,Media,0
ORD-10125,2025-11-09,Lima,Lima y Callao,Terrestre,Estándar,78.27,4,5.71,3,4.52,Alta,Domingo,Media,0
ORD-10126,2025-07-26,La Libertad,Costa Norte,Terrestre,Estándar,550.46,5,3.73,2,3.32,Media,Sábado,Media,0
ORD-10127,2025-01-29,Lima,Lima y Callao,Terrestre,Express,149.52,2,3.92,2,1.55,Media,Miércoles,Media,0
ORD-10128,2025-10-07,Ica,Costa Sur,Terrestre,Express,341.83,2,6.56,4,6.02,Baja,Martes,Alta,0
ORD-10129,2025-07-29,Huancavelica,Sierra Centro,Terrestre,Express,435.84,2,9.65,6,5.67,Baja,Martes,Alta,1
ORD-10130,2025-08-20,Cusco,Sierra Sur,Terrestre,Express,1142.82,4,4.76,5,4.04,Media,Miércoles,Media,0
ORD-10131,2025-07-26,Arequipa,Costa Sur,Terrestre,Estándar,1016.57,6,10.8,10,9.47,Media,Sábado,Alta,1
ORD-10132,2025-07-22,Lima,Lima y Callao,Terrestre,Estándar,107.24,4,5.56,2,2.17,Media,Martes,Alta,0
ORD-10133,2025-02-03,Piura,Costa Norte,Terrestre,Estándar,1035.98,7,9.28,8,13.48,Alta,Lunes,Media,0
ORD-10134,2025-07-24,Lima,Lima y Callao,Terrestre,Estándar,93.32,3,5.97,4,4.88,Media,Jueves,Media,0
ORD-10135,2025-10-18,Lima,Lima y Callao,Terrestre,Estándar,43.68,3,8.56,5,16.76,Baja,Sábado,Media,1
ORD-10136,2025-04-21,La Libertad,Costa Norte,Terrestre,Estándar,526.58,4,6.99,7,6.93,Media,Lunes,Media,0
ORD-10137,2025-08-09,Lambayeque,Costa Norte,Terrestre,Estándar,782.77,5,4.35,3,4.75,Baja,Sábado,Media,1
ORD-10138,2025-01-12,Callao,Lima y Callao,Terrestre,Express,67.13,2,8.28,10,11.01,Media,Domingo,Media,0
ORD-10139,2025-05-07,Madre de Dios,Selva Centro-Sur,Terrestre,Estándar,1251.06,6,7.3,7,4.89,Media,Miércoles,Baja,1
ORD-10140,2025-06-09,Callao,Lima y Callao,Terrestre,Mismo Día,34.68,1,2.43,1,2.91,Media,Lunes,Media,0
ORD-10141,2025-12-25,Lima,Lima y Callao,Terrestre,Estándar,24.94,3,6.81,3,4.15,Media,Jueves,Alta,0
ORD-10142,2025-03-20,Lima,Lima y Callao,Terrestre,Estándar,141.14,3,3.14,4,3.69,Media,Jueves,Media,0
ORD-10143,2025-04-11,Lima,Lima y Callao,Terrestre,Express,69.87,2,5.57,6,8.5,Media,Viernes,Baja,0
ORD-10144,2025-05-30,Piura,Costa Norte,Terrestre,Estándar,996.55,7,7.47,4,7.88,Baja,Viernes,Alta,1
ORD-10145,2025-12-29,Huánuco,Sierra Centro,Terrestre,Express,494.72,2,9.22,5,4.54,Media,Lunes,Alta,1
ORD-10146,2025-11-08,Piura,Costa Norte,Terrestre,Estándar,931.64,6,7.12,6,7.57,Alta,Sábado,Baja,0
ORD-10147,2025-01-13,Lima,Lima y Callao,Terrestre,Express,33.64,2,9.87,6,11.96,Baja,Lunes,Alta,0
ORD-10148,2025-03-27,Loreto,Selva Norte,Multimodal,Estándar,1321.7,9,6.66,6,7.93,Media,Jueves,Media,0
ORD-10149,2025-10-27,Lima,Lima y Callao,Terrestre,Express,68.87,2,9.3,8,12.39,Baja,Lunes,Media,0
ORD-10150,2025-01-22,Piura,Costa Norte,Terrestre,Estándar,995.76,6,5.46,3,3.54,Media,Miércoles,Alta,1
ORD-10151,2025-11-09,Ucayali,Selva Centro-Sur,Terrestre,Estándar,970.68,5,6.89,4,2.59,Baja,Domingo,Alta,0
ORD-10152,2025-04-13,La Libertad,Costa Norte,Terrestre,Estándar,581.13,4,8.26,5,5.25,Media,Domingo,Alta,1
ORD-10153,2025-12-01,Loreto,Selva Norte,Aéreo,Estándar,1381.53,6,7.41,5,4.66,Baja,Lunes,Alta,1
ORD-10154,2025-04-18,Lima,Lima y Callao,Terrestre,Express,27.85,2,5.07,5,5.67,Media,Viernes,Baja,0
ORD-10155,2025-06-08,Lambayeque,Costa Norte,Aéreo,Estándar,754.0,4,3.66,4,3.7,Baja,Domingo,Baja,0
ORD-10156,2025-08-30,Puno,Sierra Sur,Terrestre,Estándar,1419.9,7,10.79,9,11.47,Media,Sábado,Alta,0
ORD-10157,2025-02-16,La Libertad,Costa Norte,Terrestre,Estándar,650.77,5,8.98,6,6.25,Baja,Domingo,Alta,0
ORD-10158,2025-07-23,Lima,Lima y Callao,Terrestre,Estándar,116.98,3,6.77,4,7.21,Media,Miércoles,Media,0
ORD-10159,2025-07-04,Arequipa,Costa Sur,Terrestre,Estándar,961.14,6,7.36,5,7.69,Alta,Viernes,Media,0
ORD-10160,2025-10-14,Callao,Lima y Callao,Terrestre,Estándar,41.73,3,5.52,5,4.32,Baja,Martes,Media,0
ORD-10161,2025-12-30,Pasco,Sierra Centro,Terrestre,Express,334.27,2,9.16,7,14.57,Alta,Martes,Media,0
ORD-10162,2025-08-31,La Libertad,Costa Norte,Terrestre,Express,705.95,3,8.41,6,5.41,Media,Domingo,Alta,1
ORD-10163,2025-05-30,La Libertad,Costa Norte,Terrestre,Express,630.41,3,8.46,8,5.88,Media,Viernes,Media,0
ORD-10164,2025-05-29,Cusco,Sierra Sur,Terrestre,Express,1182.15,4,6.72,4,8.16,Media,Jueves,Media,0
ORD-10165,2025-06-02,Lima,Lima y Callao,Terrestre,Express,48.24,2,7.82,6,5.48,Baja,Lunes,Alta,0
ORD-10166,2025-10-25,Loreto,Selva Norte,Aéreo,Estándar,1348.52,8,3.66,4,5.05,Media,Sábado,Baja,0
ORD-10167,2025-04-28,Piura,Costa Norte,Terrestre,Estándar,1009.01,6,5.27,4,2.95,Baja,Lunes,Media,0
ORD-10168,2025-03-02,Arequipa,Costa Sur,Terrestre,Estándar,998.27,5,5.07,4,4.33,Media,Domingo,Baja,1
ORD-10169,2025-05-03,Lima,Lima y Callao,Terrestre,Express,99.21,2,3.34,1,1.49,Media,Sábado,Media,0
ORD-10170,2025-01-09,Lambayeque,Costa Norte,Terrestre,Estándar,784.21,5,3.55,3,3.23,Alta,Jueves,Media,0
ORD-10171,2025-02-08,Lima,Lima y Callao,Terrestre,Express,168.03,2,5.87,3,3.19,Baja,Sábado,Alta,0
ORD-10172,2025-02-02,Lambayeque,Costa Norte,Terrestre,Express,748.64,3,7.04,8,9.84,Alta,Domingo,Media,0
ORD-10173,2025-10-09,La Libertad,Costa Norte,Terrestre,Estándar,681.27,5,6.96,4,7.52,Baja,Jueves,Media,0
ORD-10174,2025-09-21,Lambayeque,Costa Norte,Aéreo,Express,773.92,3,5.05,4,3.73,Media,Domingo,Media,0
ORD-10175,2025-09-12,Lima,Lima y Callao,Terrestre,Express,82.79,2,3.74,4,1.91,Media,Viernes,Baja,0
ORD-10176,2025-06-18,Lima,Lima y Callao,Terrestre,Estándar,88.49,4,6.27,3,6.32,Baja,Miércoles,Media,0
ORD-10177,2025-09-19,Lambayeque,Costa Norte,Terrestre,Estándar,760.09,5,6.84,7,6.58,Baja,Viernes,Media,0
ORD-10178,2025-02-28,Madre de Dios,Selva Centro-Sur,Terrestre,Estándar,1427.41,7,6.55,6,5.28,Media,Viernes,Media,0
ORD-10179,2025-11-25,Lima,Lima y Callao,Terrestre,Estándar,140.35,3,8.57,7,6.42,Baja,Martes,Alta,0
ORD-10180,2025-07-02,Ica,Costa Sur,Terrestre,Estándar,359.94,4,5.54,6,4.1,Media,Miércoles,Media,0
ORD-10181,2025-12-09,Loreto,Selva Norte,Aéreo,Estándar,1766.18,8,5.59,2,2.04,Alta,Martes,Alta,1
ORD-10182,2025-02-25,Piura,Costa Norte,Terrestre,Estándar,990.59,7,6.66,4,4.57,Media,Martes,Alta,0
ORD-10183,2025-07-01,Cajamarca,Sierra Norte,Terrestre,Express,880.82,3,5.68,4,6.1,Baja,Martes,Alta,1
ORD-10184,2025-09-12,Lima,Lima y Callao,Terrestre,Express,128.51,2,6.46,5,5.17,Baja,Viernes,Media,0
ORD-10185,2025-06-30,Huancavelica,Sierra Centro,Terrestre,Express,425.0,2,6.43,5,2.15,Baja,Lunes,Alta,0
ORD-10186,2025-06-12,Lima,Lima y Callao,Terrestre,Mismo Día,125.77,1,3.91,2,1.72,Media,Jueves,Media,0
ORD-10187,2025-03-02,Cusco,Sierra Sur,Terrestre,Estándar,1061.01,6,7.22,5,10.1,Media,Domingo,Media,1
ORD-10188,2025-05-20,Lima,Lima y Callao,Terrestre,Estándar,103.81,2,9.41,7,5.9,Baja,Martes,Alta,0
ORD-10189,2025-03-29,Cusco,Sierra Sur,Aéreo,Express,1038.73,3,7.9,4,6.43,Baja,Sábado,Alta,1
ORD-10190,2025-04-21,Lima,Lima y Callao,Terrestre,Express,73.86,2,5.85,5,4.5,Media,Lunes,Media,0
ORD-10191,2025-09-07,San Martín,Selva Norte,Terrestre,Express,946.17,3,7.6,6,10.56,Media,Domingo,Baja,1
ORD-10192,2025-08-19,Junín,Sierra Centro,Terrestre,Estándar,355.47,3,5.97,4,5.01,Media,Martes,Media,0
ORD-10193,2025-08-10,Piura,Costa Norte,Terrestre,Estándar,953.53,5,4.32,5,3.03,Alta,Domingo,Media,0
ORD-10194,2025-05-13,Ucayali,Selva Centro-Sur,Multimodal,Estándar,822.91,6,3.85,2,1.63,Baja,Martes,Alta,0
ORD-10195,2025-12-17,Piura,Costa Norte,Terrestre,Express,930.57,3,6.53,5,3.27,Media,Miércoles,Alta,1
ORD-10196,2025-02-01,Cajamarca,Sierra Norte,Terrestre,Estándar,902.66,5,7.35,5,9.11,Alta,Sábado,Media,0
ORD-10197,2025-05-06,Madre de Dios,Selva Centro-Sur,Aéreo,Estándar,1182.66,6,3.25,4,3.05,Media,Martes,Baja,0
ORD-10198,2025-02-13,Áncash,Costa Norte,Terrestre,Estándar,471.56,4,3.19,5,5.08,Media,Jueves,Baja,0
ORD-10199,2025-05-04,La Libertad,Costa Norte,Terrestre,Express,563.26,3,4.26,4,4.59,Media,Domingo,Media,0
ORD-10200,2025-12-18,Piura,Costa Norte,Terrestre,Estándar,976.26,7,3.96,2,3.22,Media,Jueves,Media,0
ORD-10201,2025-05-14,Lima,Lima y Callao,Terrestre,Estándar,50.37,3,10.76,9,8.73,Media,Miércoles,Alta,0
ORD-10202,2025-11-28,Lima,Lima y Callao,Terrestre,Estándar,88.46,3,7.8,6,3.65,Media,Viernes,Media,0
ORD-10203,2025-06-30,La Libertad,Costa Norte,Terrestre,Estándar,618.11,4,9.88,8,5.76,Media,Lunes,Alta,0
ORD-10204,2025-09-13,Loreto,Selva Norte,Aéreo,Estándar,1435.61,6,4.75,5,3.74,Media,Sábado,Baja,0
ORD-10205,2025-06-16,Lima,Lima y Callao,Terrestre,Estándar,79.15,3,2.14,3,1.25,Media,Lunes,Baja,0
ORD-10206,2025-04-08,Lambayeque,Costa Norte,Terrestre,Estándar,783.99,5,6.04,5,7.49,Alta,Martes,Alta,0
ORD-10207,2025-10-06,Piura,Costa Norte,Terrestre,Express,918.92,3,8.23,6,8.81,Baja,Lunes,Alta,1
ORD-10208,2025-12-20,Callao,Lima y Callao,Terrestre,Express,38.14,2,8.73,7,5.05,Baja,Sábado,Alta,0
ORD-10209,2025-04-07,Cajamarca,Sierra Norte,Terrestre,Estándar,868.75,6,8.31,6,12.69,Media,Lunes,Media,0
ORD-10210,2025-10-12,Lima,Lima y Callao,Terrestre,Estándar,102.99,3,5.09,3,3.69,Baja,Domingo,Media,0
ORD-10211,2025-04-06,Tumbes,Costa Norte,Terrestre,Estándar,1256.86,6,7.34,5,9.04,Media,Domingo,Media,0
ORD-10212,2025-09-19,Cusco,Sierra Sur,Terrestre,Estándar,1124.79,6,2.92,2,3.68,Baja,Viernes,Baja,0
ORD-10213,2025-10-15,Cusco,Sierra Sur,Terrestre,Estándar,1048.05,6,5.61,6,6.95,Media,Miércoles,Baja,1
ORD-10214,2025-06-14,Ayacucho,Sierra Sur,Terrestre,Estándar,578.67,4,2.51,3,1.53,Media,Sábado,Media,0
ORD-10215,2025-09-26,Piura,Costa Norte,Terrestre,Estándar,934.76,4,8.64,7,9.19,Baja,Viernes,Alta,0
ORD-10216,2025-04-10,Callao,Lima y Callao,Terrestre,Estándar,15.34,2,6.91,5,7.41,Baja,Jueves,Alta,1
ORD-10217,2025-01-29,Lima,Lima y Callao,Terrestre,Estándar,89.6,3,6.39,3,3.11,Media,Miércoles,Media,0
ORD-10218,2025-02-05,Ucayali,Selva Centro-Sur,Terrestre,Express,974.72,3,5.21,3,4.08,Media,Miércoles,Baja,0
ORD-10219,2025-06-13,Áncash,Costa Norte,Terrestre,Estándar,458.51,4,4.97,5,6.02,Media,Viernes,Media,0
ORD-10220,2025-11-26,Lima,Lima y Callao,Terrestre,Mismo Día,80.07,1,7.94,5,4.2,Baja,Miércoles,Alta,0
ORD-10221,2025-02-16,Lima,Lima y Callao,Terrestre,Estándar,55.23,4,7.03,6,6.85,Baja,Domingo,Alta,1
ORD-10222,2025-06-16,Loreto,Selva Norte,Multimodal,Estándar,1574.89,9,4.25,4,3.91,Baja,Lunes,Baja,1
ORD-10223,2025-09-14,Junín,Sierra Centro,Aéreo,Express,288.61,2,6.3,4,5.61,Baja,Domingo,Alta,1
ORD-10224,2025-03-15,La Libertad,Costa Norte,Aéreo,Estándar,601.9,4,7.85,6,6.0,Alta,Sábado,Alta,0
ORD-10225,2025-09-21,Cajamarca,Sierra Norte,Terrestre,Estándar,963.49,6,5.79,4,3.64,Baja,Domingo,Media,0
ORD-10226,2025-04-22,Lima,Lima y Callao,Terrestre,Express,76.11,2,4.03,4,2.49,Baja,Martes,Baja,0
ORD-10227,2025-10-23,Lima,Lima y Callao,Terrestre,Estándar,43.94,3,5.23,1,3.59,Alta,Jueves,Alta,0
ORD-10228,2025-07-31,Ayacucho,Sierra Sur,Terrestre,Express,583.55,3,9.04,6,5.98,Media,Jueves,Alta,0
ORD-10229,2025-07-19,La Libertad,Costa Norte,Terrestre,Express,623.67,3,6.78,5,3.34,Media,Sábado,Alta,0
ORD-10230,2025-03-06,Piura,Costa Norte,Terrestre,Estándar,913.17,5,5.48,5,8.3,Media,Jueves,Media,0
ORD-10231,2025-06-19,Amazonas,Selva Norte,Terrestre,Express,1148.68,4,5.91,5,6.51,Alta,Jueves,Media,0
ORD-10232,2025-11-09,Huánuco,Sierra Centro,Terrestre,Estándar,457.29,3,6.29,3,4.6,Baja,Domingo,Alta,1
ORD-10233,2025-01-08,Lima,Lima y Callao,Terrestre,Estándar,70.58,3,3.23,2,3.4,Baja,Miércoles,Media,0
ORD-10234,2025-10-04,Ica,Costa Sur,Terrestre,Estándar,270.9,4,6.32,5,9.67,Alta,Sábado,Media,0
ORD-10235,2025-06-29,Cusco,Sierra Sur,Terrestre,Estándar,1137.96,6,5.57,5,3.81,Media,Domingo,Media,0
ORD-10236,2025-09-20,Lambayeque,Costa Norte,Aéreo,Estándar,773.47,5,10.39,7,8.97,Alta,Sábado,Alta,0
ORD-10237,2025-08-31,Callao,Lima y Callao,Terrestre,Estándar,50.79,3,3.3,6,3.37,Media,Domingo,Baja,0
ORD-10238,2025-06-07,Lima,Lima y Callao,Terrestre,Estándar,80.3,3,5.69,6,6.51,Alta,Sábado,Media,0
ORD-10239,2025-04-23,Lima,Lima y Callao,Terrestre,Estándar,39.38,2,4.91,3,5.21,Media,Miércoles,Media,0
ORD-10240,2025-08-17,Lima,Lima y Callao,Terrestre,Estándar,80.31,3,7.0,9,6.93,Media,Domingo,Media,0
ORD-10241,2025-02-21,Arequipa,Costa Sur,Terrestre,Estándar,1016.41,6,4.58,3,9.86,Alta,Viernes,Media,0
ORD-10242,2025-08-02,Piura,Costa Norte,Terrestre,Estándar,959.81,5,6.61,2,2.5,Baja,Sábado,Alta,1
ORD-10243,2025-02-04,Cajamarca,Sierra Norte,Aéreo,Estándar,952.06,5,5.75,5,2.81,Baja,Martes,Media,0
ORD-10244,2025-08-26,Lima,Lima y Callao,Terrestre,Express,140.21,2,12.76,10,16.22,Media,Martes,Baja,0
ORD-10245,2025-08-18,Junín,Sierra Centro,Aéreo,Estándar,412.08,4,7.02,5,16.14,Alta,Lunes,Media,0
ORD-10246,2025-01-31,Lima,Lima y Callao,Terrestre,Express,93.91,2,8.34,7,3.36,Baja,Viernes,Media,0
ORD-10247,2025-10-04,Callao,Lima y Callao,Terrestre,Mismo Día,41.32,1,5.41,5,8.0,Alta,Sábado,Media,0
ORD-10248,2025-06-01,Callao,Lima y Callao,Terrestre,Estándar,45.95,3,6.93,4,3.31,Media,Domingo,Alta,0
ORD-10249,2025-10-15,Lima,Lima y Callao,Terrestre,Estándar,65.85,3,5.05,6,7.18,Media,Miércoles,Media,0
ORD-10250,2025-01-16,Áncash,Costa Norte,Terrestre,Express,467.41,2,4.93,4,2.75,Media,Jueves,Media,0
ORD-10251,2025-03-07,Callao,Lima y Callao,Terrestre,Estándar,58.39,4,5.09,4,6.93,Alta,Viernes,Baja,0
ORD-10252,2025-06-30,Lima,Lima y Callao,Terrestre,Estándar,63.63,3,7.13,7,7.31,Baja,Lunes,Media,0
ORD-10253,2025-03-10,Pasco,Sierra Centro,Terrestre,Estándar,402.52,5,6.9,6,12.1,Media,Lunes,Media,1
ORD-10254,2025-05-01,Arequipa,Costa Sur,Terrestre,Express,1075.95,3,2.27,1,0.96,Baja,Jueves,Media,0
ORD-10255,2025-08-30,Piura,Costa Norte,Terrestre,Estándar,955.56,6,7.51,5,5.64,Alta,Sábado,Alta,1
ORD-10256,2025-02-22,Loreto,Selva Norte,Aéreo,Estándar,1616.21,9,2.78,3,1.32,Media,Sábado,Media,0
ORD-10257,2025-09-05,Piura,Costa Norte,Terrestre,Estándar,906.23,6,10.31,5,18.91,Baja,Viernes,Alta,0
ORD-10258,2025-02-07,Lima,Lima y Callao,Terrestre,Express,23.97,2,12.76,9,24.54,Baja,Viernes,Media,1
ORD-10259,2025-03-05,Lima,Lima y Callao,Terrestre,Estándar,71.89,3,4.85,1,3.48,Media,Miércoles,Alta,0
ORD-10260,2025-08-03,Lima,Lima y Callao,Terrestre,Estándar,92.14,3,7.47,5,11.99,Media,Domingo,Alta,0
ORD-10261,2025-10-17,Lima,Lima y Callao,Terrestre,Estándar,72.23,2,3.64,3,2.96,Alta,Viernes,Media,0
ORD-10262,2025-03-04,Puno,Sierra Sur,Terrestre,Estándar,1485.84,7,5.36,4,4.97,Media,Martes,Media,0
ORD-10263,2025-04-20,Arequipa,Costa Sur,Terrestre,Estándar,981.77,7,4.14,3,4.33,Media,Domingo,Media,0
ORD-10264,2025-12-04,Ica,Costa Sur,Terrestre,Estándar,274.99,3,5.97,6,8.24,Media,Jueves,Baja,0
ORD-10265,2025-12-28,Arequipa,Costa Sur,Terrestre,Estándar,1034.95,6,6.17,4,2.92,Media,Domingo,Media,0
ORD-10266,2025-08-01,San Martín,Selva Norte,Terrestre,Estándar,916.11,6,4.08,2,1.65,Baja,Viernes,Media,1
ORD-10267,2025-06-13,Lambayeque,Costa Norte,Terrestre,Express,808.45,3,6.07,5,3.47,Baja,Viernes,Media,0
ORD-10268,2025-05-07,Lima,Lima y Callao,Terrestre,Mismo Día,74.68,1,7.09,7,6.84,Media,Miércoles,Media,0
ORD-10269,2025-08-12,Pasco,Sierra Centro,Terrestre,Estándar,427.28,4,4.74,5,5.08,Media,Martes,Baja,0
ORD-10270,2025-08-04,Ucayali,Selva Centro-Sur,Multimodal,Estándar,930.78,6,8.25,8,7.28,Baja,Lunes,Baja,0
ORD-10271,2025-04-18,Cajamarca,Sierra Norte,Terrestre,Estándar,794.43,4,11.01,8,10.99,Media,Viernes,Alta,0
ORD-10272,2025-01-09,Loreto,Selva Norte,Aéreo,Estándar,1157.79,7,7.31,6,4.39,Baja,Jueves,Media,1
ORD-10273,2025-02-25,Piura,Costa Norte,Terrestre,Estándar,898.11,4,4.89,4,3.31,Media,Martes,Media,0
ORD-10274,2025-12-16,Apurímac,Sierra Sur,Terrestre,Express,991.98,3,5.21,3,2.51,Baja,Martes,Media,0
ORD-10275,2025-06-02,Lima,Lima y Callao,Terrestre,Express,105.09,2,7.68,4,7.29,Media,Lunes,Alta,0
ORD-10276,2025-06-26,Junín,Sierra Centro,Terrestre,Estándar,355.95,4,6.02,2,2.44,Baja,Jueves,Alta,0
ORD-10277,2025-06-20,Lima,Lima y Callao,Terrestre,Mismo Día,55.78,1,1.7,3,4.57,Media,Viernes,Baja,0
ORD-10278,2025-10-13,Lima,Lima y Callao,Terrestre,Express,132.62,2,7.84,6,5.01,Baja,Lunes,Alta,0
ORD-10279,2025-01-24,Cusco,Sierra Sur,Terrestre,Estándar,1001.83,6,10.33,9,10.82,Media,Viernes,Media,0
ORD-10280,2025-01-31,Ayacucho,Sierra Sur,Aéreo,Express,646.88,3,5.17,3,3.06,Media,Viernes,Media,0
ORD-10281,2025-04-11,Arequipa,Costa Sur,Terrestre,Estándar,1057.37,6,4.48,4,3.51,Baja,Viernes,Media,0
ORD-10282,2025-06-27,Arequipa,Costa Sur,Terrestre,Express,987.95,3,5.79,5,7.31,Media,Viernes,Baja,0
ORD-10283,2025-09-02,Lima,Lima y Callao,Terrestre,Estándar,86.22,4,3.07,2,2.02,Media,Martes,Baja,0
ORD-10284,2025-06-29,Junín,Sierra Centro,Terrestre,Estándar,326.51,4,6.67,3,3.4,Media,Domingo,Alta,0
ORD-10285,2025-06-11,Callao,Lima y Callao,Terrestre,Express,34.92,2,5.48,4,4.83,Media,Miércoles,Media,0
ORD-10286,2025-12-09,Lima,Lima y Callao,Terrestre,Express,155.11,2,6.94,4,2.92,Media,Martes,Alta,0
ORD-10287,2025-02-28,Lima,Lima y Callao,Terrestre,Express,106.17,2,6.29,6,5.59,Media,Viernes,Media,0
ORD-10288,2025-07-28,Lima,Lima y Callao,Terrestre,Express,127.8,2,7.95,4,4.09,Media,Lunes,Alta,0
ORD-10289,2025-07-17,San Martín,Selva Norte,Terrestre,Express,1093.52,3,6.71,5,5.44,Media,Jueves,Baja,0
ORD-10290,2025-06-22,La Libertad,Costa Norte,Terrestre,Estándar,583.37,4,5.92,6,3.15,Baja,Domingo,Baja,0
ORD-10291,2025-10-22,Pasco,Sierra Centro,Terrestre,Express,368.38,2,4.82,3,3.12,Media,Miércoles,Media,0
ORD-10292,2025-04-08,Arequipa,Costa Sur,Terrestre,Express,1015.45,3,7.07,6,10.75,Baja,Martes,Baja,0
ORD-10293,2025-12-15,Lima,Lima y Callao,Terrestre,Mismo Día,52.69,1,6.94,4,5.93,Media,Lunes,Alta,0
ORD-10294,2025-05-02,Ucayali,Selva Centro-Sur,Terrestre,Estándar,866.48,5,9.16,11,10.89,Baja,Viernes,Baja,1
ORD-10295,2025-07-18,Piura,Costa Norte,Terrestre,Estándar,984.95,5,9.11,6,4.4,Baja,Viernes,Alta,0
ORD-10296,2025-07-10,Lima,Lima y Callao,Terrestre,Estándar,111.43,3,10.75,7,8.46,Media,Jueves,Alta,0
ORD-10297,2025-11-07,Lima,Lima y Callao,Terrestre,Express,60.93,2,10.05,6,11.1,Alta,Viernes,Alta,0
ORD-10298,2025-06-10,Junín,Sierra Centro,Terrestre,Estándar,432.95,4,7.86,6,14.05,Baja,Martes,Baja,0
ORD-10299,2025-04-14,Lima,Lima y Callao,Terrestre,Express,74.87,2,7.29,5,4.82,Media,Lunes,Alta,0
ORD-10300,2025-01-08,Lima,Lima y Callao,Terrestre,Express,64.06,2,7.92,5,3.96,Media,Miércoles,Alta,1
ORD-10301,2025-05-13,Ucayali,Selva Centro-Sur,Terrestre,Estándar,814.51,5,8.38,5,7.45,Alta,Martes,Alta,0
ORD-10302,2025-10-29,Lima,Lima y Callao,Terrestre,Express,121.02,2,8.65,8,11.15,Media,Miércoles,Media,0
ORD-10303,2025-01-04,Arequipa,Costa Sur,Terrestre,Express,996.42,3,5.62,5,6.21,Baja,Sábado,Baja,0
ORD-10304,2025-11-24,Lima,Lima y Callao,Terrestre,Estándar,84.21,3,6.37,5,4.63,Baja,Lunes,Alta,0
ORD-10305,2025-07-18,Arequipa,Costa Sur,Terrestre,Estándar,976.48,6,9.09,8,5.3,Media,Viernes,Alta,1
ORD-10306,2025-02-21,Cusco,Sierra Sur,Terrestre,Express,1100.66,4,2.24,2,3.62,Baja,Viernes,Media,0
ORD-10307,2025-04-21,Ica,Costa Sur,Terrestre,Estándar,322.98,4,8.31,6,10.46,Alta,Lunes,Alta,0
ORD-10308,2025-07-22,Lima,Lima y Callao,Terrestre,Mismo Día,71.07,1,5.91,5,5.45,Alta,Martes,Media,0
ORD-10309,2025-04-26,Callao,Lima y Callao,Terrestre,Mismo Día,66.61,1,4.7,4,10.21,Alta,Sábado,Media,0
ORD-10310,2025-02-09,Cajamarca,Sierra Norte,Terrestre,Express,784.02,3,5.47,4,5.64,Baja,Domingo,Baja,0
ORD-10311,2025-09-01,Áncash,Costa Norte,Terrestre,Estándar,359.07,4,3.86,4,4.89,Media,Lunes,Baja,0
ORD-10312,2025-09-03,Piura,Costa Norte,Aéreo,Express,977.91,3,3.73,3,2.36,Media,Miércoles,Media,1
ORD-10313,2025-02-13,Lima,Lima y Callao,Terrestre,Estándar,107.17,3,3.93,4,2.66,Baja,Jueves,Media,0
ORD-10314,2025-04-13,Áncash,Costa Norte,Terrestre,Estándar,381.12,5,4.59,4,4.13,Baja,Domingo,Baja,0
ORD-10315,2025-03-31,Áncash,Costa Norte,Terrestre,Estándar,422.86,4,7.49,5,7.17,Baja,Lunes,Media,1
ORD-10316,2025-08-29,Lima,Lima y Callao,Terrestre,Express,68.99,2,10.47,6,20.19,Media,Viernes,Media,0
ORD-10317,2025-09-24,Huancavelica,Sierra Centro,Terrestre,Express,522.86,2,7.25,6,7.41,Alta,Miércoles,Media,0
ORD-10318,2025-09-23,Lima,Lima y Callao,Terrestre,Estándar,102.21,4,5.83,6,9.69,Alta,Martes,Media,0
ORD-10319,2025-12-09,La Libertad,Costa Norte,Terrestre,Estándar,694.88,5,8.32,6,5.12,Baja,Martes,Alta,1
ORD-10320,2025-10-08,Puno,Sierra Sur,Terrestre,Estándar,1353.35,7,6.71,5,6.52,Media,Miércoles,Media,0
ORD-10321,2025-04-28,Huancavelica,Sierra Centro,Terrestre,Express,537.07,2,10.19,7,8.6,Baja,Lunes,Alta,1
ORD-10322,2025-02-09,Lima,Lima y Callao,Terrestre,Estándar,93.43,3,4.48,4,3.53,Baja,Domingo,Baja,0
ORD-10323,2025-08-13,Apurímac,Sierra Sur,Terrestre,Estándar,827.82,6,7.03,2,4.37,Baja,Miércoles,Alta,1
ORD-10324,2025-12-01,Tacna,Costa Sur,Terrestre,Estándar,1281.5,7,6.62,4,5.06,Media,Lunes,Alta,1
ORD-10325,2025-12-22,Ucayali,Selva Centro-Sur,Terrestre,Estándar,1066.45,6,8.08,6,11.96,Media,Lunes,Media,0
ORD-10326,2025-03-26,Lima,Lima y Callao,Terrestre,Express,56.58,2,5.48,4,4.72,Alta,Miércoles,Media,0
ORD-10327,2025-03-28,Lambayeque,Costa Norte,Terrestre,Estándar,817.22,5,6.18,4,4.47,Alta,Viernes,Media,1
ORD-10328,2025-01-14,Callao,Lima y Callao,Terrestre,Mismo Día,23.61,1,8.38,7,5.82,Baja,Martes,Media,0
ORD-10329,2025-02-21,Loreto,Selva Norte,Multimodal,Estándar,1530.51,8,4.63,4,4.11,Media,Viernes,Alta,0
ORD-10330,2025-07-22,Lima,Lima y Callao,Terrestre,Mismo Día,53.88,1,9.19,6,13.59,Baja,Martes,Media,0
ORD-10331,2025-07-19,Callao,Lima y Callao,Terrestre,Mismo Día,69.65,1,10.67,8,6.34,Media,Sábado,Alta,0
ORD-10332,2025-05-16,Lambayeque,Costa Norte,Aéreo,Express,803.18,3,5.51,4,6.7,Media,Viernes,Baja,0
ORD-10333,2025-04-24,Lambayeque,Costa Norte,Terrestre,Express,735.02,3,5.56,4,4.4,Baja,Jueves,Media,0
ORD-10334,2025-10-30,Moquegua,Costa Sur,Terrestre,Estándar,1165.63,6,7.78,5,7.93,Baja,Jueves,Alta,1
ORD-10335,2025-06-17,Lima,Lima y Callao,Terrestre,Estándar,96.09,4,5.37,8,10.45,Baja,Martes,Baja,0
ORD-10336,2025-10-23,Lima,Lima y Callao,Terrestre,Express,70.89,2,6.26,5,3.4,Baja,Jueves,Baja,0
ORD-10337,2025-12-18,Lima,Lima y Callao,Terrestre,Express,62.91,2,7.79,4,5.2,Alta,Jueves,Alta,0
ORD-10338,2025-04-26,Cusco,Sierra Sur,Terrestre,Estándar,1108.64,6,8.99,5,15.81,Baja,Sábado,Alta,0
ORD-10339,2025-03-15,Junín,Sierra Centro,Terrestre,Estándar,403.17,4,3.29,2,2.92,Media,Sábado,Media,0
ORD-10340,2025-12-14,Apurímac,Sierra Sur,Terrestre,Estándar,829.75,5,4.82,3,5.87,Alta,Domingo,Baja,0
ORD-10341,2025-08-20,Lima,Lima y Callao,Terrestre,Estándar,133.11,3,8.42,8,10.74,Media,Miércoles,Baja,0
ORD-10342,2025-04-17,La Libertad,Costa Norte,Terrestre,Estándar,587.2,4,5.47,5,8.56,Media,Jueves,Media,0
ORD-10343,2025-08-15,La Libertad,Costa Norte,Terrestre,Estándar,554.26,5,1.62,2,2.08,Alta,Viernes,Baja,0
ORD-10344,2025-07-07,Cusco,Sierra Sur,Terrestre,Estándar,1081.39,7,6.79,3,3.85,Baja,Lunes,Alta,0
ORD-10345,2025-11-27,Callao,Lima y Callao,Terrestre,Express,20.9,2,9.28,6,10.8,Baja,Jueves,Alta,0
ORD-10346,2025-04-04,Lima,Lima y Callao,Terrestre,Express,64.65,2,3.55,4,4.34,Media,Viernes,Media,0
ORD-10347,2025-12-28,Callao,Lima y Callao,Terrestre,Estándar,39.9,3,12.36,9,17.13,Media,Domingo,Alta,1
ORD-10348,2025-12-08,Arequipa,Costa Sur,Terrestre,Express,986.7,3,5.24,2,1.63,Media,Lunes,Alta,1
ORD-10349,2025-03-07,Lima,Lima y Callao,Terrestre,Express,57.59,2,2.59,1,1.49,Baja,Viernes,Alta,0
ORD-10350,2025-03-02,Junín,Sierra Centro,Terrestre,Estándar,396.27,4,6.28,2,2.85,Media,Domingo,Alta,0
ORD-10351,2025-07-14,Junín,Sierra Centro,Terrestre,Estándar,371.85,4,9.34,4,15.24,Media,Lunes,Media,0
ORD-10352,2025-01-17,La Libertad,Costa Norte,Terrestre,Express,659.03,3,4.97,3,3.13,Alta,Viernes,Media,0
ORD-10353,2025-04-20,Madre de Dios,Selva Centro-Sur,Terrestre,Estándar,1253.59,6,5.45,4,5.63,Baja,Domingo,Media,0
ORD-10354,2025-06-08,Ica,Costa Sur,Aéreo,Express,292.42,2,5.51,5,2.55,Baja,Domingo,Alta,0
ORD-10355,2025-12-20,Lima,Lima y Callao,Terrestre,Express,62.97,2,5.38,5,3.51,Alta,Sábado,Media,0
ORD-10356,2025-12-29,San Martín,Selva Norte,Terrestre,Estándar,1161.09,7,6.64,2,2.74,Media,Lunes,Alta,0
ORD-10357,2025-02-25,Lima,Lima y Callao,Terrestre,Express,55.32,2,1.88,2,2.46,Baja,Martes,Baja,0
ORD-10358,2025-11-22,La Libertad,Costa Norte,Terrestre,Estándar,583.79,4,10.41,8,8.74,Baja,Sábado,Alta,1
ORD-10359,2025-02-03,Lima,Lima y Callao,Terrestre,Mismo Día,126.95,1,5.65,5,5.39,Media,Lunes,Media,0
ORD-10360,2025-10-01,Lambayeque,Costa Norte,Terrestre,Estándar,810.26,4,9.11,9,9.67,Media,Miércoles,Media,0
ORD-10361,2025-11-05,La Libertad,Costa Norte,Terrestre,Express,625.23,3,8.55,7,3.74,Media,Miércoles,Alta,1
ORD-10362,2025-11-22,Lima,Lima y Callao,Terrestre,Express,27.37,2,8.05,7,7.68,Alta,Sábado,Media,0
ORD-10363,2025-03-23,Ica,Costa Sur,Terrestre,Estándar,256.99,3,6.32,6,6.36,Baja,Domingo,Media,0
ORD-10364,2025-11-23,Arequipa,Costa Sur,Terrestre,Express,1015.37,3,5.19,3,5.72,Baja,Domingo,Media,1
ORD-10365,2025-02-12,La Libertad,Costa Norte,Terrestre,Estándar,643.29,6,4.53,3,5.28,Media,Miércoles,Media,0
ORD-10366,2025-07-09,Arequipa,Costa Sur,Terrestre,Estándar,1010.62,7,6.25,7,2.66,Alta,Miércoles,Media,0
ORD-10367,2025-06-21,La Libertad,Costa Norte,Terrestre,Express,537.04,2,5.12,7,6.06,Baja,Sábado,Baja,0
ORD-10368,2025-04-26,Lima,Lima y Callao,Terrestre,Express,53.68,2,7.55,5,13.6,Media,Sábado,Media,0
ORD-10369,2025-01-09,San Martín,Selva Norte,Terrestre,Express,1104.65,4,6.13,5,9.46,Baja,Jueves,Media,0
ORD-10370,2025-10-09,Áncash,Costa Norte,Terrestre,Express,444.72,2,13.24,11,16.11,Baja,Jueves,Alta,1
ORD-10371,2025-05-03,Lima,Lima y Callao,Terrestre,Estándar,25.74,3,1.58,1,0.88,Alta,Sábado,Media,0
ORD-10372,2025-08-30,Lambayeque,Costa Norte,Terrestre,Estándar,724.28,5,4.01,4,6.66,Baja,Sábado,Media,0
ORD-10373,2025-05-30,Áncash,Costa Norte,Terrestre,Estándar,382.82,4,5.89,4,2.62,Baja,Viernes,Media,1
ORD-10374,2025-05-17,Cusco,Sierra Sur,Terrestre,Estándar,965.55,6,6.84,7,6.73,Media,Sábado,Media,0
ORD-10375,2025-11-20,Arequipa,Costa Sur,Terrestre,Estándar,1021.14,7,4.99,5,6.8,Media,Jueves,Media,0
ORD-10376,2025-02-04,Callao,Lima y Callao,Terrestre,Estándar,22.1,4,7.1,6,9.1,Media,Martes,Baja,0
ORD-10377,2025-09-26,Cusco,Sierra Sur,Terrestre,Express,1091.91,3,5.78,6,8.01,Media,Viernes,Baja,1
ORD-10378,2025-09-30,La Libertad,Costa Norte,Terrestre,Express,648.11,3,6.69,4,5.73,Baja,Martes,Alta,0
ORD-10379,2025-05-19,Lima,Lima y Callao,Terrestre,Express,157.12,2,5.37,4,5.19,Media,Lunes,Media,0
ORD-10380,2025-04-06,Amazonas,Selva Norte,Terrestre,Estándar,1272.16,6,9.9,9,9.16,Media,Domingo,Media,0
ORD-10381,2025-01-02,Cajamarca,Sierra Norte,Terrestre,Estándar,851.65,5,4.11,2,4.47,Baja,Jueves,Media,0
ORD-10382,2025-12-08,Arequipa,Costa Sur,Aéreo,Express,927.78,3,12.24,8,21.55,Media,Lunes,Alta,0
ORD-10383,2025-12-12,Lima,Lima y Callao,Terrestre,Estándar,70.09,3,6.32,6,6.61,Media,Viernes,Media,0
ORD-10384,2025-03-29,Ica,Costa Sur,Terrestre,Express,314.21,2,1.97,2,1.71,Alta,Sábado,Media,0
ORD-10385,2025-01-12,Lima,Lima y Callao,Terrestre,Estándar,32.73,3,6.29,6,6.7,Alta,Domingo,Media,0
ORD-10386,2025-02-14,Callao,Lima y Callao,Terrestre,Express,34.15,2,6.39,5,6.42,Alta,Viernes,Media,0
ORD-10387,2025-01-25,Áncash,Costa Norte,Terrestre,Express,388.45,2,6.57,8,4.17,Media,Sábado,Media,1
ORD-10388,2025-10-31,San Martín,Selva Norte,Terrestre,Estándar,1021.41,6,8.7,7,14.96,Baja,Viernes,Media,0
ORD-10389,2025-11-22,Arequipa,Costa Sur,Terrestre,Estándar,1046.79,6,9.39,8,7.23,Alta,Sábado,Alta,0
ORD-10390,2025-02-25,Arequipa,Costa Sur,Terrestre,Estándar,1038.83,5,3.58,3,2.98,Media,Martes,Media,0
ORD-10391,2025-09-30,Ayacucho,Sierra Sur,Terrestre,Estándar,620.24,4,6.09,3,3.32,Media,Martes,Alta,0
ORD-10392,2025-03-07,Ucayali,Selva Centro-Sur,Aéreo,Express,1009.0,3,3.95,3,3.44,Alta,Viernes,Media,1
ORD-10393,2025-05-15,Lima,Lima y Callao,Terrestre,Express,41.42,2,5.25,4,5.23,Baja,Jueves,Baja,0
ORD-10394,2025-08-07,Lima,Lima y Callao,Terrestre,Mismo Día,48.88,1,6.14,5,8.58,Baja,Jueves,Media,0
ORD-10395,2025-09-20,Ucayali,Selva Centro-Sur,Aéreo,Express,860.52,3,8.16,6,12.6,Media,Sábado,Media,1
ORD-10396,2025-11-16,Arequipa,Costa Sur,Aéreo,Estándar,1038.31,6,13.28,10,16.72,Media,Domingo,Alta,1
ORD-10397,2025-01-17,Tumbes,Costa Norte,Terrestre,Estándar,1277.21,6,4.24,3,2.6,Baja,Viernes,Media,0
ORD-10398,2025-03-13,Callao,Lima y Callao,Terrestre,Express,18.23,2,2.92,2,2.37,Media,Jueves,Baja,0
ORD-10399,2025-04-13,Lima,Lima y Callao,Terrestre,Estándar,152.83,3,5.22,5,6.51,Media,Domingo,Baja,0
ORD-10400,2025-04-24,La Libertad,Costa Norte,Terrestre,Estándar,591.59,4,10.84,6,8.66,Media,Jueves,Alta,0
ORD-10401,2025-12-31,Junín,Sierra Centro,Terrestre,Express,347.07,2,6.36,3,4.29,Baja,Miércoles,Media,0
ORD-10402,2025-10-11,San Martín,Selva Norte,Multimodal,Express,1113.11,5,7.87,6,7.73,Media,Sábado,Alta,1
ORD-10403,2025-04-27,Cajamarca,Sierra Norte,Terrestre,Estándar,996.5,6,7.06,6,7.04,Media,Domingo,Baja,0
ORD-10404,2025-12-21,Ucayali,Selva Centro-Sur,Multimodal,Estándar,923.07,6,4.48,1,2.29,Alta,Domingo,Media,0
ORD-10405,2025-07-02,Junín,Sierra Centro,Terrestre,Express,459.51,2,6.81,5,5.65,Baja,Miércoles,Alta,1
ORD-10406,2025-07-02,Lima,Lima y Callao,Terrestre,Express,54.12,2,5.63,5,9.16,Alta,Miércoles,Media,0
ORD-10407,2025-06-08,Tacna,Costa Sur,Terrestre,Express,1332.45,4,7.87,6,10.55,Media,Domingo,Media,1
ORD-10408,2025-02-22,Arequipa,Costa Sur,Terrestre,Estándar,1071.24,5,6.09,4,9.18,Media,Sábado,Media,0
ORD-10409,2025-12-08,Puno,Sierra Sur,Terrestre,Estándar,1363.23,7,4.77,5,6.86,Media,Lunes,Media,0
ORD-10410,2025-01-06,Lima,Lima y Callao,Terrestre,Express,73.25,2,7.59,6,13.45,Baja,Lunes,Baja,1
ORD-10411,2025-03-05,Lima,Lima y Callao,Terrestre,Estándar,163.55,3,4.17,4,4.32,Media,Miércoles,Baja,0
ORD-10412,2025-03-25,Cajamarca,Sierra Norte,Terrestre,Estándar,823.0,5,6.23,4,5.83,Baja,Martes,Alta,0
ORD-10413,2025-04-12,Lima,Lima y Callao,Terrestre,Estándar,77.7,3,6.41,2,3.68,Baja,Sábado,Alta,0
ORD-10414,2025-02-18,Lima,Lima y Callao,Terrestre,Estándar,132.57,3,5.24,6,4.89,Alta,Martes,Baja,0
ORD-10415,2025-01-07,Lambayeque,Costa Norte,Aéreo,Estándar,836.75,5,3.76,4,4.14,Baja,Martes,Baja,0
ORD-10416,2025-09-05,Cajamarca,Sierra Norte,Terrestre,Estándar,1018.0,7,5.68,5,4.61,Alta,Viernes,Media,0
ORD-10417,2025-12-20,Cusco,Sierra Sur,Terrestre,Express,1159.55,4,5.2,3,3.91,Media,Sábado,Alta,1
ORD-10418,2025-02-14,Piura,Costa Norte,Terrestre,Estándar,886.57,4,5.04,5,5.16,Alta,Viernes,Media,0
ORD-10419,2025-04-19,Áncash,Costa Norte,Terrestre,Estándar,499.54,4,4.54,6,7.42,Baja,Sábado,Media,0
ORD-10420,2025-07-04,Lima,Lima y Callao,Terrestre,Express,79.22,2,5.84,2,2.81,Media,Viernes,Alta,0
ORD-10421,2025-12-05,Ucayali,Selva Centro-Sur,Terrestre,Estándar,920.2,5,5.62,3,3.24,Media,Viernes,Media,0
ORD-10422,2025-09-11,Amazonas,Selva Norte,Terrestre,Estándar,1083.12,5,5.11,2,2.85,Alta,Jueves,Alta,1
ORD-10423,2025-10-07,Cajamarca,Sierra Norte,Terrestre,Express,951.38,3,5.08,4,3.79,Baja,Martes,Media,0
ORD-10424,2025-08-01,Lima,Lima y Callao,Terrestre,Express,93.21,2,9.15,8,6.49,Baja,Viernes,Alta,0
ORD-10425,2025-06-02,Arequipa,Costa Sur,Terrestre,Estándar,1075.17,6,8.09,5,3.68,Alta,Lunes,Alta,1
ORD-10426,2025-03-14,Lima,Lima y Callao,Terrestre,Mismo Día,54.92,1,3.65,3,1.54,Baja,Viernes,Media,0
ORD-10427,2025-11-12,Lima,Lima y Callao,Terrestre,Estándar,53.78,3,5.43,4,3.88,Media,Miércoles,Baja,0
ORD-10428,2025-10-21,Lima,Lima y Callao,Terrestre,Estándar,80.3,3,5.21,3,4.69,Baja,Martes,Media,0
ORD-10429,2025-01-10,Junín,Sierra Centro,Terrestre,Express,261.17,2,5.57,6,6.65,Baja,Viernes,Media,0
ORD-10430,2025-09-19,Lima,Lima y Callao,Terrestre,Express,106.14,2,9.14,8,9.49,Media,Viernes,Media,0
ORD-10431,2025-01-31,Lima,Lima y Callao,Terrestre,Express,66.71,2,3.17,4,4.33,Media,Viernes,Baja,0
ORD-10432,2025-09-27,Callao,Lima y Callao,Terrestre,Express,42.0,2,5.1,2,5.87,Media,Sábado,Alta,0
ORD-10433,2025-10-29,Lima,Lima y Callao,Terrestre,Express,35.01,2,4.64,2,2.6,Media,Miércoles,Alta,1
ORD-10434,2025-02-17,Piura,Costa Norte,Terrestre,Estándar,916.93,5,6.54,3,3.0,Media,Lunes,Alta,1
ORD-10435,2025-06-08,Lima,Lima y Callao,Terrestre,Estándar,98.15,3,4.1,4,3.0,Alta,Domingo,Media,0
ORD-10436,2025-02-15,Lambayeque,Costa Norte,Terrestre,Estándar,764.49,5,4.66,3,7.81,Baja,Sábado,Baja,1
ORD-10437,2025-07-27,Ica,Costa Sur,Terrestre,Express,268.05,2,8.27,8,5.38,Media,Domingo,Alta,1
ORD-10438,2025-12-05,Arequipa,Costa Sur,Terrestre,Estándar,977.51,6,11.33,10,8.43,Media,Viernes,Alta,0
ORD-10439,2025-01-30,Cusco,Sierra Sur,Terrestre,Estándar,1005.13,6,6.0,6,5.26,Media,Jueves,Media,0
ORD-10440,2025-05-26,Áncash,Costa Norte,Terrestre,Estándar,433.07,4,4.58,2,2.83,Media,Lunes,Media,1
ORD-10441,2025-12-22,Ucayali,Selva Centro-Sur,Multimodal,Estándar,806.15,6,2.63,1,1.54,Media,Lunes,Media,0
ORD-10442,2025-04-20,Callao,Lima y Callao,Terrestre,Estándar,34.27,3,4.72,5,6.19,Media,Domingo,Media,0
ORD-10443,2025-02-18,Loreto,Selva Norte,Aéreo,Estándar,1459.62,7,6.18,6,5.85,Media,Martes,Media,0
ORD-10444,2025-06-28,Cajamarca,Sierra Norte,Terrestre,Estándar,890.67,4,4.84,5,3.34,Alta,Sábado,Media,0
ORD-10445,2025-07-05,Huancavelica,Sierra Centro,Terrestre,Estándar,529.18,4,11.23,6,16.14,Media,Sábado,Alta,1
ORD-10446,2025-08-30,La Libertad,Costa Norte,Terrestre,Estándar,584.92,4,10.03,8,10.85,Media,Sábado,Media,0
ORD-10447,2025-04-25,Ica,Costa Sur,Terrestre,Estándar,348.39,4,9.91,9,13.8,Baja,Viernes,Media,0
ORD-10448,2025-12-15,Loreto,Selva Norte,Aéreo,Estándar,1333.54,7,4.92,1,1.5,Media,Lunes,Alta,0
ORD-10449,2025-07-10,Tacna,Costa Sur,Terrestre,Express,1286.79,4,4.76,3,3.27,Baja,Jueves,Media,0
ORD-10450,2025-04-15,Piura,Costa Norte,Terrestre,Estándar,1041.11,6,5.49,4,8.23,Alta,Martes,Baja,0
ORD-10451,2025-12-17,Cajamarca,Sierra Norte,Terrestre,Estándar,915.86,5,5.01,3,1.78,Media,Miércoles,Alta,0
ORD-10452,2025-12-04,Lima,Lima y Callao,Terrestre,Estándar,97.19,3,11.6,8,13.78,Baja,Jueves,Alta,0
ORD-10453,2025-07-02,Cajamarca,Sierra Norte,Terrestre,Estándar,973.11,6,5.71,3,3.52,Baja,Miércoles,Media,0
ORD-10454,2025-01-10,Puno,Sierra Sur,Terrestre,Estándar,1254.88,6,3.84,3,4.5,Media,Viernes,Media,1
ORD-10455,2025-08-06,Lima,Lima y Callao,Terrestre,Express,126.3,2,7.62,4,10.11,Alta,Miércoles,Alta,1
ORD-10456,2025-07-22,Ica,Costa Sur,Terrestre,Estándar,310.84,3,8.53,6,6.01,Media,Martes,Alta,0
ORD-10457,2025-02-24,Cajamarca,Sierra Norte,Terrestre,Estándar,866.65,5,4.56,4,1.99,Baja,Lunes,Alta,0
ORD-10458,2025-08-20,Áncash,Costa Norte,Aéreo,Express,382.03,2,5.94,6,4.49,Media,Miércoles,Baja,0
ORD-10459,2025-11-03,Cusco,Sierra Sur,Terrestre,Express,973.43,3,9.6,9,10.62,Alta,Lunes,Media,1
ORD-10460,2025-02-08,Puno,Sierra Sur,Terrestre,Estándar,1485.3,7,7.64,5,12.95,Alta,Sábado,Media,0
ORD-10461,2025-09-22,Loreto,Selva Norte,Multimodal,Estándar,1195.31,7,7.9,7,6.88,Baja,Lunes,Media,1
ORD-10462,2025-02-21,Tumbes,Costa Norte,Terrestre,Estándar,1232.52,7,9.21,6,14.37,Media,Viernes,Media,0
ORD-10463,2025-10-01,Arequipa,Costa Sur,Terrestre,Estándar,1044.18,6,3.47,4,2.05,Media,Miércoles,Media,0
ORD-10464,2025-06-02,Lima,Lima y Callao,Terrestre,Express,108.25,2,6.12,5,5.0,Media,Lunes,Media,0
ORD-10465,2025-01-03,Cusco,Sierra Sur,Terrestre,Express,990.95,3,11.72,9,16.62,Media,Viernes,Media,0
ORD-10466,2025-12-19,Lima,Lima y Callao,Terrestre,Estándar,122.54,3,8.99,7,13.2,Media,Viernes,Media,0
ORD-10467,2025-03-02,Ica,Costa Sur,Terrestre,Estándar,294.73,3,5.87,3,1.82,Media,Domingo,Alta,0
ORD-10468,2025-08-06,Huancavelica,Sierra Centro,Terrestre,Estándar,575.88,4,5.16,4,3.4,Baja,Miércoles,Media,0
ORD-10469,2025-03-08,Lima,Lima y Callao,Terrestre,Express,38.51,2,7.66,5,5.49,Baja,Sábado,Alta,0
ORD-10470,2025-12-07,Callao,Lima y Callao,Terrestre,Mismo Día,15.06,1,8.54,7,5.92,Media,Domingo,Media,0
ORD-10471,2025-09-27,Lambayeque,Costa Norte,Terrestre,Estándar,797.41,5,10.77,8,16.06,Baja,Sábado,Alta,0
ORD-10472,2025-10-21,Lima,Lima y Callao,Terrestre,Express,48.93,2,3.49,3,3.65,Media,Martes,Media,0
ORD-10473,2025-06-07,Ayacucho,Sierra Sur,Terrestre,Estándar,618.77,4,6.26,3,2.1,Alta,Sábado,Alta,0
ORD-10474,2025-06-20,San Martín,Selva Norte,Terrestre,Express,930.79,3,6.99,6,8.72,Alta,Viernes,Media,0
ORD-10475,2025-08-20,Lima,Lima y Callao,Terrestre,Express,117.48,2,9.33,8,12.05,Baja,Miércoles,Alta,0
ORD-10476,2025-10-14,Madre de Dios,Selva Centro-Sur,Terrestre,Estándar,1379.3,7,8.19,10,7.28,Baja,Martes,Baja,1
ORD-10477,2025-11-06,Lima,Lima y Callao,Terrestre,Estándar,126.5,3,6.77,4,3.58,Media,Jueves,Alta,0
ORD-10478,2025-01-07,Lima,Lima y Callao,Terrestre,Estándar,152.8,3,7.48,7,6.35,Media,Martes,Media,0
ORD-10479,2025-08-31,Lima,Lima y Callao,Terrestre,Estándar,138.51,3,4.87,4,8.71,Baja,Domingo,Baja,0
ORD-10480,2025-02-09,Piura,Costa Norte,Terrestre,Express,958.03,3,7.91,4,4.5,Alta,Domingo,Alta,0
ORD-10481,2025-04-16,Lima,Lima y Callao,Terrestre,Estándar,76.58,3,7.13,7,3.3,Baja,Miércoles,Alta,0
ORD-10482,2025-10-30,Cusco,Sierra Sur,Aéreo,Estándar,1164.12,7,1.47,3,2.46,Baja,Jueves,Baja,0
ORD-10483,2025-04-02,Arequipa,Costa Sur,Aéreo,Express,1098.54,3,7.26,7,11.48,Media,Miércoles,Media,0
ORD-10484,2025-10-18,Lima,Lima y Callao,Terrestre,Express,158.03,2,8.88,8,7.63,Media,Sábado,Alta,0
ORD-10485,2025-06-18,Arequipa,Costa Sur,Terrestre,Express,1058.36,3,6.61,6,4.33,Media,Miércoles,Media,0
ORD-10486,2025-03-26,Cusco,Sierra Sur,Terrestre,Estándar,1001.94,7,6.15,4,4.03,Media,Miércoles,Alta,0
ORD-10487,2025-05-02,Arequipa,Costa Sur,Terrestre,Estándar,1105.33,7,10.48,7,12.87,Alta,Viernes,Alta,0
ORD-10488,2025-07-13,Lima,Lima y Callao,Terrestre,Express,149.36,2,8.51,4,12.79,Baja,Domingo,Alta,0
ORD-10489,2025-10-07,Cajamarca,Sierra Norte,Terrestre,Estándar,917.99,5,7.59,5,5.45,Media,Martes,Alta,0
ORD-10490,2025-08-10,Lima,Lima y Callao,Terrestre,Express,129.65,2,7.39,6,9.25,Baja,Domingo,Alta,0
ORD-10491,2025-12-07,Loreto,Selva Norte,Multimodal,Express,1396.4,5,5.88,4,4.54,Media,Domingo,Media,0
ORD-10492,2025-11-13,Madre de Dios,Selva Centro-Sur,Multimodal,Estándar,1409.99,8,6.51,4,5.63,Media,Jueves,Media,0
ORD-10493,2025-10-02,Huánuco,Sierra Centro,Terrestre,Estándar,399.66,4,6.95,6,5.07,Media,Jueves,Alta,1
ORD-10494,2025-08-09,Lima,Lima y Callao,Terrestre,Estándar,130.84,2,8.73,5,11.31,Baja,Sábado,Media,0
ORD-10495,2025-04-16,Lima,Lima y Callao,Terrestre,Mismo Día,31.72,1,3.41,4,4.18,Alta,Miércoles,Media,0
ORD-10496,2025-05-31,Lambayeque,Costa Norte,Terrestre,Estándar,767.93,5,7.57,7,5.12,Media,Sábado,Media,1
ORD-10497,2025-02-13,Lima,Lima y Callao,Terrestre,Mismo Día,46.72,1,6.27,5,4.07,Alta,Jueves,Media,0
ORD-10498,2025-05-17,Callao,Lima y Callao,Terrestre,Mismo Día,38.78,1,4.89,4,6.78,Media,Sábado,Media,0
ORD-10499,2025-12-05,Tumbes,Costa Norte,Terrestre,Express,1228.08,4,8.12,7,6.09,Alta,Viernes,Media,0
ORD-10500,2025-06-05,Arequipa,Costa Sur,Aéreo,Express,1108.32,4,4.72,2,5.26,Media,Jueves,Alta,0
ORD-10501,2025-02-11,Moquegua,Costa Sur,Terrestre,Estándar,1148.89,6,3.95,2,3.59,Media,Martes,Media,0
ORD-10502,2025-08-26,Lima,Lima y Callao,Terrestre,Express,137.38,2,5.84,3,5.26,Media,Martes,Alta,0
ORD-10503,2025-12-18,Cusco,Sierra Sur,Terrestre,Estándar,1019.61,7,6.22,3,3.33,Media,Jueves,Alta,0
ORD-10504,2025-11-13,Lima,Lima y Callao,Terrestre,Express,23.28,2,7.24,5,4.8,Media,Jueves,Alta,0
ORD-10505,2025-04-11,Arequipa,Costa Sur,Terrestre,Express,1059.82,3,5.66,5,6.53,Media,Viernes,Media,1
ORD-10506,2025-06-15,Lima,Lima y Callao,Terrestre,Estándar,107.29,4,6.14,5,3.62,Media,Domingo,Alta,0
ORD-10507,2025-07-13,Lima,Lima y Callao,Terrestre,Estándar,90.15,3,9.83,6,8.84,Media,Domingo,Alta,0
ORD-10508,2025-04-01,Arequipa,Costa Sur,Terrestre,Express,1068.18,3,6.19,3,5.65,Media,Martes,Media,0
ORD-10509,2025-04-09,Arequipa,Costa Sur,Terrestre,Estándar,1073.86,6,7.4,3,2.88,Media,Miércoles,Alta,0
ORD-10510,2025-03-28,Lima,Lima y Callao,Terrestre,Express,94.44,2,6.71,3,4.78,Media,Viernes,Alta,0
ORD-10511,2025-12-30,Huánuco,Sierra Centro,Terrestre,Estándar,564.86,4,8.69,7,9.58,Media,Martes,Media,0
ORD-10512,2025-09-30,Piura,Costa Norte,Terrestre,Estándar,999.2,6,7.15,3,6.37,Media,Martes,Alta,1
ORD-10513,2025-11-03,Lima,Lima y Callao,Terrestre,Express,104.24,2,12.18,7,17.25,Alta,Lunes,Alta,0
ORD-10514,2025-10-26,Lima,Lima y Callao,Terrestre,Estándar,73.18,3,5.3,4,6.63,Baja,Domingo,Media,0
ORD-10515,2025-12-17,Cusco,Sierra Sur,Terrestre,Estándar,910.78,4,11.38,7,8.18,Baja,Miércoles,Alta,1
ORD-10516,2025-02-08,Lima,Lima y Callao,Terrestre,Express,60.67,2,7.98,6,12.04,Baja,Sábado,Baja,0
ORD-10517,2025-11-18,San Martín,Selva Norte,Terrestre,Estándar,1151.99,5,6.08,5,6.17,Media,Martes,Media,1
ORD-10518,2025-01-25,Arequipa,Costa Sur,Terrestre,Estándar,1047.45,7,10.55,8,8.55,Media,Sábado,Alta,0
ORD-10519,2025-06-23,Ica,Costa Sur,Terrestre,Express,279.66,2,5.34,5,4.85,Media,Lunes,Baja,0
ORD-10520,2025-08-05,Callao,Lima y Callao,Terrestre,Express,45.05,2,6.73,5,6.64,Baja,Martes,Alta,0
ORD-10521,2025-05-11,La Libertad,Costa Norte,Terrestre,Estándar,577.28,4,5.92,4,7.71,Alta,Domingo,Media,0
ORD-10522,2025-02-23,Lima,Lima y Callao,Terrestre,Estándar,63.23,3,10.71,12,8.81,Media,Domingo,Media,0
ORD-10523,2025-03-12,Lambayeque,Costa Norte,Terrestre,Estándar,848.56,5,3.9,4,3.12,Media,Miércoles,Alta,0
ORD-10524,2025-10-29,Lima,Lima y Callao,Terrestre,Estándar,77.9,3,2.78,3,2.29,Baja,Miércoles,Media,0
ORD-10525,2025-04-27,Ica,Costa Sur,Terrestre,Estándar,271.32,3,6.76,4,7.6,Baja,Domingo,Media,0
ORD-10526,2025-04-24,Ayacucho,Sierra Sur,Terrestre,Estándar,613.65,4,6.16,4,5.85,Baja,Jueves,Alta,0
ORD-10527,2025-12-04,Cusco,Sierra Sur,Terrestre,Estándar,1041.11,6,7.63,3,7.08,Media,Jueves,Alta,0
ORD-10528,2025-02-22,Piura,Costa Norte,Terrestre,Express,1000.98,3,9.99,10,9.66,Media,Sábado,Baja,0
ORD-10529,2025-12-01,Lima,Lima y Callao,Terrestre,Express,154.06,2,2.91,3,2.44,Baja,Lunes,Media,0
ORD-10530,2025-12-03,Junín,Sierra Centro,Terrestre,Express,378.35,2,9.66,6,14.02,Media,Miércoles,Baja,1
ORD-10531,2025-08-07,Lima,Lima y Callao,Terrestre,Estándar,94.78,2,3.9,3,2.53,Baja,Jueves,Media,0
ORD-10532,2025-03-02,Arequipa,Costa Sur,Terrestre,Estándar,997.86,6,11.13,8,12.95,Media,Domingo,Alta,0
ORD-10533,2025-02-26,Cusco,Sierra Sur,Terrestre,Estándar,1074.12,6,9.19,6,4.24,Baja,Miércoles,Alta,0
ORD-10534,2025-04-14,Callao,Lima y Callao,Terrestre,Express,32.47,2,7.94,6,8.09,Baja,Lunes,Media,0
ORD-10535,2025-07-30,Ucayali,Selva Centro-Sur,Aéreo,Estándar,708.57,5,7.81,5,5.67,Baja,Miércoles,Alta,1
ORD-10536,2025-02-26,Lima,Lima y Callao,Terrestre,Express,131.23,2,5.52,7,4.65,Media,Miércoles,Baja,0
ORD-10537,2025-06-16,Lima,Lima y Callao,Terrestre,Express,79.33,2,5.1,3,8.53,Alta,Lunes,Media,0
ORD-10538,2025-02-12,Amazonas,Selva Norte,Terrestre,Estándar,1105.76,6,1.09,1,0.81,Media,Miércoles,Baja,0
ORD-10539,2025-07-17,Callao,Lima y Callao,Terrestre,Estándar,19.05,4,8.0,6,4.56,Baja,Jueves,Media,0
ORD-10540,2025-01-08,Lima,Lima y Callao,Terrestre,Express,126.21,2,6.77,4,3.92,Alta,Miércoles,Alta,0
ORD-10541,2025-09-16,Junín,Sierra Centro,Terrestre,Express,316.87,2,6.75,5,2.58,Alta,Martes,Alta,1
ORD-10542,2025-01-21,Puno,Sierra Sur,Terrestre,Estándar,1345.35,7,5.75,5,5.58,Media,Martes,Media,1
ORD-10543,2025-03-13,Lima,Lima y Callao,Terrestre,Express,126.73,2,5.63,4,4.15,Baja,Jueves,Media,0
ORD-10544,2025-03-05,Lambayeque,Costa Norte,Terrestre,Estándar,779.06,5,4.33,5,9.28,Media,Miércoles,Baja,0
ORD-10545,2025-10-31,Lima,Lima y Callao,Terrestre,Estándar,145.03,3,6.94,4,5.58,Alta,Viernes,Media,0
ORD-10546,2025-01-20,Tumbes,Costa Norte,Terrestre,Estándar,1224.12,6,5.79,4,2.68,Media,Lunes,Alta,0
ORD-10547,2025-06-06,Lambayeque,Costa Norte,Terrestre,Express,806.85,3,3.36,3,3.02,Media,Viernes,Media,0
ORD-10548,2025-08-04,Lima,Lima y Callao,Terrestre,Express,160.23,2,6.99,4,12.07,Media,Lunes,Baja,0
ORD-10549,2025-07-08,Puno,Sierra Sur,Terrestre,Express,1371.11,4,8.51,5,3.97,Alta,Martes,Alta,0
ORD-10550,2025-09-06,Cusco,Sierra Sur,Aéreo,Express,1102.11,4,7.69,7,12.07,Baja,Sábado,Baja,0
ORD-10551,2025-10-21,Piura,Costa Norte,Terrestre,Express,951.6,3,9.71,7,6.15,Baja,Martes,Alta,0
ORD-10552,2025-05-24,Arequipa,Costa Sur,Terrestre,Estándar,1055.06,6,4.9,3,2.54,Alta,Sábado,Media,0
ORD-10553,2025-10-30,Lima,Lima y Callao,Terrestre,Express,139.77,2,5.18,5,4.81,Baja,Jueves,Baja,0
ORD-10554,2025-04-27,Lima,Lima y Callao,Terrestre,Estándar,107.37,3,5.03,3,6.81,Media,Domingo,Alta,1
ORD-10555,2025-12-26,Lima,Lima y Callao,Terrestre,Express,146.26,2,5.24,2,1.13,Baja,Viernes,Alta,0
ORD-10556,2025-07-04,Lima,Lima y Callao,Terrestre,Express,94.52,2,7.63,4,6.67,Baja,Viernes,Alta,1
ORD-10557,2025-09-26,Lima,Lima y Callao,Terrestre,Express,93.33,2,8.2,5,10.27,Baja,Viernes,Alta,0
ORD-10558,2025-11-16,Cajamarca,Sierra Norte,Terrestre,Estándar,857.31,6,5.87,3,3.11,Media,Domingo,Alta,0
ORD-10559,2025-10-17,Callao,Lima y Callao,Terrestre,Mismo Día,49.22,1,9.51,7,12.95,Media,Viernes,Media,0
ORD-10560,2025-11-07,Cusco,Sierra Sur,Terrestre,Estándar,1158.42,7,6.65,4,7.05,Media,Viernes,Alta,0
ORD-10561,2025-07-15,Lima,Lima y Callao,Terrestre,Express,100.74,2,5.0,2,1.98,Media,Martes,Media,0
ORD-10562,2025-01-16,La Libertad,Costa Norte,Terrestre,Estándar,582.57,5,8.4,7,5.56,Alta,Jueves,Alta,0
ORD-10563,2025-06-29,Cusco,Sierra Sur,Terrestre,Estándar,1070.02,6,5.24,5,5.65,Media,Domingo,Media,0
ORD-10564,2025-03-08,Piura,Costa Norte,Terrestre,Estándar,1005.94,6,5.84,5,6.19,Alta,Sábado,Media,0
ORD-10565,2025-11-21,Junín,Sierra Centro,Terrestre,Estándar,453.12,4,8.42,7,7.66,Media,Viernes,Media,0
ORD-10566,2025-03-28,Lambayeque,Costa Norte,Terrestre,Estándar,746.16,5,8.67,6,9.45,Baja,Viernes,Media,0
ORD-10567,2025-03-25,La Libertad,Costa Norte,Terrestre,Express,566.28,3,5.56,4,3.9,Media,Martes,Media,0
ORD-10568,2025-04-02,Callao,Lima y Callao,Terrestre,Express,36.23,2,6.53,6,5.18,Alta,Miércoles,Baja,0
ORD-10569,2025-08-23,Lima,Lima y Callao,Terrestre,Estándar,45.2,3,6.0,5,6.05,Baja,Sábado,Media,0
ORD-10570,2025-07-28,Lambayeque,Costa Norte,Terrestre,Estándar,860.82,5,6.25,3,4.14,Media,Lunes,Alta,0
ORD-10571,2025-12-13,Áncash,Costa Norte,Terrestre,Estándar,405.54,4,10.75,5,10.73,Media,Sábado,Alta,0
ORD-10572,2025-06-01,Tacna,Costa Sur,Terrestre,Express,1319.97,4,9.02,9,12.98,Baja,Domingo,Baja,0
ORD-10573,2025-04-14,Madre de Dios,Selva Centro-Sur,Terrestre,Estándar,1154.42,7,6.16,5,8.44,Media,Lunes,Media,0
ORD-10574,2025-01-18,Lima,Lima y Callao,Terrestre,Estándar,81.08,3,6.09,6,6.1,Baja,Sábado,Media,0
ORD-10575,2025-01-03,Piura,Costa Norte,Terrestre,Estándar,1076.44,7,7.7,7,7.05,Baja,Viernes,Media,0
ORD-10576,2025-05-17,Puno,Sierra Sur,Terrestre,Estándar,1359.4,8,3.16,3,2.68,Alta,Sábado,Media,0
ORD-10577,2025-12-04,Ica,Costa Sur,Terrestre,Express,229.74,2,8.73,7,9.03,Media,Jueves,Media,0
ORD-10578,2025-07-11,Lima,Lima y Callao,Terrestre,Estándar,60.85,3,5.17,3,3.94,Media,Viernes,Media,0
ORD-10579,2025-11-23,Lima,Lima y Callao,Terrestre,Estándar,160.44,3,6.86,3,3.83,Media,Domingo,Alta,1
ORD-10580,2025-02-07,Cusco,Sierra Sur,Terrestre,Estándar,1222.13,7,4.15,3,3.52,Alta,Viernes,Alta,0
ORD-10581,2025-02-04,Callao,Lima y Callao,Terrestre,Express,27.3,2,4.28,5,5.76,Media,Martes,Media,0
ORD-10582,2025-11-01,Arequipa,Costa Sur,Terrestre,Estándar,1031.9,6,8.09,4,10.19,Media,Sábado,Alta,1
ORD-10583,2025-02-08,Lima,Lima y Callao,Terrestre,Express,36.45,2,9.21,7,9.24,Baja,Sábado,Alta,1
ORD-10584,2025-01-19,Lima,Lima y Callao,Terrestre,Estándar,93.36,3,5.88,4,6.1,Media,Domingo,Alta,0
ORD-10585,2025-05-28,Lima,Lima y Callao,Terrestre,Express,45.24,2,4.7,3,4.48,Media,Miércoles,Alta,0
ORD-10586,2025-12-04,Ica,Costa Sur,Terrestre,Express,328.11,2,14.17,12,13.08,Media,Jueves,Alta,0
ORD-10587,2025-09-09,Callao,Lima y Callao,Terrestre,Express,65.96,2,4.39,4,6.38,Media,Martes,Baja,0
ORD-10588,2025-02-06,Lambayeque,Costa Norte,Terrestre,Express,748.52,3,6.76,5,6.14,Baja,Jueves,Media,0
ORD-10589,2025-11-02,Lima,Lima y Callao,Terrestre,Estándar,82.31,3,4.01,2,1.34,Alta,Domingo,Alta,0
ORD-10590,2025-11-04,Puno,Sierra Sur,Terrestre,Express,1272.46,4,9.26,7,6.65,Alta,Martes,Alta,1
ORD-10591,2025-10-20,Piura,Costa Norte,Terrestre,Estándar,944.35,5,13.64,9,25.83,Media,Lunes,Baja,1
ORD-10592,2025-11-26,Puno,Sierra Sur,Terrestre,Estándar,1257.87,5,8.74,5,9.95,Media,Miércoles,Alta,1
ORD-10593,2025-03-29,Piura,Costa Norte,Terrestre,Express,933.33,3,7.04,7,7.42,Media,Sábado,Media,0
ORD-10594,2025-12-24,Tacna,Costa Sur,Terrestre,Estándar,1431.17,7,7.49,3,5.31,Media,Miércoles,Alta,0
ORD-10595,2025-04-28,Lambayeque,Costa Norte,Terrestre,Estándar,724.64,5,4.53,3,3.98,Media,Lunes,Baja,0
ORD-10596,2025-10-20,Apurímac,Sierra Sur,Terrestre,Estándar,949.9,6,6.31,5,13.14,Media,Lunes,Baja,0
ORD-10597,2025-07-31,Arequipa,Costa Sur,Terrestre,Estándar,945.09,6,4.48,4,4.94,Baja,Jueves,Baja,0
ORD-10598,2025-10-12,La Libertad,Costa Norte,Terrestre,Estándar,615.47,4,6.96,5,6.75,Baja,Domingo,Media,0
ORD-10599,2025-08-18,Cusco,Sierra Sur,Terrestre,Estándar,1052.7,5,5.65,3,2.51,Media,Lunes,Alta,0
ORD-10600,2025-08-23,Cajamarca,Sierra Norte,Aéreo,Estándar,990.23,6,6.32,5,6.02,Media,Sábado,Media,0
ORD-10601,2025-08-13,Tacna,Costa Sur,Terrestre,Estándar,1272.28,6,5.33,5,2.21,Baja,Miércoles,Media,1
ORD-10602,2025-10-12,Callao,Lima y Callao,Terrestre,Express,25.6,2,8.46,6,8.22,Baja,Domingo,Alta,0
ORD-10603,2025-09-27,Tacna,Costa Sur,Terrestre,Estándar,1354.56,7,6.69,4,7.57,Media,Sábado,Media,0
ORD-10604,2025-02-19,Lima,Lima y Callao,Terrestre,Express,110.2,2,10.05,6,15.36,Media,Miércoles,Media,0
ORD-10605,2025-10-29,Lima,Lima y Callao,Terrestre,Express,106.9,2,5.48,5,7.32,Media,Miércoles,Media,0
ORD-10606,2025-07-15,Lima,Lima y Callao,Terrestre,Estándar,23.33,3,9.74,8,8.33,Media,Martes,Media,0
ORD-10607,2025-04-28,Ica,Costa Sur,Terrestre,Express,272.87,2,4.04,3,2.67,Alta,Lunes,Media,0
ORD-10608,2025-07-07,Lima,Lima y Callao,Terrestre,Estándar,126.67,3,5.02,3,2.8,Media,Lunes,Alta,0
ORD-10609,2025-12-19,Callao,Lima y Callao,Terrestre,Estándar,43.91,3,7.24,6,3.51,Alta,Viernes,Alta,0
ORD-10610,2025-11-10,San Martín,Selva Norte,Terrestre,Estándar,1107.86,6,5.11,2,2.48,Baja,Lunes,Alta,1
ORD-10611,2025-11-01,Huánuco,Sierra Centro,Aéreo,Express,438.14,2,7.65,4,3.04,Media,Sábado,Alta,0
ORD-10612,2025-06-18,Cusco,Sierra Sur,Terrestre,Estándar,1015.7,6,4.09,4,3.95,Baja,Miércoles,Media,0
ORD-10613,2025-10-14,Lima,Lima y Callao,Terrestre,Express,149.19,2,4.91,4,4.47,Baja,Martes,Alta,0
ORD-10614,2025-05-21,Lima,Lima y Callao,Terrestre,Estándar,110.46,3,5.17,4,5.73,Baja,Miércoles,Media,0
ORD-10615,2025-09-08,Lambayeque,Costa Norte,Aéreo,Express,741.55,3,5.68,6,3.76,Baja,Lunes,Media,0
ORD-10616,2025-08-22,Lima,Lima y Callao,Terrestre,Express,146.74,2,6.07,4,4.76,Alta,Viernes,Media,0
ORD-10617,2025-04-02,Cajamarca,Sierra Norte,Terrestre,Express,902.35,3,5.86,5,8.1,Media,Miércoles,Baja,0
ORD-10618,2025-04-08,Lima,Lima y Callao,Terrestre,Express,70.48,2,6.83,4,9.19,Alta,Martes,Media,0
ORD-10619,2025-01-23,Cusco,Sierra Sur,Terrestre,Estándar,1042.94,6,6.22,4,4.93,Media,Jueves,Alta,0
ORD-10620,2025-02-21,Cusco,Sierra Sur,Terrestre,Express,1110.32,4,5.14,4,12.74,Media,Viernes,Baja,0
ORD-10621,2025-06-08,Cajamarca,Sierra Norte,Terrestre,Express,869.26,3,6.67,4,6.39,Baja,Domingo,Media,0
ORD-10622,2025-06-24,Ica,Costa Sur,Terrestre,Estándar,300.91,3,3.08,2,2.99,Media,Martes,Media,0
ORD-10623,2025-03-02,Ica,Costa Sur,Terrestre,Estándar,314.44,3,8.89,7,14.49,Media,Domingo,Baja,0
ORD-10624,2025-06-02,Lambayeque,Costa Norte,Aéreo,Estándar,751.56,4,6.79,5,4.81,Alta,Lunes,Alta,0
ORD-10625,2025-08-09,Callao,Lima y Callao,Terrestre,Estándar,66.51,2,5.16,5,3.76,Alta,Sábado,Baja,0
ORD-10626,2025-03-26,Callao,Lima y Callao,Terrestre,Mismo Día,34.01,1,5.15,4,7.39,Baja,Miércoles,Baja,0
ORD-10627,2025-05-04,Lima,Lima y Callao,Terrestre,Estándar,78.45,2,10.22,9,13.3,Media,Domingo,Media,0
ORD-10628,2025-05-15,Ayacucho,Sierra Sur,Terrestre,Estándar,645.46,5,8.24,6,11.28,Media,Jueves,Media,0
ORD-10629,2025-07-04,Lima,Lima y Callao,Terrestre,Estándar,96.64,3,6.6,3,5.69,Media,Viernes,Alta,0
ORD-10630,2025-05-14,San Martín,Selva Norte,Terrestre,Estándar,1072.06,6,6.74,4,11.73,Baja,Miércoles,Alta,0
ORD-10631,2025-09-26,La Libertad,Costa Norte,Terrestre,Estándar,629.86,5,4.78,5,3.46,Media,Viernes,Baja,0
ORD-10632,2025-04-30,Puno,Sierra Sur,Terrestre,Estándar,1466.91,6,6.0,4,4.21,Media,Miércoles,Media,1
ORD-10633,2025-06-08,Arequipa,Costa Sur,Terrestre,Estándar,1064.91,7,5.55,3,3.34,Media,Domingo,Alta,0
ORD-10634,2025-05-19,Áncash,Costa Norte,Terrestre,Estándar,470.18,4,10.2,7,13.98,Media,Lunes,Alta,0
ORD-10635,2025-03-08,Lima,Lima y Callao,Terrestre,Express,62.65,2,6.95,4,5.64,Baja,Sábado,Alta,0
ORD-10636,2025-09-08,Lima,Lima y Callao,Terrestre,Estándar,78.45,3,7.83,5,9.97,Alta,Lunes,Media,0
ORD-10637,2025-03-27,Piura,Costa Norte,Terrestre,Estándar,972.82,7,4.66,2,2.87,Baja,Jueves,Alta,0
ORD-10638,2025-04-19,Apurímac,Sierra Sur,Terrestre,Estándar,747.68,5,6.15,5,6.11,Baja,Sábado,Alta,1
ORD-10639,2025-10-17,Lima,Lima y Callao,Terrestre,Express,116.05,2,8.68,7,11.61,Baja,Viernes,Media,0
ORD-10640,2025-12-13,Junín,Sierra Centro,Terrestre,Estándar,342.15,4,5.36,3,3.98,Alta,Sábado,Media,0
ORD-10641,2025-09-02,Huánuco,Sierra Centro,Terrestre,Express,436.13,2,6.49,5,7.25,Media,Martes,Media,0
ORD-10642,2025-12-01,Cajamarca,Sierra Norte,Terrestre,Estándar,849.0,6,10.0,7,11.1,Baja,Lunes,Alta,0
ORD-10643,2025-11-08,Ucayali,Selva Centro-Sur,Aéreo,Express,838.0,3,7.29,5,7.31,Baja,Sábado,Media,0
ORD-10644,2025-06-25,Arequipa,Costa Sur,Terrestre,Estándar,994.2,6,5.71,5,9.2,Media,Miércoles,Baja,1
ORD-10645,2025-10-09,Moquegua,Costa Sur,Terrestre,Express,1154.25,4,3.19,2,2.93,Media,Jueves,Media,0
ORD-10646,2025-04-30,Lima,Lima y Callao,Terrestre,Estándar,93.99,3,9.33,9,11.04,Baja,Miércoles,Media,1
ORD-10647,2025-06-18,Lima,Lima y Callao,Terrestre,Express,62.35,2,6.41,6,4.52,Alta,Miércoles,Media,0
ORD-10648,2025-07-15,Lima,Lima y Callao,Terrestre,Estándar,56.53,2,11.14,7,13.1,Baja,Martes,Alta,1
ORD-10649,2025-12-17,Piura,Costa Norte,Aéreo,Estándar,1020.66,6,9.28,5,13.0,Media,Miércoles,Alta,0
ORD-10650,2025-11-06,Callao,Lima y Callao,Terrestre,Express,19.8,2,5.44,2,1.72,Baja,Jueves,Alta,0
ORD-10651,2025-06-28,Amazonas,Selva Norte,Multimodal,Estándar,1110.8,8,7.81,6,9.62,Media,Sábado,Media,0
ORD-10652,2025-08-27,Lima,Lima y Callao,Terrestre,Estándar,87.72,3,7.31,6,6.91,Media,Miércoles,Media,0
ORD-10653,2025-03-15,Junín,Sierra Centro,Terrestre,Estándar,375.75,5,6.21,6,6.33,Media,Sábado,Baja,0
ORD-10654,2025-10-21,Arequipa,Costa Sur,Terrestre,Estándar,1085.62,6,5.19,1,1.88,Media,Martes,Alta,0
ORD-10655,2025-07-21,Callao,Lima y Callao,Terrestre,Mismo Día,44.97,1,6.45,4,5.0,Alta,Lunes,Media,0
ORD-10656,2025-07-14,Ica,Costa Sur,Aéreo,Express,360.21,2,7.75,4,5.74,Alta,Lunes,Media,0
ORD-10657,2025-10-07,Arequipa,Costa Sur,Aéreo,Estándar,1081.71,5,8.36,7,7.18,Media,Martes,Media,0
ORD-10658,2025-08-20,Apurímac,Sierra Sur,Terrestre,Estándar,805.11,5,10.56,7,16.44,Media,Miércoles,Media,0
ORD-10659,2025-01-27,Puno,Sierra Sur,Terrestre,Estándar,1311.4,7,4.95,5,5.82,Alta,Lunes,Media,0
ORD-10660,2025-04-16,Ica,Costa Sur,Terrestre,Estándar,280.89,4,9.42,9,7.75,Baja,Miércoles,Media,1
ORD-10661,2025-03-06,Ucayali,Selva Centro-Sur,Terrestre,Express,862.2,3,5.21,3,4.37,Baja,Jueves,Media,0
ORD-10662,2025-09-26,Tacna,Costa Sur,Terrestre,Estándar,1322.71,7,5.44,3,2.87,Baja,Viernes,Alta,1
ORD-10663,2025-01-13,Ayacucho,Sierra Sur,Terrestre,Estándar,578.12,5,8.01,9,11.78,Alta,Lunes,Media,0
ORD-10664,2025-03-15,Lima,Lima y Callao,Terrestre,Estándar,58.48,3,4.49,4,10.21,Baja,Sábado,Media,0
ORD-10665,2025-08-07,Lima,Lima y Callao,Terrestre,Express,75.04,2,6.62,6,7.01,Baja,Jueves,Media,0
ORD-10666,2025-09-11,Lima,Lima y Callao,Terrestre,Express,103.67,2,3.38,4,3.0,Media,Jueves,Baja,0
ORD-10667,2025-07-03,Arequipa,Costa Sur,Terrestre,Estándar,1043.67,6,9.8,9,8.93,Baja,Jueves,Alta,0
ORD-10668,2025-11-11,Callao,Lima y Callao,Terrestre,Estándar,71.17,3,8.6,6,10.17,Media,Martes,Media,0
ORD-10669,2025-12-02,Arequipa,Costa Sur,Terrestre,Estándar,972.89,5,8.05,6,7.66,Media,Martes,Alta,0
ORD-10670,2025-02-18,Lima,Lima y Callao,Terrestre,Express,76.09,2,4.18,4,6.58,Baja,Martes,Media,0
ORD-10671,2025-12-14,Ucayali,Selva Centro-Sur,Terrestre,Estándar,1042.75,6,6.6,3,3.14,Alta,Domingo,Media,0
ORD-10672,2025-08-13,Lima,Lima y Callao,Terrestre,Express,105.8,2,5.4,4,3.97,Baja,Miércoles,Media,0
ORD-10673,2025-08-21,Lima,Lima y Callao,Terrestre,Estándar,94.9,2,4.32,4,6.51,Alta,Jueves,Baja,0
ORD-10674,2025-02-04,Ucayali,Selva Centro-Sur,Multimodal,Estándar,893.31,6,7.65,5,12.07,Media,Martes,Alta,0
ORD-10675,2025-08-15,Lima,Lima y Callao,Terrestre,Mismo Día,36.16,1,5.06,6,6.39,Baja,Viernes,Baja,0
ORD-10676,2025-09-22,Áncash,Costa Norte,Terrestre,Express,487.83,2,7.8,6,7.51,Baja,Lunes,Alta,1
ORD-10677,2025-07-31,Piura,Costa Norte,Terrestre,Express,983.49,3,8.48,5,9.77,Media,Jueves,Alta,0
ORD-10678,2025-01-31,Junín,Sierra Centro,Terrestre,Express,375.39,2,4.13,3,4.01,Media,Viernes,Media,0
ORD-10679,2025-07-10,Amazonas,Selva Norte,Terrestre,Express,1117.44,4,8.55,6,9.88,Baja,Jueves,Alta,0
ORD-10680,2025-12-08,Lima,Lima y Callao,Terrestre,Mismo Día,76.0,1,7.17,7,6.27,Alta,Lunes,Media,0
ORD-10681,2025-09-22,San Martín,Selva Norte,Terrestre,Estándar,1030.82,6,1.96,3,3.65,Media,Lunes,Baja,0
ORD-10682,2025-02-20,Cusco,Sierra Sur,Aéreo,Estándar,1118.15,6,3.98,6,5.75,Alta,Jueves,Baja,1
ORD-10683,2025-12-17,Lima,Lima y Callao,Terrestre,Estándar,86.67,4,4.58,3,1.85,Baja,Miércoles,Alta,0
ORD-10684,2025-12-16,Cajamarca,Sierra Norte,Terrestre,Estándar,785.82,5,7.1,5,4.24,Baja,Martes,Alta,0
ORD-10685,2025-03-03,Arequipa,Costa Sur,Terrestre,Express,1002.35,3,7.85,7,9.78,Media,Lunes,Media,1
ORD-10686,2025-10-20,Arequipa,Costa Sur,Terrestre,Estándar,1099.13,7,7.82,6,9.36,Baja,Lunes,Media,0
ORD-10687,2025-05-29,Lima,Lima y Callao,Terrestre,Express,74.35,2,8.89,7,11.59,Baja,Jueves,Media,0
ORD-10688,2025-08-05,Piura,Costa Norte,Terrestre,Express,954.15,3,6.01,4,6.09,Baja,Martes,Media,0
ORD-10689,2025-06-12,Ayacucho,Sierra Sur,Terrestre,Estándar,633.25,4,3.05,3,3.19,Baja,Jueves,Baja,0
ORD-10690,2025-10-13,Huancavelica,Sierra Centro,Terrestre,Estándar,565.21,4,4.45,3,1.9,Media,Lunes,Media,0
ORD-10691,2025-12-30,Callao,Lima y Callao,Terrestre,Express,47.11,2,7.18,7,5.17,Baja,Martes,Alta,0
ORD-10692,2025-10-18,Áncash,Costa Norte,Terrestre,Estándar,476.27,3,6.37,4,7.66,Alta,Sábado,Media,0
ORD-10693,2025-12-06,Lima,Lima y Callao,Terrestre,Express,43.29,2,9.9,8,6.65,Baja,Sábado,Alta,0
ORD-10694,2025-12-12,Lima,Lima y Callao,Terrestre,Express,143.4,2,6.63,4,4.75,Media,Viernes,Media,0
ORD-10695,2025-02-02,Lima,Lima y Callao,Terrestre,Express,138.69,2,3.02,4,5.33,Media,Domingo,Media,0
ORD-10696,2025-04-03,La Libertad,Costa Norte,Terrestre,Estándar,614.38,4,3.25,1,0.82,Media,Jueves,Media,0
ORD-10697,2025-09-21,Lima,Lima y Callao,Terrestre,Estándar,98.36,2,5.83,6,8.46,Alta,Domingo,Media,1
ORD-10698,2025-08-04,Arequipa,Costa Sur,Terrestre,Estándar,974.74,6,8.54,6,13.78,Alta,Lunes,Baja,0
ORD-10699,2025-01-19,Cajamarca,Sierra Norte,Aéreo,Estándar,880.24,5,10.1,9,10.63,Baja,Domingo,Alta,0
ORD-10700,2025-02-04,San Martín,Selva Norte,Aéreo,Estándar,1016.71,7,4.63,3,3.48,Media,Martes,Media,0
ORD-10701,2025-07-09,Lima,Lima y Callao,Terrestre,Mismo Día,21.81,1,5.2,5,3.85,Alta,Miércoles,Baja,0
ORD-10702,2025-08-13,Puno,Sierra Sur,Terrestre,Estándar,1513.16,7,6.76,5,5.41,Baja,Miércoles,Media,0
ORD-10703,2025-03-03,Puno,Sierra Sur,Terrestre,Express,1315.47,4,5.76,5,8.03,Media,Lunes,Baja,0
ORD-10704,2025-03-04,Lima,Lima y Callao,Terrestre,Estándar,94.99,4,6.52,4,4.86,Baja,Martes,Media,0
ORD-10705,2025-02-17,San Martín,Selva Norte,Terrestre,Estándar,1042.05,6,3.52,4,4.22,Media,Lunes,Baja,0
ORD-10706,2025-07-26,La Libertad,Costa Norte,Terrestre,Estándar,598.91,4,7.96,5,9.33,Media,Sábado,Alta,0
ORD-10707,2025-01-03,Amazonas,Selva Norte,Terrestre,Estándar,1083.93,6,7.49,6,6.32,Media,Viernes,Alta,0
ORD-10708,2025-07-28,Arequipa,Costa Sur,Terrestre,Estándar,993.78,6,5.88,2,2.01,Alta,Lunes,Alta,0
ORD-10709,2025-06-23,Arequipa,Costa Sur,Terrestre,Express,1035.35,3,6.66,6,7.52,Media,Lunes,Baja,1
ORD-10710,2025-06-20,Arequipa,Costa Sur,Terrestre,Estándar,1112.37,6,3.95,3,6.68,Alta,Viernes,Media,0
ORD-10711,2025-09-05,Junín,Sierra Centro,Aéreo,Estándar,356.08,4,3.64,3,3.83,Media,Viernes,Media,0
ORD-10712,2025-07-10,Lima,Lima y Callao,Terrestre,Express,158.23,2,8.83,8,6.65,Media,Jueves,Media,0
ORD-10713,2025-09-23,Loreto,Selva Norte,Aéreo,Express,1448.84,4,6.56,4,6.16,Media,Martes,Media,1
ORD-10714,2025-10-06,Lima,Lima y Callao,Terrestre,Estándar,96.46,4,6.6,5,5.18,Media,Lunes,Alta,0
ORD-10715,2025-12-02,Ayacucho,Sierra Sur,Terrestre,Estándar,578.89,5,8.7,8,12.19,Alta,Martes,Media,0
ORD-10716,2025-10-19,Lima,Lima y Callao,Terrestre,Express,33.45,2,5.83,6,2.89,Baja,Domingo,Baja,0
ORD-10717,2025-07-08,Junín,Sierra Centro,Terrestre,Estándar,426.74,4,2.67,3,4.03,Alta,Martes,Baja,0
ORD-10718,2025-06-29,Áncash,Costa Norte,Terrestre,Express,425.73,2,9.7,9,9.68,Media,Domingo,Media,0
ORD-10719,2025-03-28,Cusco,Sierra Sur,Terrestre,Express,1046.02,3,2.93,4,3.14,Media,Viernes,Media,0
ORD-10720,2025-08-07,Ica,Costa Sur,Terrestre,Estándar,327.16,5,3.97,3,2.65,Media,Jueves,Media,0
ORD-10721,2025-02-20,Cusco,Sierra Sur,Terrestre,Express,1026.41,3,2.17,2,2.14,Media,Jueves,Baja,0
ORD-10722,2025-12-06,Loreto,Selva Norte,Aéreo,Estándar,1516.59,7,4.62,2,1.78,Media,Sábado,Alta,0
ORD-10723,2025-11-05,Lima,Lima y Callao,Terrestre,Estándar,69.95,3,10.27,8,2.94,Media,Miércoles,Alta,0
ORD-10724,2025-02-13,Lima,Lima y Callao,Terrestre,Estándar,142.51,3,3.98,3,2.53,Baja,Jueves,Media,0
ORD-10725,2025-10-14,Ayacucho,Sierra Sur,Terrestre,Express,583.87,3,5.18,3,2.22,Media,Martes,Alta,0
ORD-10726,2025-02-12,Loreto,Selva Norte,Aéreo,Estándar,1192.29,5,4.08,4,4.93,Media,Miércoles,Baja,0
ORD-10727,2025-09-21,Lima,Lima y Callao,Terrestre,Estándar,106.77,3,4.64,6,4.2,Media,Domingo,Baja,0
ORD-10728,2025-02-02,Callao,Lima y Callao,Terrestre,Mismo Día,24.61,1,6.77,4,4.99,Media,Domingo,Media,0
ORD-10729,2025-06-28,Lima,Lima y Callao,Terrestre,Estándar,150.01,3,6.82,7,5.76,Baja,Sábado,Media,0
ORD-10730,2025-08-29,Lambayeque,Costa Norte,Terrestre,Estándar,799.55,5,9.18,7,11.42,Media,Viernes,Baja,1
ORD-10731,2025-09-24,La Libertad,Costa Norte,Terrestre,Estándar,582.28,4,6.55,6,8.63,Media,Miércoles,Media,1
ORD-10732,2025-06-02,Arequipa,Costa Sur,Terrestre,Express,974.04,3,7.23,5,5.28,Media,Lunes,Alta,1
ORD-10733,2025-12-03,Lima,Lima y Callao,Terrestre,Estándar,143.23,2,7.75,5,6.47,Media,Miércoles,Alta,0
ORD-10734,2025-10-10,Arequipa,Costa Sur,Terrestre,Estándar,1030.77,6,7.61,7,10.56,Media,Viernes,Media,0
ORD-10735,2025-03-18,Cajamarca,Sierra Norte,Terrestre,Express,975.52,3,5.91,5,6.14,Media,Martes,Media,1
ORD-10736,2025-09-02,Ayacucho,Sierra Sur,Terrestre,Estándar,553.79,3,9.89,6,8.1,Baja,Martes,Alta,0
ORD-10737,2025-09-24,Tacna,Costa Sur,Aéreo,Express,1397.99,4,6.08,6,2.96,Baja,Miércoles,Baja,0
ORD-10738,2025-05-02,Huancavelica,Sierra Centro,Terrestre,Estándar,518.1,5,8.09,9,8.54,Media,Viernes,Baja,0
ORD-10739,2025-09-27,Junín,Sierra Centro,Terrestre,Express,390.37,2,5.03,4,3.41,Baja,Sábado,Alta,0
ORD-10740,2025-11-24,Ica,Costa Sur,Terrestre,Express,283.32,2,10.32,6,11.94,Baja,Lunes,Alta,0
ORD-10741,2025-10-26,Puno,Sierra Sur,Terrestre,Estándar,1255.16,6,2.17,1,1.41,Baja,Domingo,Media,0
ORD-10742,2025-10-06,Lima,Lima y Callao,Terrestre,Express,152.68,2,4.1,4,3.74,Media,Lunes,Media,0
ORD-10743,2025-08-20,Puno,Sierra Sur,Terrestre,Express,1530.41,4,8.94,7,10.99,Alta,Miércoles,Media,0
ORD-10744,2025-04-09,Huánuco,Sierra Centro,Terrestre,Express,447.82,2,3.41,5,3.32,Baja,Miércoles,Baja,0
ORD-10745,2025-10-18,Arequipa,Costa Sur,Terrestre,Estándar,1104.89,6,5.19,5,5.85,Baja,Sábado,Baja,0
ORD-10746,2025-05-13,Lima,Lima y Callao,Terrestre,Mismo Día,51.45,1,5.63,5,2.69,Alta,Martes,Media,0
ORD-10747,2025-07-14,Junín,Sierra Centro,Terrestre,Estándar,313.72,3,8.95,6,5.03,Alta,Lunes,Alta,0
ORD-10748,2025-04-25,Loreto,Selva Norte,Aéreo,Estándar,1140.19,6,3.63,2,2.14,Baja,Viernes,Alta,0
ORD-10749,2025-04-25,Piura,Costa Norte,Terrestre,Estándar,951.35,5,5.4,2,4.68,Alta,Viernes,Media,0
ORD-10750,2025-02-27,Lambayeque,Costa Norte,Aéreo,Estándar,726.68,5,5.38,4,4.72,Baja,Jueves,Media,0
ORD-10751,2025-12-17,Tumbes,Costa Norte,Terrestre,Estándar,1251.78,6,6.05,3,2.62,Media,Miércoles,Alta,1
ORD-10752,2025-02-23,Lima,Lima y Callao,Terrestre,Estándar,47.19,3,7.06,6,6.98,Baja,Domingo,Alta,0
ORD-10753,2025-02-01,Cusco,Sierra Sur,Terrestre,Estándar,1111.63,7,5.5,4,9.17,Media,Sábado,Media,0
ORD-10754,2025-12-08,Lambayeque,Costa Norte,Terrestre,Estándar,824.04,5,5.3,6,2.92,Baja,Lunes,Baja,0
ORD-10755,2025-07-22,Áncash,Costa Norte,Terrestre,Estándar,443.62,3,5.37,3,5.53,Media,Martes,Media,0
ORD-10756,2025-06-09,Loreto,Selva Norte,Multimodal,Estándar,1232.15,7,3.85,3,4.36,Baja,Lunes,Baja,0
ORD-10757,2025-09-27,Arequipa,Costa Sur,Terrestre,Estándar,1058.07,6,6.54,6,7.01,Media,Sábado,Media,0
ORD-10758,2025-05-20,Huánuco,Sierra Centro,Terrestre,Estándar,430.93,5,7.03,5,5.09,Media,Martes,Media,0
ORD-10759,2025-02-16,Lima,Lima y Callao,Terrestre,Estándar,114.64,3,5.04,2,4.9,Baja,Domingo,Alta,0
ORD-10760,2025-09-24,Áncash,Costa Norte,Terrestre,Express,424.77,2,4.79,4,6.38,Alta,Miércoles,Baja,0
ORD-10761,2025-03-06,Arequipa,Costa Sur,Terrestre,Express,998.11,3,7.19,7,5.78,Media,Jueves,Baja,1
ORD-10762,2025-07-21,Lima,Lima y Callao,Terrestre,Express,37.77,2,7.62,5,6.3,Baja,Lunes,Alta,0
ORD-10763,2025-12-13,Arequipa,Costa Sur,Terrestre,Estándar,1070.93,6,7.9,5,10.38,Baja,Sábado,Alta,0
ORD-10764,2025-12-08,Lambayeque,Costa Norte,Terrestre,Estándar,846.32,5,4.91,4,6.32,Media,Lunes,Baja,0
ORD-10765,2025-05-12,Ica,Costa Sur,Terrestre,Estándar,309.57,3,5.13,4,5.27,Baja,Lunes,Baja,0
ORD-10766,2025-10-12,Callao,Lima y Callao,Terrestre,Express,69.24,2,4.74,4,2.87,Media,Domingo,Media,0
ORD-10767,2025-08-12,Callao,Lima y Callao,Terrestre,Estándar,65.34,3,11.89,6,20.04,Media,Martes,Alta,1
ORD-10768,2025-06-24,Lima,Lima y Callao,Terrestre,Express,55.03,2,4.91,3,5.24,Media,Martes,Alta,0
ORD-10769,2025-02-21,San Martín,Selva Norte,Terrestre,Estándar,1142.06,6,5.17,4,10.61,Media,Viernes,Media,1
ORD-10770,2025-05-18,Ayacucho,Sierra Sur,Terrestre,Estándar,595.76,4,9.44,8,10.95,Media,Domingo,Media,0
ORD-10771,2025-08-26,Tacna,Costa Sur,Terrestre,Estándar,1313.7,8,8.04,8,9.69,Media,Martes,Baja,0
ORD-10772,2025-12-27,Lima,Lima y Callao,Terrestre,Estándar,49.93,3,6.95,5,4.8,Media,Sábado,Alta,0
ORD-10773,2025-01-02,Lima,Lima y Callao,Terrestre,Express,158.83,2,6.08,4,7.11,Alta,Jueves,Alta,0
ORD-10774,2025-09-19,Lima,Lima y Callao,Terrestre,Mismo Día,110.25,1,6.33,3,7.12,Baja,Viernes,Alta,0
ORD-10775,2025-11-05,Lima,Lima y Callao,Terrestre,Estándar,63.59,3,6.79,3,5.87,Media,Miércoles,Alta,0
ORD-10776,2025-12-14,Madre de Dios,Selva Centro-Sur,Aéreo,Express,1197.5,4,5.34,3,9.62,Alta,Domingo,Media,0
ORD-10777,2025-06-04,Lambayeque,Costa Norte,Terrestre,Estándar,775.82,5,6.01,5,6.24,Media,Miércoles,Media,0
ORD-10778,2025-02-13,Lima,Lima y Callao,Terrestre,Express,113.03,2,6.68,6,5.87,Alta,Jueves,Alta,0
ORD-10779,2025-04-09,Ica,Costa Sur,Terrestre,Estándar,346.78,4,3.85,3,4.08,Media,Miércoles,Media,0
ORD-10780,2025-11-07,Arequipa,Costa Sur,Terrestre,Estándar,991.86,6,2.33,2,3.57,Media,Viernes,Baja,0
ORD-10781,2025-11-17,Lima,Lima y Callao,Terrestre,Express,83.2,2,3.93,2,2.23,Media,Lunes,Media,0
ORD-10782,2025-08-21,Áncash,Costa Norte,Terrestre,Express,428.57,2,4.64,4,4.94,Baja,Jueves,Media,0
ORD-10783,2025-02-14,Cusco,Sierra Sur,Terrestre,Estándar,1042.26,6,6.44,5,6.74,Alta,Viernes,Baja,1
ORD-10784,2025-02-14,Arequipa,Costa Sur,Terrestre,Express,1015.93,3,3.96,2,3.61,Baja,Viernes,Media,0
ORD-10785,2025-06-24,Callao,Lima y Callao,Terrestre,Express,20.8,2,2.37,2,2.69,Alta,Martes,Media,0
ORD-10786,2025-08-03,Lima,Lima y Callao,Terrestre,Express,51.44,2,6.56,3,4.25,Media,Domingo,Alta,0
ORD-10787,2025-01-12,Lima,Lima y Callao,Terrestre,Express,76.83,2,6.29,6,9.16,Alta,Domingo,Baja,0
ORD-10788,2025-09-08,La Libertad,Costa Norte,Terrestre,Estándar,675.58,5,5.24,3,4.94,Alta,Lunes,Media,0
ORD-10789,2025-07-18,Arequipa,Costa Sur,Terrestre,Estándar,995.76,6,5.93,4,4.3,Media,Viernes,Alta,0
ORD-10790,2025-01-05,La Libertad,Costa Norte,Terrestre,Estándar,584.78,4,5.13,4,2.58,Alta,Domingo,Media,0
ORD-10791,2025-02-04,Junín,Sierra Centro,Terrestre,Estándar,403.45,4,6.39,5,4.04,Media,Martes,Baja,0
ORD-10792,2025-06-15,Lima,Lima y Callao,Terrestre,Estándar,149.94,3,6.01,5,7.65,Media,Domingo,Baja,0
ORD-10793,2025-09-21,Lima,Lima y Callao,Terrestre,Mismo Día,81.98,1,3.54,3,2.62,Media,Domingo,Media,0
ORD-10794,2025-10-29,Lima,Lima y Callao,Terrestre,Estándar,15.52,3,7.27,5,7.16,Baja,Miércoles,Media,1
ORD-10795,2025-06-07,Lambayeque,Costa Norte,Terrestre,Estándar,803.45,5,5.38,5,5.75,Baja,Sábado,Media,0
ORD-10796,2025-04-18,Tacna,Costa Sur,Terrestre,Estándar,1304.38,8,7.0,4,5.16,Baja,Viernes,Alta,1
ORD-10797,2025-12-20,Lima,Lima y Callao,Terrestre,Estándar,103.86,4,9.08,5,8.08,Media,Sábado,Media,0
ORD-10798,2025-06-17,Lima,Lima y Callao,Terrestre,Express,64.77,2,7.69,7,13.93,Baja,Martes,Baja,0
ORD-10799,2025-04-26,Lambayeque,Costa Norte,Terrestre,Estándar,705.72,5,6.53,5,6.33,Media,Sábado,Media,0
ORD-10800,2025-06-11,Áncash,Costa Norte,Terrestre,Estándar,395.09,5,6.52,4,3.42,Media,Miércoles,Media,0
ORD-10801,2025-01-05,San Martín,Selva Norte,Terrestre,Estándar,1134.48,6,4.37,2,2.89,Media,Domingo,Media,0
ORD-10802,2025-04-21,Ica,Costa Sur,Terrestre,Estándar,285.01,3,10.15,8,13.45,Alta,Lunes,Media,0
ORD-10803,2025-07-08,Cusco,Sierra Sur,Terrestre,Estándar,1006.19,6,4.77,4,1.84,Alta,Martes,Alta,0
ORD-10804,2025-12-02,Ucayali,Selva Centro-Sur,Terrestre,Estándar,876.97,5,4.71,4,3.67,Alta,Martes,Media,0
ORD-10805,2025-09-27,Lima,Lima y Callao,Terrestre,Estándar,113.68,2,7.69,6,7.47,Media,Sábado,Media,1
ORD-10806,2025-10-13,Apurímac,Sierra Sur,Terrestre,Express,778.39,3,6.05,4,4.04,Baja,Lunes,Alta,1
ORD-10807,2025-07-18,Arequipa,Costa Sur,Terrestre,Express,1044.29,3,3.86,3,4.64,Alta,Viernes,Baja,1
ORD-10808,2025-02-10,Áncash,Costa Norte,Terrestre,Estándar,440.19,4,5.07,3,2.7,Baja,Lunes,Media,0
ORD-10809,2025-05-23,Lima,Lima y Callao,Terrestre,Mismo Día,74.06,1,8.76,5,9.44,Baja,Viernes,Alta,1
ORD-10810,2025-12-30,Arequipa,Costa Sur,Terrestre,Estándar,1117.21,6,8.99,7,8.14,Media,Martes,Alta,1
ORD-10811,2025-01-17,San Martín,Selva Norte,Terrestre,Express,1201.15,4,5.08,4,1.82,Media,Viernes,Media,0
ORD-10812,2025-11-17,San Martín,Selva Norte,Terrestre,Express,1045.76,3,10.66,8,13.15,Media,Lunes,Alta,1
ORD-10813,2025-09-07,Lima,Lima y Callao,Terrestre,Estándar,25.0,2,4.42,5,8.72,Baja,Domingo,Baja,0
ORD-10814,2025-04-14,Lima,Lima y Callao,Terrestre,Express,67.97,2,6.86,4,5.17,Media,Lunes,Alta,0
ORD-10815,2025-10-11,Huánuco,Sierra Centro,Terrestre,Estándar,423.31,4,1.98,3,2.18,Baja,Sábado,Baja,0
ORD-10816,2025-11-02,Arequipa,Costa Sur,Terrestre,Express,1021.89,3,6.32,5,9.02,Baja,Domingo,Media,0
ORD-10817,2025-01-16,Lima,Lima y Callao,Terrestre,Express,142.01,2,3.93,4,3.35,Media,Jueves,Media,0
ORD-10818,2025-02-08,Arequipa,Costa Sur,Terrestre,Express,1081.44,3,5.16,4,4.31,Media,Sábado,Media,0
ORD-10819,2025-08-31,Arequipa,Costa Sur,Terrestre,Estándar,989.6,6,4.87,3,3.32,Media,Domingo,Media,0
ORD-10820,2025-12-31,Ica,Costa Sur,Terrestre,Express,287.89,2,4.17,1,0.7,Baja,Miércoles,Alta,0
ORD-10821,2025-01-09,Áncash,Costa Norte,Terrestre,Estándar,330.97,5,9.76,9,10.6,Baja,Jueves,Alta,1
ORD-10822,2025-08-31,La Libertad,Costa Norte,Terrestre,Express,617.16,3,7.01,7,9.34,Baja,Domingo,Media,0
ORD-10823,2025-02-19,Lima,Lima y Callao,Terrestre,Estándar,33.55,3,7.44,8,10.24,Media,Miércoles,Media,0
ORD-10824,2025-08-26,Loreto,Selva Norte,Multimodal,Estándar,1649.04,10,5.75,4,4.81,Alta,Martes,Media,0
ORD-10825,2025-08-16,Lima,Lima y Callao,Terrestre,Estándar,131.38,3,2.53,2,1.98,Media,Sábado,Media,0
ORD-10826,2025-02-03,Piura,Costa Norte,Terrestre,Express,924.98,3,13.3,9,20.3,Media,Lunes,Alta,1
ORD-10827,2025-09-06,La Libertad,Costa Norte,Terrestre,Express,636.49,3,3.77,4,5.49,Alta,Sábado,Media,0
ORD-10828,2025-11-24,Piura,Costa Norte,Terrestre,Estándar,974.86,6,8.58,5,3.91,Baja,Lunes,Alta,0
ORD-10829,2025-11-12,Lima,Lima y Callao,Terrestre,Estándar,120.6,3,6.15,5,7.69,Baja,Miércoles,Baja,0
ORD-10830,2025-01-11,Callao,Lima y Callao,Terrestre,Express,38.64,2,3.11,4,5.67,Media,Sábado,Baja,0
ORD-10831,2025-03-31,San Martín,Selva Norte,Multimodal,Estándar,1013.52,7,5.04,5,7.88,Baja,Lunes,Baja,0
ORD-10832,2025-03-29,Cusco,Sierra Sur,Terrestre,Express,1090.03,3,5.84,3,3.9,Media,Sábado,Alta,0
ORD-10833,2025-06-15,Áncash,Costa Norte,Terrestre,Estándar,345.91,4,4.79,6,5.42,Media,Domingo,Baja,0
ORD-10834,2025-02-22,Cusco,Sierra Sur,Aéreo,Express,1078.2,3,11.37,11,6.95,Media,Sábado,Alta,0
ORD-10835,2025-11-08,Junín,Sierra Centro,Aéreo,Express,324.72,2,9.92,8,7.83,Media,Sábado,Media,1
ORD-10836,2025-10-11,Junín,Sierra Centro,Terrestre,Estándar,393.13,4,8.16,8,4.51,Media,Sábado,Media,1
ORD-10837,2025-10-23,Lima,Lima y Callao,Terrestre,Express,124.73,2,6.22,5,6.99,Baja,Jueves,Media,0
ORD-10838,2025-03-14,Piura,Costa Norte,Terrestre,Estándar,903.62,5,12.16,11,6.49,Alta,Viernes,Alta,0
ORD-10839,2025-01-06,Huánuco,Sierra Centro,Terrestre,Estándar,452.5,4,6.71,6,5.85,Media,Lunes,Media,0
ORD-10840,2025-11-29,Lima,Lima y Callao,Terrestre,Estándar,111.2,3,9.36,6,9.72,Baja,Sábado,Alta,0
ORD-10841,2025-04-16,Ica,Costa Sur,Terrestre,Estándar,261.95,3,5.51,3,3.51,Baja,Miércoles,Alta,0
ORD-10842,2025-08-28,Madre de Dios,Selva Centro-Sur,Terrestre,Express,1249.29,4,5.27,4,5.08,Baja,Jueves,Media,0
ORD-10843,2025-11-28,Cajamarca,Sierra Norte,Terrestre,Express,919.12,3,8.66,5,7.22,Baja,Viernes,Alta,0
ORD-10844,2025-01-14,Arequipa,Costa Sur,Terrestre,Estándar,996.51,6,6.0,4,5.97,Baja,Martes,Alta,1
ORD-10845,2025-01-02,Lima,Lima y Callao,Terrestre,Express,125.37,2,8.17,4,7.81,Baja,Jueves,Alta,0
ORD-10846,2025-01-02,Lima,Lima y Callao,Terrestre,Express,86.77,2,10.37,8,12.36,Alta,Jueves,Media,1
ORD-10847,2025-02-27,Loreto,Selva Norte,Multimodal,Estándar,1427.9,9,9.31,6,8.64,Alta,Jueves,Media,1
ORD-10848,2025-01-19,Lima,Lima y Callao,Terrestre,Estándar,47.57,4,1.48,3,1.82,Media,Domingo,Baja,0
ORD-10849,2025-10-27,Lima,Lima y Callao,Terrestre,Mismo Día,22.26,1,7.06,7,9.22,Media,Lunes,Baja,1
ORD-10850,2025-08-10,La Libertad,Costa Norte,Terrestre,Estándar,549.2,5,6.01,5,12.64,Media,Domingo,Baja,0
ORD-10851,2025-12-24,Áncash,Costa Norte,Terrestre,Express,490.98,2,6.19,2,3.41,Media,Miércoles,Alta,0
ORD-10852,2025-10-20,Arequipa,Costa Sur,Terrestre,Estándar,1084.78,6,9.86,7,12.94,Alta,Lunes,Media,1
ORD-10853,2025-12-18,Áncash,Costa Norte,Terrestre,Express,466.48,2,6.1,3,2.79,Media,Jueves,Alta,0
ORD-10854,2025-03-29,Ica,Costa Sur,Terrestre,Estándar,266.33,4,5.71,5,5.88,Media,Sábado,Media,0
ORD-10855,2025-04-16,Lima,Lima y Callao,Terrestre,Express,88.19,2,6.08,6,9.35,Alta,Miércoles,Baja,0
ORD-10856,2025-11-07,Junín,Sierra Centro,Terrestre,Estándar,414.03,3,4.89,3,4.15,Media,Viernes,Media,0
ORD-10857,2025-03-31,Lima,Lima y Callao,Terrestre,Express,103.98,2,9.93,8,13.75,Baja,Lunes,Media,0
ORD-10858,2025-01-21,Lambayeque,Costa Norte,Terrestre,Estándar,739.65,6,4.89,5,3.79,Baja,Martes,Baja,1
ORD-10859,2025-09-02,Lima,Lima y Callao,Terrestre,Estándar,136.93,4,5.85,5,3.81,Media,Martes,Baja,0
ORD-10860,2025-10-20,Lima,Lima y Callao,Terrestre,Express,50.46,2,8.12,7,4.88,Baja,Lunes,Alta,0
ORD-10861,2025-12-20,Ica,Costa Sur,Aéreo,Express,262.98,2,6.72,4,5.43,Baja,Sábado,Media,0
ORD-10862,2025-12-05,Junín,Sierra Centro,Terrestre,Express,440.1,2,7.12,5,5.43,Baja,Viernes,Alta,1
ORD-10863,2025-02-13,Lima,Lima y Callao,Terrestre,Estándar,84.32,2,6.61,7,8.12,Media,Jueves,Media,0
ORD-10864,2025-10-09,Lima,Lima y Callao,Terrestre,Estándar,74.26,3,7.14,4,3.9,Alta,Jueves,Alta,0
ORD-10865,2025-11-05,Ica,Costa Sur,Terrestre,Express,298.59,2,7.95,5,4.25,Media,Miércoles,Alta,1
ORD-10866,2025-09-12,Ica,Costa Sur,Aéreo,Express,363.38,2,4.75,4,4.96,Baja,Viernes,Media,0
ORD-10867,2025-10-27,Lima,Lima y Callao,Terrestre,Mismo Día,44.23,1,7.53,5,9.87,Media,Lunes,Alta,0
ORD-10868,2025-11-02,Lima,Lima y Callao,Terrestre,Express,114.29,2,5.36,3,7.01,Media,Domingo,Media,0
ORD-10869,2025-06-12,Ayacucho,Sierra Sur,Terrestre,Express,593.68,3,10.06,7,17.2,Media,Jueves,Media,0
ORD-10870,2025-01-15,La Libertad,Costa Norte,Terrestre,Estándar,564.34,4,3.42,3,3.15,Media,Miércoles,Baja,0
ORD-10871,2025-06-16,Piura,Costa Norte,Terrestre,Express,955.24,3,2.7,4,3.41,Baja,Lunes,Baja,0
ORD-10872,2025-03-15,Áncash,Costa Norte,Terrestre,Estándar,422.1,4,6.6,6,10.45,Media,Sábado,Media,0
ORD-10873,2025-02-11,Piura,Costa Norte,Terrestre,Estándar,923.53,5,6.48,3,6.59,Baja,Martes,Alta,0
ORD-10874,2025-02-15,Cajamarca,Sierra Norte,Terrestre,Estándar,873.77,6,4.05,2,2.89,Media,Sábado,Media,0
ORD-10875,2025-09-12,Lima,Lima y Callao,Terrestre,Express,99.56,2,5.73,4,4.33,Alta,Viernes,Alta,0
ORD-10876,2025-07-04,La Libertad,Costa Norte,Terrestre,Estándar,620.87,5,3.4,1,1.4,Alta,Viernes,Alta,0
ORD-10877,2025-07-17,Áncash,Costa Norte,Terrestre,Express,449.82,2,9.47,6,9.45,Baja,Jueves,Alta,0
ORD-10878,2025-09-29,Puno,Sierra Sur,Terrestre,Estándar,1442.19,7,6.86,6,9.18,Media,Lunes,Alta,0
ORD-10879,2025-07-20,Lambayeque,Costa Norte,Terrestre,Estándar,774.62,4,7.76,5,6.21,Media,Domingo,Alta,1
ORD-10880,2025-08-18,Tacna,Costa Sur,Terrestre,Express,1305.37,4,4.51,3,2.35,Alta,Lunes,Media,0
ORD-10881,2025-02-01,Huancavelica,Sierra Centro,Terrestre,Estándar,514.93,4,7.64,8,6.29,Baja,Sábado,Media,0
ORD-10882,2025-11-07,Piura,Costa Norte,Terrestre,Estándar,974.62,7,7.47,6,6.75,Media,Viernes,Alta,0
ORD-10883,2025-06-13,Puno,Sierra Sur,Terrestre,Express,1274.65,4,7.16,4,7.73,Baja,Viernes,Media,0
ORD-10884,2025-02-26,Lima,Lima y Callao,Terrestre,Estándar,68.41,2,7.73,6,10.61,Baja,Miércoles,Media,1
ORD-10885,2025-10-24,Callao,Lima y Callao,Terrestre,Mismo Día,25.15,1,5.68,3,2.99,Media,Viernes,Alta,0
ORD-10886,2025-09-26,Lima,Lima y Callao,Terrestre,Mismo Día,75.45,1,4.63,3,1.84,Media,Viernes,Media,0
ORD-10887,2025-01-20,Lima,Lima y Callao,Terrestre,Express,158.24,2,10.38,9,18.79,Baja,Lunes,Baja,0
ORD-10888,2025-03-12,San Martín,Selva Norte,Terrestre,Estándar,1103.22,6,7.95,6,12.51,Alta,Miércoles,Media,0
ORD-10889,2025-01-06,La Libertad,Costa Norte,Terrestre,Estándar,604.94,4,5.42,4,5.23,Media,Lunes,Baja,0
ORD-10890,2025-04-09,Cusco,Sierra Sur,Terrestre,Estándar,1074.39,5,5.96,6,6.16,Alta,Miércoles,Media,0
ORD-10891,2025-02-06,Ayacucho,Sierra Sur,Terrestre,Estándar,640.47,5,5.08,3,3.58,Media,Jueves,Media,0
ORD-10892,2025-09-17,Lima,Lima y Callao,Terrestre,Express,79.82,2,4.81,4,7.29,Alta,Miércoles,Media,0
ORD-10893,2025-07-10,Tumbes,Costa Norte,Terrestre,Express,1258.51,4,8.62,6,8.6,Media,Jueves,Alta,0
ORD-10894,2025-12-24,Áncash,Costa Norte,Terrestre,Estándar,445.96,4,6.71,5,5.04,Baja,Miércoles,Media,0
ORD-10895,2025-10-01,Lima,Lima y Callao,Terrestre,Estándar,32.98,4,14.88,8,24.9,Baja,Miércoles,Alta,1
ORD-10896,2025-08-12,Puno,Sierra Sur,Terrestre,Estándar,1369.23,7,7.73,8,5.26,Alta,Martes,Media,0
ORD-10897,2025-07-05,Arequipa,Costa Sur,Terrestre,Estándar,1021.9,7,6.53,5,4.66,Baja,Sábado,Alta,0
ORD-10898,2025-01-20,Arequipa,Costa Sur,Terrestre,Estándar,1056.1,6,7.19,6,5.84,Media,Lunes,Media,1
ORD-10899,2025-01-26,Lima,Lima y Callao,Terrestre,Estándar,162.44,3,5.5,6,7.88,Media,Domingo,Baja,0
ORD-10900,2025-08-13,Lima,Lima y Callao,Terrestre,Estándar,119.77,2,6.44,4,7.86,Baja,Miércoles,Media,0
ORD-10901,2025-01-02,Arequipa,Costa Sur,Terrestre,Estándar,1015.88,6,11.23,8,13.72,Baja,Jueves,Alta,0
ORD-10902,2025-01-16,Moquegua,Costa Sur,Terrestre,Estándar,1103.36,6,3.6,2,2.79,Media,Jueves,Alta,1
ORD-10903,2025-03-21,Lima,Lima y Callao,Terrestre,Express,94.48,2,6.42,7,5.22,Media,Viernes,Baja,0
ORD-10904,2025-11-19,Puno,Sierra Sur,Terrestre,Express,1441.5,4,5.57,5,9.44,Media,Miércoles,Baja,0
ORD-10905,2025-06-17,Piura,Costa Norte,Terrestre,Express,1050.5,3,5.87,4,2.9,Baja,Martes,Media,0
ORD-10906,2025-09-16,Loreto,Selva Norte,Aéreo,Express,1545.35,4,4.2,3,3.11,Media,Martes,Alta,1
ORD-10907,2025-05-31,Lima,Lima y Callao,Terrestre,Express,54.3,2,4.17,3,3.59,Baja,Sábado,Media,0
ORD-10908,2025-03-05,Cusco,Sierra Sur,Terrestre,Express,1107.1,4,3.9,5,4.19,Media,Miércoles,Baja,1
ORD-10909,2025-05-16,Lima,Lima y Callao,Terrestre,Express,133.86,2,5.15,4,3.46,Baja,Viernes,Baja,0
ORD-10910,2025-02-03,Arequipa,Costa Sur,Terrestre,Estándar,1042.47,6,3.51,4,7.1,Baja,Lunes,Baja,0
ORD-10911,2025-10-09,Lima,Lima y Callao,Terrestre,Estándar,105.29,4,8.42,5,11.42,Alta,Jueves,Baja,0
ORD-10912,2025-03-08,Ayacucho,Sierra Sur,Terrestre,Estándar,615.39,4,7.06,5,5.89,Baja,Sábado,Alta,0
ORD-10913,2025-05-18,Lima,Lima y Callao,Terrestre,Express,99.7,2,4.12,2,1.61,Media,Domingo,Alta,0
ORD-10914,2025-12-24,Apurímac,Sierra Sur,Terrestre,Estándar,823.07,5,7.52,5,6.72,Baja,Miércoles,Media,0
ORD-10915,2025-08-05,Huánuco,Sierra Centro,Terrestre,Estándar,398.28,4,3.81,1,0.86,Baja,Martes,Alta,0
ORD-10916,2025-06-17,Callao,Lima y Callao,Terrestre,Express,56.29,2,5.56,5,7.01,Baja,Martes,Media,0
ORD-10917,2025-07-18,Lima,Lima y Callao,Terrestre,Estándar,148.22,3,8.02,7,9.42,Alta,Viernes,Media,0
ORD-10918,2025-10-14,Lima,Lima y Callao,Terrestre,Express,129.57,2,4.92,5,3.11,Media,Martes,Media,0
ORD-10919,2025-04-03,Arequipa,Costa Sur,Terrestre,Estándar,993.62,6,6.11,6,6.31,Baja,Jueves,Media,0
ORD-10920,2025-08-21,Piura,Costa Norte,Terrestre,Estándar,899.55,5,8.2,6,9.72,Media,Jueves,Media,0
ORD-10921,2025-11-15,Piura,Costa Norte,Terrestre,Estándar,935.75,5,5.03,4,4.95,Media,Sábado,Baja,0
ORD-10922,2025-07-28,Ica,Costa Sur,Terrestre,Estándar,331.69,4,9.32,7,4.87,Media,Lunes,Alta,0
ORD-10923,2025-06-12,Lima,Lima y Callao,Terrestre,Express,101.81,2,2.34,1,1.72,Alta,Jueves,Media,0
ORD-10924,2025-02-22,La Libertad,Costa Norte,Terrestre,Estándar,692.2,5,5.74,3,1.68,Media,Sábado,Alta,0
ORD-10925,2025-04-01,Cajamarca,Sierra Norte,Terrestre,Estándar,863.81,5,7.46,8,10.89,Media,Martes,Baja,0
ORD-10926,2025-12-12,Lima,Lima y Callao,Terrestre,Estándar,90.74,3,3.28,2,2.32,Media,Viernes,Media,0
ORD-10927,2025-07-17,Arequipa,Costa Sur,Terrestre,Express,1062.76,3,4.77,3,4.62,Alta,Jueves,Media,0
ORD-10928,2025-04-20,Piura,Costa Norte,Terrestre,Express,928.37,3,5.45,3,3.35,Media,Domingo,Media,0
ORD-10929,2025-06-02,Puno,Sierra Sur,Terrestre,Estándar,1499.49,7,4.97,4,5.98,Baja,Lunes,Media,1
ORD-10930,2025-07-30,Madre de Dios,Selva Centro-Sur,Aéreo,Estándar,1256.89,7,10.92,7,15.03,Alta,Miércoles,Alta,1
ORD-10931,2025-07-16,Lima,Lima y Callao,Terrestre,Estándar,15.08,3,6.48,4,6.77,Alta,Miércoles,Media,0
ORD-10932,2025-09-13,Lima,Lima y Callao,Terrestre,Express,22.99,2,4.54,3,5.05,Media,Sábado,Media,0
ORD-10933,2025-04-04,Ucayali,Selva Centro-Sur,Aéreo,Estándar,995.45,6,9.38,10,15.44,Media,Viernes,Baja,0
ORD-10934,2025-08-25,Cusco,Sierra Sur,Terrestre,Estándar,1091.25,6,5.04,6,3.62,Media,Lunes,Media,0
ORD-10935,2025-06-11,Arequipa,Costa Sur,Terrestre,Estándar,1057.33,7,7.27,4,5.28,Alta,Miércoles,Alta,0
ORD-10936,2025-12-10,Lima,Lima y Callao,Terrestre,Estándar,118.06,4,7.69,7,9.54,Media,Miércoles,Media,1
ORD-10937,2025-02-27,Ica,Costa Sur,Terrestre,Express,287.24,2,7.26,5,7.94,Media,Jueves,Media,0
ORD-10938,2025-02-24,Ica,Costa Sur,Terrestre,Estándar,325.32,5,3.91,4,4.93,Media,Lunes,Baja,0
ORD-10939,2025-06-18,Amazonas,Selva Norte,Aéreo,Estándar,1264.34,7,3.63,4,6.59,Media,Miércoles,Media,0
ORD-10940,2025-07-05,Lima,Lima y Callao,Terrestre,Express,52.06,2,7.4,4,3.44,Baja,Sábado,Alta,0
ORD-10941,2025-09-10,Cusco,Sierra Sur,Terrestre,Express,1120.55,4,6.25,3,8.87,Media,Miércoles,Media,0
ORD-10942,2025-05-28,Callao,Lima y Callao,Terrestre,Estándar,31.97,3,6.01,4,6.23,Baja,Miércoles,Media,0
ORD-10943,2025-11-30,Áncash,Costa Norte,Terrestre,Express,391.87,2,8.72,7,5.67,Media,Domingo,Alta,0
ORD-10944,2025-06-23,Junín,Sierra Centro,Terrestre,Estándar,354.09,5,4.79,3,6.9,Alta,Lunes,Media,1
ORD-10945,2025-02-17,Piura,Costa Norte,Terrestre,Estándar,1029.71,6,6.51,5,3.94,Media,Lunes,Alta,0
ORD-10946,2025-02-13,Ica,Costa Sur,Terrestre,Estándar,235.4,3,5.5,5,6.31,Baja,Jueves,Media,0
ORD-10947,2025-12-22,Lima,Lima y Callao,Terrestre,Estándar,79.73,4,7.0,6,7.63,Alta,Lunes,Baja,0
ORD-10948,2025-02-18,Lima,Lima y Callao,Terrestre,Express,104.61,2,3.28,2,2.49,Baja,Martes,Media,0
ORD-10949,2025-12-12,Ica,Costa Sur,Aéreo,Express,254.46,2,7.96,7,8.12,Alta,Viernes,Media,0
ORD-10950,2025-04-12,Madre de Dios,Selva Centro-Sur,Terrestre,Estándar,1326.44,7,4.6,4,4.92,Baja,Sábado,Media,1
ORD-10951,2025-02-04,Lima,Lima y Callao,Terrestre,Express,147.88,2,5.49,3,2.41,Media,Martes,Alta,0
ORD-10952,2025-04-22,Lima,Lima y Callao,Terrestre,Estándar,39.2,3,7.28,5,6.68,Media,Martes,Media,0
ORD-10953,2025-08-13,Amazonas,Selva Norte,Terrestre,Estándar,1014.05,6,10.04,8,9.35,Media,Miércoles,Alta,1
ORD-10954,2025-06-06,Áncash,Costa Norte,Terrestre,Express,519.36,2,3.59,3,9.16,Media,Viernes,Baja,0
ORD-10955,2025-10-14,Ucayali,Selva Centro-Sur,Terrestre,Estándar,815.31,6,6.54,5,11.9,Baja,Martes,Baja,0
ORD-10956,2025-08-12,Lima,Lima y Callao,Terrestre,Mismo Día,36.86,1,4.38,1,1.41,Media,Martes,Alta,0
ORD-10957,2025-05-27,San Martín,Selva Norte,Multimodal,Express,1233.39,5,4.93,3,3.68,Baja,Martes,Media,0
ORD-10958,2025-08-20,Puno,Sierra Sur,Terrestre,Estándar,1462.65,7,6.89,6,5.29,Media,Miércoles,Media,0
ORD-10959,2025-12-21,Áncash,Costa Norte,Terrestre,Express,438.29,2,7.15,4,4.23,Media,Domingo,Alta,0
ORD-10960,2025-05-31,Loreto,Selva Norte,Aéreo,Express,1391.95,4,10.0,6,10.47,Media,Sábado,Media,0
ORD-10961,2025-02-26,Lambayeque,Costa Norte,Terrestre,Estándar,841.04,6,8.33,9,10.09,Baja,Miércoles,Media,1
ORD-10962,2025-05-30,Lima,Lima y Callao,Terrestre,Estándar,101.78,3,6.29,4,4.17,Media,Viernes,Media,0
ORD-10963,2025-11-03,Amazonas,Selva Norte,Terrestre,Estándar,1149.7,7,11.8,8,12.46,Media,Lunes,Alta,0
ORD-10964,2025-03-21,Huancavelica,Sierra Centro,Terrestre,Estándar,574.72,5,7.21,3,1.96,Baja,Viernes,Alta,0
ORD-10965,2025-12-13,Lima,Lima y Callao,Terrestre,Mismo Día,101.52,1,6.62,5,5.23,Media,Sábado,Alta,0
ORD-10966,2025-08-03,Loreto,Selva Norte,Multimodal,Estándar,1370.77,9,8.46,5,10.66,Baja,Domingo,Media,0
ORD-10967,2025-08-08,Lima,Lima y Callao,Terrestre,Express,75.8,2,9.78,6,13.37,Baja,Viernes,Media,0
ORD-10968,2025-04-26,Huánuco,Sierra Centro,Terrestre,Express,465.79,2,8.4,5,10.77,Media,Sábado,Alta,0
ORD-10969,2025-12-02,Ica,Costa Sur,Terrestre,Express,295.8,2,5.29,3,2.39,Baja,Martes,Alta,1
ORD-10970,2025-01-14,Tacna,Costa Sur,Aéreo,Estándar,1297.32,7,6.35,5,3.53,Baja,Martes,Baja,0
ORD-10971,2025-04-20,La Libertad,Costa Norte,Terrestre,Express,606.85,3,4.97,6,5.78,Media,Domingo,Baja,0
ORD-10972,2025-06-02,Lambayeque,Costa Norte,Terrestre,Express,818.98,3,6.03,5,6.0,Media,Lunes,Baja,0
ORD-10973,2025-06-24,Lima,Lima y Callao,Terrestre,Express,78.19,2,6.87,5,4.15,Baja,Martes,Media,0
ORD-10974,2025-06-23,La Libertad,Costa Norte,Terrestre,Estándar,540.72,4,3.77,3,1.96,Baja,Lunes,Media,0
ORD-10975,2025-02-23,Lima,Lima y Callao,Terrestre,Mismo Día,65.34,1,9.67,8,14.47,Media,Domingo,Media,1
ORD-10976,2025-03-24,La Libertad,Costa Norte,Aéreo,Estándar,582.4,3,7.14,4,6.73,Media,Lunes,Media,0
ORD-10977,2025-02-04,Moquegua,Costa Sur,Aéreo,Express,1180.8,4,7.56,6,5.39,Media,Martes,Alta,0
ORD-10978,2025-07-28,Puno,Sierra Sur,Terrestre,Estándar,1352.19,8,6.24,3,5.3,Media,Lunes,Alta,0
ORD-10979,2025-05-09,San Martín,Selva Norte,Terrestre,Express,1037.25,3,2.56,3,5.9,Media,Viernes,Media,0
ORD-10980,2025-07-26,Lima,Lima y Callao,Terrestre,Express,122.01,2,8.09,5,2.23,Alta,Sábado,Alta,0
ORD-10981,2025-08-04,La Libertad,Costa Norte,Terrestre,Estándar,537.97,4,4.32,4,6.31,Media,Lunes,Baja,0
ORD-10982,2025-09-14,Lima,Lima y Callao,Terrestre,Estándar,52.34,4,6.69,5,5.92,Baja,Domingo,Media,0
ORD-10983,2025-07-19,Pasco,Sierra Centro,Aéreo,Express,386.64,2,7.69,6,2.63,Baja,Sábado,Alta,1
ORD-10984,2025-08-25,Lima,Lima y Callao,Terrestre,Estándar,90.66,4,6.96,4,7.53,Baja,Lunes,Media,0
ORD-10985,2025-08-03,Lima,Lima y Callao,Terrestre,Estándar,116.59,3,6.31,5,6.0,Media,Domingo,Baja,0
ORD-10986,2025-08-27,Lima,Lima y Callao,Terrestre,Express,126.39,2,4.56,5,3.35,Alta,Miércoles,Media,0
ORD-10987,2025-08-14,Lima,Lima y Callao,Terrestre,Estándar,147.89,3,5.04,4,5.9,Media,Jueves,Media,0
ORD-10988,2025-04-26,Lima,Lima y Callao,Terrestre,Express,33.56,2,4.99,3,4.4,Baja,Sábado,Media,0
ORD-10989,2025-03-31,Callao,Lima y Callao,Terrestre,Estándar,54.41,2,9.92,6,9.16,Media,Lunes,Alta,1
ORD-10990,2025-10-15,Lima,Lima y Callao,Terrestre,Express,108.08,2,7.47,6,3.53,Alta,Miércoles,Alta,0
ORD-10991,2025-05-06,Lima,Lima y Callao,Terrestre,Estándar,56.6,3,3.6,2,2.31,Baja,Martes,Media,0
ORD-10992,2025-07-20,Amazonas,Selva Norte,Multimodal,Estándar,1260.44,7,6.32,3,2.45,Media,Domingo,Alta,1
ORD-10993,2025-03-13,Piura,Costa Norte,Terrestre,Estándar,953.01,5,6.03,6,6.66,Alta,Jueves,Media,0
ORD-10994,2025-06-07,Lima,Lima y Callao,Terrestre,Express,135.32,2,7.86,9,5.53,Media,Sábado,Media,0
ORD-10995,2025-07-13,Ayacucho,Sierra Sur,Terrestre,Estándar,630.36,4,8.85,7,5.18,Media,Domingo,Alta,1
ORD-10996,2025-08-17,Madre de Dios,Selva Centro-Sur,Aéreo,Express,1238.04,4,7.24,4,9.86,Media,Domingo,Media,1
ORD-10997,2025-07-12,Lima,Lima y Callao,Terrestre,Express,50.3,2,11.56,6,11.89,Baja,Sábado,Alta,0
ORD-10998,2025-05-12,Lima,Lima y Callao,Terrestre,Express,140.99,2,5.32,3,5.42,Media,Lunes,Alta,0
ORD-10999,2025-12-18,La Libertad,Costa Norte,Terrestre,Estándar,618.58,5,13.35,8,18.32,Baja,Jueves,Alta,1
ORD-11000,2025-07-07,Piura,Costa Norte,Terrestre,Estándar,862.65,5,6.74,4,2.21,Media,Lunes,Alta,0
ORD-11001,2025-10-23,La Libertad,Costa Norte,Terrestre,Estándar,537.53,4,8.67,7,8.26,Alta,Jueves,Alta,0
ORD-11002,2025-09-26,Lima,Lima y Callao,Terrestre,Express,117.15,2,4.53,4,5.52,Media,Viernes,Media,0
ORD-11003,2025-07-23,Amazonas,Selva Norte,Multimodal,Estándar,1017.36,7,5.07,3,3.29,Media,Miércoles,Media,0
ORD-11004,2025-11-20,Lima,Lima y Callao,Terrestre,Estándar,95.58,3,8.96,8,4.66,Baja,Jueves,Alta,0
ORD-11005,2025-02-16,Lima,Lima y Callao,Terrestre,Estándar,104.74,3,6.08,4,7.25,Baja,Domingo,Media,0
ORD-11006,2025-12-03,Lima,Lima y Callao,Terrestre,Estándar,64.94,3,6.72,4,6.45,Media,Miércoles,Alta,0
ORD-11007,2025-11-07,Lima,Lima y Callao,Terrestre,Express,92.54,2,6.77,5,4.63,Baja,Viernes,Alta,0
ORD-11008,2025-07-03,Loreto,Selva Norte,Aéreo,Estándar,1254.13,6,11.33,9,15.6,Media,Jueves,Baja,1
ORD-11009,2025-09-25,Lima,Lima y Callao,Terrestre,Estándar,149.12,3,7.68,5,6.52,Baja,Jueves,Alta,1
ORD-11010,2025-07-09,Cusco,Sierra Sur,Terrestre,Estándar,1150.33,6,12.44,9,14.04,Alta,Miércoles,Alta,1
ORD-11011,2025-04-09,Tacna,Costa Sur,Terrestre,Express,1286.95,4,4.45,4,3.59,Media,Miércoles,Media,0
ORD-11012,2025-10-19,Lima,Lima y Callao,Terrestre,Express,88.52,2,9.09,6,7.99,Media,Domingo,Alta,1
ORD-11013,2025-03-31,Ucayali,Selva Centro-Sur,Aéreo,Express,884.73,3,3.43,2,3.04,Media,Lunes,Media,0
ORD-11014,2025-04-25,Tumbes,Costa Norte,Terrestre,Estándar,1361.93,8,7.35,6,6.3,Media,Viernes,Media,0
ORD-11015,2025-07-09,Puno,Sierra Sur,Terrestre,Estándar,1342.38,7,5.43,3,1.57,Baja,Miércoles,Alta,0
ORD-11016,2025-11-02,Lima,Lima y Callao,Terrestre,Estándar,91.82,4,6.36,4,5.18,Alta,Domingo,Alta,0
ORD-11017,2025-05-21,Lima,Lima y Callao,Terrestre,Mismo Día,144.41,1,3.86,3,4.33,Media,Miércoles,Media,0
ORD-11018,2025-06-30,Cajamarca,Sierra Norte,Terrestre,Express,828.45,3,3.73,2,2.11,Baja,Lunes,Media,0
ORD-11019,2025-01-16,Lima,Lima y Callao,Terrestre,Express,90.64,2,7.0,5,7.87,Media,Jueves,Alta,0
ORD-11020,2025-02-12,Lima,Lima y Callao,Terrestre,Mismo Día,41.87,1,7.39,3,4.43,Media,Miércoles,Alta,0
ORD-11021,2025-01-21,Lima,Lima y Callao,Terrestre,Express,97.57,2,3.32,4,5.67,Media,Martes,Baja,0
ORD-11022,2025-01-27,Piura,Costa Norte,Terrestre,Estándar,947.98,5,4.63,2,2.27,Alta,Lunes,Alta,0
ORD-11023,2025-11-14,Arequipa,Costa Sur,Terrestre,Estándar,1115.75,7,6.89,3,1.82,Media,Viernes,Alta,0
ORD-11024,2025-11-04,Junín,Sierra Centro,Terrestre,Express,354.42,2,6.12,3,1.83,Baja,Martes,Alta,1
ORD-11025,2025-10-27,Lima,Lima y Callao,Terrestre,Express,46.85,2,6.58,4,6.3,Baja,Lunes,Alta,0
ORD-11026,2025-01-21,La Libertad,Costa Norte,Terrestre,Estándar,657.94,4,4.86,4,3.18,Baja,Martes,Baja,0
ORD-11027,2025-01-29,Arequipa,Costa Sur,Terrestre,Express,1069.42,3,6.45,7,6.16,Media,Miércoles,Media,0
ORD-11028,2025-04-13,Cajamarca,Sierra Norte,Terrestre,Estándar,923.79,5,8.48,7,12.35,Baja,Domingo,Media,0
ORD-11029,2025-07-26,Pasco,Sierra Centro,Terrestre,Estándar,373.66,4,4.42,3,1.46,Media,Sábado,Alta,1
ORD-11030,2025-05-02,Lambayeque,Costa Norte,Terrestre,Estándar,760.02,5,6.72,4,2.49,Media,Viernes,Alta,1
ORD-11031,2025-06-27,Apurímac,Sierra Sur,Terrestre,Express,890.53,3,8.07,6,10.04,Media,Viernes,Media,0
ORD-11032,2025-03-05,Áncash,Costa Norte,Terrestre,Estándar,331.59,4,5.31,2,2.58,Baja,Miércoles,Alta,0
ORD-11033,2025-09-24,Lambayeque,Costa Norte,Terrestre,Estándar,751.76,6,7.38,6,3.1,Baja,Miércoles,Alta,0
ORD-11034,2025-04-25,Cajamarca,Sierra Norte,Terrestre,Express,990.54,3,5.89,5,5.07,Alta,Viernes,Media,0
ORD-11035,2025-01-25,Lima,Lima y Callao,Terrestre,Estándar,111.94,4,9.77,9,11.49,Media,Sábado,Media,0
ORD-11036,2025-09-29,Loreto,Selva Norte,Aéreo,Estándar,1249.01,7,7.21,7,4.97,Media,Lunes,Media,1
ORD-11037,2025-11-26,Callao,Lima y Callao,Terrestre,Express,21.22,2,5.49,4,2.94,Media,Miércoles,Media,1
ORD-11038,2025-01-06,Lima,Lima y Callao,Terrestre,Estándar,149.88,3,3.84,4,2.54,Alta,Lunes,Media,0
ORD-11039,2025-06-09,Cajamarca,Sierra Norte,Terrestre,Express,815.12,3,4.19,3,5.48,Baja,Lunes,Alta,1
ORD-11040,2025-10-29,Huánuco,Sierra Centro,Terrestre,Express,432.15,2,9.71,6,11.47,Alta,Miércoles,Media,1
ORD-11041,2025-09-15,Piura,Costa Norte,Terrestre,Express,919.24,3,12.29,10,16.62,Baja,Lunes,Alta,0
ORD-11042,2025-11-09,Lima,Lima y Callao,Terrestre,Express,14.8,2,6.82,3,6.39,Alta,Domingo,Alta,0
ORD-11043,2025-06-01,Piura,Costa Norte,Terrestre,Estándar,940.81,5,6.98,4,8.37,Baja,Domingo,Media,1
ORD-11044,2025-05-16,Callao,Lima y Callao,Terrestre,Express,70.82,2,3.58,2,1.82,Baja,Viernes,Media,0
ORD-11045,2025-09-16,Ica,Costa Sur,Terrestre,Estándar,280.63,3,7.01,5,9.5,Baja,Martes,Alta,0
ORD-11046,2025-02-26,Lambayeque,Costa Norte,Terrestre,Express,783.49,3,5.97,6,7.43,Alta,Miércoles,Media,0
ORD-11047,2025-03-29,Lambayeque,Costa Norte,Terrestre,Estándar,810.9,6,8.76,4,10.99,Alta,Sábado,Alta,0
ORD-11048,2025-08-08,Ucayali,Selva Centro-Sur,Terrestre,Estándar,895.89,5,14.82,6,32.41,Baja,Viernes,Alta,1
ORD-11049,2025-09-01,Arequipa,Costa Sur,Terrestre,Estándar,1053.59,6,6.33,6,6.64,Media,Lunes,Media,0
ORD-11050,2025-02-13,Piura,Costa Norte,Aéreo,Estándar,989.25,7,1.64,1,1.22,Baja,Jueves,Baja,0
ORD-11051,2025-07-05,Piura,Costa Norte,Terrestre,Estándar,980.88,6,7.04,4,4.11,Baja,Sábado,Alta,0
ORD-11052,2025-05-14,Lima,Lima y Callao,Terrestre,Estándar,101.11,4,5.48,4,5.19,Media,Miércoles,Media,0
ORD-11053,2025-07-03,Ica,Costa Sur,Terrestre,Estándar,325.39,4,8.55,5,6.64,Baja,Jueves,Alta,1
ORD-11054,2025-12-16,Lima,Lima y Callao,Terrestre,Express,108.25,2,5.08,2,7.92,Alta,Martes,Media,0
ORD-11055,2025-01-28,Huánuco,Sierra Centro,Terrestre,Express,513.12,2,4.24,2,3.26,Alta,Martes,Media,0
ORD-11056,2025-12-30,Loreto,Selva Norte,Multimodal,Estándar,1197.83,7,5.29,3,2.88,Baja,Martes,Media,0
ORD-11057,2025-06-14,Lima,Lima y Callao,Terrestre,Estándar,104.33,2,6.79,5,6.05,Media,Sábado,Media,0
ORD-11058,2025-10-09,Puno,Sierra Sur,Terrestre,Estándar,1413.31,7,7.84,7,5.92,Alta,Jueves,Media,0
ORD-11059,2025-06-04,Lima,Lima y Callao,Terrestre,Express,67.12,2,3.56,3,1.62,Alta,Miércoles,Baja,0
ORD-11060,2025-04-24,Lima,Lima y Callao,Terrestre,Express,132.8,2,2.26,1,1.53,Media,Jueves,Media,0
ORD-11061,2025-10-09,Lima,Lima y Callao,Terrestre,Express,67.6,2,14.51,10,33.39,Baja,Jueves,Baja,0
ORD-11062,2025-09-08,Lima,Lima y Callao,Terrestre,Mismo Día,61.0,1,5.05,5,8.65,Baja,Lunes,Baja,0
ORD-11063,2025-02-22,Puno,Sierra Sur,Terrestre,Estándar,1452.83,8,5.71,3,3.11,Media,Sábado,Alta,1
ORD-11064,2025-09-15,Callao,Lima y Callao,Terrestre,Estándar,29.16,3,8.34,8,11.16,Media,Lunes,Media,0
ORD-11065,2025-10-02,Tumbes,Costa Norte,Terrestre,Estándar,1254.44,6,17.1,11,39.68,Media,Jueves,Baja,1
ORD-11066,2025-05-22,Loreto,Selva Norte,Aéreo,Estándar,1314.48,8,9.11,7,9.69,Media,Jueves,Media,0
ORD-11067,2025-12-04,Piura,Costa Norte,Terrestre,Estándar,1039.21,6,6.99,6,4.82,Media,Jueves,Media,0
ORD-11068,2025-08-22,Lambayeque,Costa Norte,Terrestre,Express,778.82,3,7.4,7,8.76,Baja,Viernes,Media,1
ORD-11069,2025-05-02,Pasco,Sierra Centro,Terrestre,Express,365.79,2,5.99,4,6.47,Media,Viernes,Media,0
ORD-11070,2025-01-04,Huánuco,Sierra Centro,Terrestre,Express,513.59,2,5.39,3,4.45,Alta,Sábado,Media,0
ORD-11071,2025-09-04,Lima,Lima y Callao,Terrestre,Estándar,98.7,3,7.81,6,13.62,Media,Jueves,Media,0
ORD-11072,2025-03-18,Ayacucho,Sierra Sur,Aéreo,Express,704.82,3,4.99,2,2.84,Baja,Martes,Alta,0
ORD-11073,2025-10-04,Huánuco,Sierra Centro,Terrestre,Estándar,515.39,4,4.75,4,1.95,Alta,Sábado,Media,0
ORD-11074,2025-07-11,Lambayeque,Costa Norte,Terrestre,Estándar,773.8,5,5.4,2,3.25,Media,Viernes,Alta,0
ORD-11075,2025-06-20,Ica,Costa Sur,Terrestre,Estándar,352.98,4,9.03,6,8.61,Media,Viernes,Alta,0
ORD-11076,2025-03-01,La Libertad,Costa Norte,Terrestre,Express,614.98,3,4.86,6,8.2,Alta,Sábado,Baja,0
ORD-11077,2025-09-17,Madre de Dios,Selva Centro-Sur,Aéreo,Estándar,1048.69,6,3.52,3,2.87,Media,Miércoles,Baja,0
ORD-11078,2025-03-02,Cusco,Sierra Sur,Terrestre,Estándar,1015.66,5,5.87,2,6.2,Alta,Domingo,Media,0
ORD-11079,2025-06-02,Lima,Lima y Callao,Terrestre,Estándar,98.03,3,7.4,5,4.07,Alta,Lunes,Alta,0
ORD-11080,2025-11-02,Arequipa,Costa Sur,Aéreo,Estándar,964.16,6,6.29,5,4.18,Baja,Domingo,Media,0
ORD-11081,2025-12-02,Lima,Lima y Callao,Terrestre,Express,94.05,2,3.85,3,3.31,Media,Martes,Media,0
ORD-11082,2025-12-28,Loreto,Selva Norte,Aéreo,Estándar,1311.77,7,8.85,5,10.6,Baja,Domingo,Alta,1
ORD-11083,2025-12-16,La Libertad,Costa Norte,Terrestre,Estándar,616.07,3,6.01,3,6.92,Media,Martes,Media,0
ORD-11084,2025-07-22,Lima,Lima y Callao,Terrestre,Mismo Día,9.91,1,10.44,7,10.85,Media,Martes,Alta,0
ORD-11085,2025-03-15,Puno,Sierra Sur,Terrestre,Estándar,1446.22,6,5.76,6,10.53,Media,Sábado,Baja,0
ORD-11086,2025-11-03,Loreto,Selva Norte,Aéreo,Estándar,1311.91,8,5.57,2,2.06,Alta,Lunes,Alta,0
ORD-11087,2025-10-20,La Libertad,Costa Norte,Terrestre,Estándar,568.52,5,6.04,7,4.2,Media,Lunes,Media,0
ORD-11088,2025-12-28,Lambayeque,Costa Norte,Terrestre,Estándar,777.23,5,9.81,8,8.16,Media,Domingo,Alta,1
ORD-11089,2025-08-26,Lima,Lima y Callao,Terrestre,Estándar,84.47,2,9.49,8,13.68,Media,Martes,Baja,0
ORD-11090,2025-02-21,Huánuco,Sierra Centro,Terrestre,Estándar,485.35,4,5.53,4,7.15,Media,Viernes,Media,0
ORD-11091,2025-07-03,Loreto,Selva Norte,Aéreo,Estándar,1379.9,6,4.99,4,3.63,Baja,Jueves,Media,1
ORD-11092,2025-06-13,Ica,Costa Sur,Terrestre,Express,241.63,2,3.15,3,2.28,Media,Viernes,Media,0
ORD-11093,2025-11-04,Loreto,Selva Norte,Aéreo,Estándar,1581.61,7,4.24,1,2.38,Media,Martes,Alta,0
ORD-11094,2025-05-24,Arequipa,Costa Sur,Terrestre,Estándar,1009.64,6,9.19,9,11.35,Baja,Sábado,Media,1
ORD-11095,2025-04-30,Áncash,Costa Norte,Terrestre,Express,344.95,2,6.4,7,3.39,Media,Miércoles,Baja,0
ORD-11096,2025-01-30,Ucayali,Selva Centro-Sur,Multimodal,Estándar,954.81,7,6.75,8,5.58,Media,Jueves,Baja,0
ORD-11097,2025-11-01,Piura,Costa Norte,Terrestre,Express,989.01,3,9.0,6,8.95,Media,Sábado,Media,0
ORD-11098,2025-10-03,Piura,Costa Norte,Aéreo,Express,987.27,3,2.78,4,2.71,Alta,Viernes,Baja,0
ORD-11099,2025-01-16,San Martín,Selva Norte,Terrestre,Estándar,1069.39,6,6.66,5,4.03,Media,Jueves,Media,1
ORD-11100,2025-06-08,La Libertad,Costa Norte,Terrestre,Estándar,603.04,4,4.59,5,4.23,Media,Domingo,Baja,0
ORD-11101,2025-06-25,Huancavelica,Sierra Centro,Terrestre,Estándar,520.36,4,8.52,7,12.32,Media,Miércoles,Media,1
ORD-11102,2025-06-21,Ayacucho,Sierra Sur,Terrestre,Estándar,536.44,4,4.17,3,3.88,Baja,Sábado,Media,0
ORD-11103,2025-12-02,Lima,Lima y Callao,Terrestre,Express,67.01,2,6.7,2,5.29,Media,Martes,Media,0
ORD-11104,2025-02-24,Callao,Lima y Callao,Terrestre,Estándar,73.72,3,5.41,5,5.07,Baja,Lunes,Media,0
ORD-11105,2025-04-22,San Martín,Selva Norte,Terrestre,Estándar,1122.94,6,9.29,8,8.7,Baja,Martes,Baja,0
ORD-11106,2025-03-08,Amazonas,Selva Norte,Terrestre,Express,1088.76,3,10.19,7,9.77,Media,Sábado,Alta,1
ORD-11107,2025-03-31,Ayacucho,Sierra Sur,Terrestre,Express,576.4,3,6.99,9,7.95,Baja,Lunes,Baja,0
ORD-11108,2025-11-28,Cusco,Sierra Sur,Terrestre,Estándar,1115.45,7,4.46,4,2.51,Alta,Viernes,Media,0
ORD-11109,2025-12-10,Callao,Lima y Callao,Terrestre,Express,29.8,2,4.33,2,2.72,Media,Miércoles,Media,0
ORD-11110,2025-01-17,Callao,Lima y Callao,Terrestre,Express,24.59,2,4.23,3,2.91,Baja,Viernes,Media,0
ORD-11111,2025-08-19,Lima,Lima y Callao,Terrestre,Express,49.58,2,7.39,7,8.2,Alta,Martes,Media,0
ORD-11112,2025-03-26,Ica,Costa Sur,Terrestre,Estándar,316.6,3,5.19,6,5.69,Media,Miércoles,Baja,0
ORD-11113,2025-03-12,Lima,Lima y Callao,Terrestre,Express,100.35,2,6.74,4,5.84,Media,Miércoles,Media,0
ORD-11114,2025-04-17,Piura,Costa Norte,Aéreo,Estándar,892.81,5,4.26,4,4.22,Media,Jueves,Baja,0
ORD-11115,2025-03-12,Lima,Lima y Callao,Terrestre,Estándar,43.47,3,4.24,3,1.67,Alta,Miércoles,Media,0
ORD-11116,2025-06-28,Lima,Lima y Callao,Terrestre,Express,99.35,2,4.31,3,3.23,Baja,Sábado,Media,0
ORD-11117,2025-12-30,Junín,Sierra Centro,Terrestre,Estándar,375.31,4,9.18,9,6.55,Baja,Martes,Media,1
ORD-11118,2025-08-03,Cajamarca,Sierra Norte,Terrestre,Express,921.97,3,9.75,5,13.84,Alta,Domingo,Media,1
ORD-11119,2025-09-21,Ica,Costa Sur,Terrestre,Express,263.75,2,6.24,3,4.03,Baja,Domingo,Alta,0
ORD-11120,2025-06-30,Tacna,Costa Sur,Terrestre,Express,1350.45,4,5.06,2,3.59,Media,Lunes,Baja,0
ORD-11121,2025-01-06,Lima,Lima y Callao,Terrestre,Express,146.31,2,5.77,5,5.87,Media,Lunes,Baja,0
ORD-11122,2025-01-31,Cusco,Sierra Sur,Terrestre,Express,1081.64,3,8.51,6,16.19,Media,Viernes,Media,0
ORD-11123,2025-04-09,Lambayeque,Costa Norte,Terrestre,Estándar,751.66,4,7.12,7,5.03,Media,Miércoles,Baja,0
ORD-11124,2025-03-30,Pasco,Sierra Centro,Terrestre,Estándar,363.78,4,6.38,6,5.26,Alta,Domingo,Media,1
ORD-11125,2025-11-03,Lima,Lima y Callao,Terrestre,Express,71.43,2,8.19,3,6.07,Baja,Lunes,Alta,1
ORD-11126,2025-11-04,Lima,Lima y Callao,Terrestre,Estándar,30.18,3,4.96,5,4.92,Media,Martes,Baja,0
ORD-11127,2025-11-08,Piura,Costa Norte,Terrestre,Estándar,939.09,5,3.39,3,2.7,Media,Sábado,Media,0
ORD-11128,2025-08-21,Lima,Lima y Callao,Terrestre,Express,139.05,2,3.5,2,2.32,Media,Jueves,Media,0
ORD-11129,2025-07-23,Lima,Lima y Callao,Terrestre,Mismo Día,77.72,1,11.32,5,14.46,Alta,Miércoles,Alta,0
ORD-11130,2025-08-25,Callao,Lima y Callao,Terrestre,Mismo Día,58.99,1,6.28,4,11.67,Media,Lunes,Media,1
ORD-11131,2025-05-29,Arequipa,Costa Sur,Terrestre,Estándar,1016.54,6,7.75,6,8.65,Baja,Jueves,Media,0
ORD-11132,2025-09-02,Tacna,Costa Sur,Terrestre,Estándar,1317.68,7,3.81,4,5.25,Alta,Martes,Baja,0
ORD-11133,2025-10-17,Lima,Lima y Callao,Terrestre,Express,13.19,2,9.42,7,11.91,Alta,Viernes,Media,0
ORD-11134,2025-10-06,La Libertad,Costa Norte,Aéreo,Express,628.24,3,6.95,6,8.67,Baja,Lunes,Media,0
ORD-11135,2025-08-13,Lima,Lima y Callao,Terrestre,Express,42.24,2,5.51,5,6.6,Media,Miércoles,Baja,0
ORD-11136,2025-01-22,Arequipa,Costa Sur,Terrestre,Estándar,1012.54,6,6.04,4,3.99,Baja,Miércoles,Alta,0
ORD-11137,2025-09-22,Madre de Dios,Selva Centro-Sur,Aéreo,Estándar,1165.33,6,5.07,5,4.61,Baja,Lunes,Media,0
ORD-11138,2025-05-14,Callao,Lima y Callao,Terrestre,Mismo Día,35.45,1,5.16,4,5.95,Baja,Miércoles,Alta,0
ORD-11139,2025-09-29,Loreto,Selva Norte,Aéreo,Estándar,1385.47,7,4.97,5,6.13,Alta,Lunes,Media,0
ORD-11140,2025-07-16,Lima,Lima y Callao,Terrestre,Estándar,18.64,3,8.06,4,9.5,Baja,Miércoles,Alta,0
ORD-11141,2025-11-18,Cusco,Sierra Sur,Terrestre,Estándar,1021.0,6,8.63,7,7.65,Baja,Martes,Media,1
ORD-11142,2025-05-04,Áncash,Costa Norte,Terrestre,Express,530.59,2,7.82,4,3.64,Media,Domingo,Alta,0
ORD-11143,2025-12-06,Madre de Dios,Selva Centro-Sur,Terrestre,Estándar,1077.63,6,6.22,4,2.66,Media,Sábado,Alta,1
ORD-11144,2025-11-05,Cajamarca,Sierra Norte,Terrestre,Estándar,859.88,5,4.82,2,2.08,Baja,Miércoles,Alta,0
ORD-11145,2025-05-01,Apurímac,Sierra Sur,Terrestre,Estándar,828.6,5,2.79,3,1.99,Baja,Jueves,Media,0
ORD-11146,2025-06-26,Lima,Lima y Callao,Terrestre,Estándar,74.86,3,5.61,3,6.02,Media,Jueves,Media,0
ORD-11147,2025-07-13,Junín,Sierra Centro,Terrestre,Estándar,393.1,4,6.79,3,3.61,Media,Domingo,Alta,0
ORD-11148,2025-10-08,La Libertad,Costa Norte,Terrestre,Express,584.51,3,7.37,5,4.35,Media,Miércoles,Alta,0
ORD-11149,2025-09-09,Cusco,Sierra Sur,Terrestre,Express,1054.17,3,4.91,4,6.25,Baja,Martes,Baja,0
ORD-11150,2025-11-07,Piura,Costa Norte,Terrestre,Estándar,986.54,6,10.94,6,16.99,Media,Viernes,Alta,0
ORD-11151,2025-05-16,Huánuco,Sierra Centro,Terrestre,Estándar,441.98,3,6.91,5,4.82,Media,Viernes,Media,0
ORD-11152,2025-07-04,Callao,Lima y Callao,Terrestre,Express,67.07,2,5.35,3,2.39,Baja,Viernes,Alta,0
ORD-11153,2025-06-07,Huánuco,Sierra Centro,Terrestre,Estándar,572.85,4,5.37,6,6.2,Baja,Sábado,Baja,0
ORD-11154,2025-11-28,Callao,Lima y Callao,Terrestre,Express,21.81,2,5.8,6,3.48,Media,Viernes,Media,0
ORD-11155,2025-04-22,Ica,Costa Sur,Terrestre,Express,280.8,2,6.26,6,8.69,Media,Martes,Baja,0
ORD-11156,2025-08-03,Arequipa,Costa Sur,Terrestre,Estándar,973.89,7,8.58,8,12.08,Baja,Domingo,Media,1
ORD-11157,2025-02-13,Cajamarca,Sierra Norte,Terrestre,Estándar,834.03,5,3.59,4,4.19,Alta,Jueves,Baja,0
ORD-11158,2025-11-07,La Libertad,Costa Norte,Terrestre,Express,611.33,3,5.1,5,3.63,Media,Viernes,Media,0
ORD-11159,2025-05-21,Piura,Costa Norte,Terrestre,Estándar,974.26,5,4.31,3,10.75,Media,Miércoles,Baja,0
ORD-11160,2025-05-05,Arequipa,Costa Sur,Terrestre,Estándar,1005.71,6,5.59,7,4.97,Baja,Lunes,Media,0
ORD-11161,2025-08-01,Callao,Lima y Callao,Terrestre,Mismo Día,30.38,1,4.32,4,3.73,Media,Viernes,Baja,0
ORD-11162,2025-07-02,Puno,Sierra Sur,Terrestre,Express,1319.73,4,7.42,5,6.45,Media,Miércoles,Alta,0
ORD-11163,2025-11-06,Piura,Costa Norte,Terrestre,Estándar,1083.11,6,9.04,4,6.88,Alta,Jueves,Alta,0
ORD-11164,2025-07-13,Lima,Lima y Callao,Terrestre,Express,143.18,2,5.45,1,1.52,Media,Domingo,Alta,0
ORD-11165,2025-07-08,Cusco,Sierra Sur,Aéreo,Express,962.49,3,8.52,7,8.56,Media,Martes,Media,0
ORD-11166,2025-02-08,La Libertad,Costa Norte,Terrestre,Express,630.74,3,8.92,8,12.5,Media,Sábado,Baja,0
ORD-11167,2025-01-09,Callao,Lima y Callao,Terrestre,Mismo Día,37.91,1,9.49,4,19.77,Media,Jueves,Media,1
ORD-11168,2025-05-26,Ayacucho,Sierra Sur,Terrestre,Estándar,643.79,5,3.64,4,3.93,Alta,Lunes,Baja,0
ORD-11169,2025-12-31,Junín,Sierra Centro,Terrestre,Express,379.13,2,6.67,4,3.42,Media,Miércoles,Alta,0
ORD-11170,2025-12-01,Lima,Lima y Callao,Terrestre,Express,135.65,2,9.82,6,7.17,Media,Lunes,Alta,0
ORD-11171,2025-08-18,Junín,Sierra Centro,Terrestre,Estándar,291.93,3,4.6,2,3.2,Alta,Lunes,Media,0
ORD-11172,2025-08-19,Lima,Lima y Callao,Terrestre,Mismo Día,72.06,1,8.32,4,15.04,Alta,Martes,Alta,0
ORD-11173,2025-05-23,Huánuco,Sierra Centro,Terrestre,Express,577.07,3,7.9,5,5.63,Baja,Viernes,Media,0
ORD-11174,2025-03-06,Junín,Sierra Centro,Terrestre,Estándar,319.17,3,3.39,3,4.58,Baja,Jueves,Media,0
ORD-11175,2025-01-04,Loreto,Selva Norte,Aéreo,Estándar,1185.01,6,4.63,5,2.61,Media,Sábado,Alta,0
ORD-11176,2025-05-04,Piura,Costa Norte,Terrestre,Estándar,1000.88,7,6.72,4,5.14,Alta,Domingo,Media,0
ORD-11177,2025-04-26,Ica,Costa Sur,Terrestre,Estándar,322.51,4,9.26,8,9.58,Media,Sábado,Media,0
ORD-11178,2025-03-11,Lima,Lima y Callao,Terrestre,Estándar,103.7,3,6.36,3,5.88,Media,Martes,Alta,0
ORD-11179,2025-04-05,Cusco,Sierra Sur,Terrestre,Express,1123.9,4,7.81,5,4.88,Media,Sábado,Alta,1
ORD-11180,2025-01-10,Apurímac,Sierra Sur,Terrestre,Express,902.48,3,4.15,4,2.93,Baja,Viernes,Media,0
ORD-11181,2025-08-10,Lima,Lima y Callao,Terrestre,Estándar,46.79,4,2.11,2,3.02,Baja,Domingo,Media,0
ORD-11182,2025-12-05,Cajamarca,Sierra Norte,Terrestre,Express,906.99,3,6.24,4,2.49,Baja,Viernes,Alta,1
ORD-11183,2025-09-10,La Libertad,Costa Norte,Terrestre,Estándar,648.05,6,2.74,2,1.98,Baja,Miércoles,Media,0
ORD-11184,2025-06-13,Lambayeque,Costa Norte,Terrestre,Express,829.73,3,6.04,6,7.08,Media,Viernes,Media,1
ORD-11185,2025-06-03,Callao,Lima y Callao,Terrestre,Express,29.12,2,4.65,5,2.36,Media,Martes,Media,0
ORD-11186,2025-04-23,Arequipa,Costa Sur,Terrestre,Estándar,957.84,5,6.77,5,5.49,Baja,Miércoles,Alta,1
ORD-11187,2025-02-21,Junín,Sierra Centro,Terrestre,Estándar,410.92,4,7.09,5,12.05,Media,Viernes,Media,0
ORD-11188,2025-08-07,San Martín,Selva Norte,Terrestre,Estándar,1031.3,5,9.96,9,5.7,Media,Jueves,Alta,1
ORD-11189,2025-07-26,Lima,Lima y Callao,Terrestre,Mismo Día,25.27,1,6.68,3,3.19,Media,Sábado,Alta,0
ORD-11190,2025-01-03,Junín,Sierra Centro,Terrestre,Express,420.4,2,6.78,5,8.03,Media,Viernes,Media,0
ORD-11191,2025-06-01,Áncash,Costa Norte,Aéreo,Estándar,416.18,5,4.56,5,8.83,Baja,Domingo,Media,1
ORD-11192,2025-04-12,Lima,Lima y Callao,Terrestre,Mismo Día,69.82,1,4.86,3,3.91,Media,Sábado,Alta,0
ORD-11193,2025-03-04,Arequipa,Costa Sur,Terrestre,Estándar,917.32,5,4.21,5,5.7,Baja,Martes,Baja,0
ORD-11194,2025-09-14,Lima,Lima y Callao,Terrestre,Express,26.32,2,6.31,3,7.7,Baja,Domingo,Media,0
ORD-11195,2025-07-11,Lima,Lima y Callao,Terrestre,Express,119.31,2,5.28,4,5.53,Baja,Viernes,Media,0
ORD-11196,2025-08-20,La Libertad,Costa Norte,Terrestre,Express,611.19,3,1.68,2,1.79,Media,Miércoles,Media,0
ORD-11197,2025-09-18,Huánuco,Sierra Centro,Terrestre,Estándar,412.69,5,4.14,2,2.89,Baja,Jueves,Media,0
ORD-11198,2025-12-25,Apurímac,Sierra Sur,Terrestre,Estándar,835.81,5,7.22,4,4.69,Media,Jueves,Alta,0
ORD-11199,2025-10-21,Áncash,Costa Norte,Terrestre,Express,365.87,2,6.36,3,3.27,Baja,Martes,Media,0
ORD-11200,2025-08-15,La Libertad,Costa Norte,Terrestre,Estándar,563.55,4,2.59,4,2.69,Baja,Viernes,Baja,0
ORD-11201,2025-11-17,Piura,Costa Norte,Terrestre,Express,935.17,3,7.84,5,5.95,Alta,Lunes,Alta,0
ORD-11202,2025-06-24,Cusco,Sierra Sur,Terrestre,Estándar,1071.09,7,8.83,7,10.84,Media,Martes,Alta,0
ORD-11203,2025-12-26,Lima,Lima y Callao,Terrestre,Mismo Día,56.97,1,5.42,4,6.81,Baja,Viernes,Media,0
ORD-11204,2025-10-05,Lima,Lima y Callao,Terrestre,Express,71.49,2,5.28,6,7.08,Media,Domingo,Baja,0
ORD-11205,2025-08-26,Arequipa,Costa Sur,Terrestre,Estándar,1012.43,6,10.87,10,12.31,Baja,Martes,Alta,0
ORD-11206,2025-11-26,Cajamarca,Sierra Norte,Terrestre,Express,876.0,3,8.67,6,5.55,Media,Miércoles,Alta,0
ORD-11207,2025-07-08,Ica,Costa Sur,Terrestre,Estándar,257.19,3,7.93,4,7.75,Baja,Martes,Alta,1
ORD-11208,2025-09-21,Lima,Lima y Callao,Terrestre,Express,27.36,2,6.75,5,3.45,Media,Domingo,Alta,0
ORD-11209,2025-04-14,La Libertad,Costa Norte,Terrestre,Estándar,544.41,4,9.08,9,8.24,Alta,Lunes,Baja,0
ORD-11210,2025-12-18,Lima,Lima y Callao,Terrestre,Estándar,72.11,3,5.21,3,2.68,Baja,Jueves,Media,0
ORD-11211,2025-08-16,Piura,Costa Norte,Terrestre,Estándar,999.04,6,4.2,2,2.62,Baja,Sábado,Media,0
ORD-11212,2025-10-13,Lima,Lima y Callao,Terrestre,Express,46.09,2,9.49,7,14.96,Media,Lunes,Media,0
ORD-11213,2025-06-18,Ucayali,Selva Centro-Sur,Terrestre,Estándar,959.4,6,7.17,5,3.98,Alta,Miércoles,Alta,0
ORD-11214,2025-11-13,Lima,Lima y Callao,Terrestre,Mismo Día,108.93,1,5.86,4,5.41,Media,Jueves,Baja,0
ORD-11215,2025-01-28,Piura,Costa Norte,Terrestre,Estándar,860.17,5,6.23,7,9.76,Media,Martes,Baja,0
ORD-11216,2025-02-11,Moquegua,Costa Sur,Terrestre,Estándar,1071.2,6,4.8,6,4.49,Baja,Martes,Baja,0
ORD-11217,2025-07-05,Lima,Lima y Callao,Terrestre,Express,55.09,2,11.3,9,9.65,Media,Sábado,Alta,0
ORD-11218,2025-09-25,Loreto,Selva Norte,Aéreo,Estándar,1122.82,6,4.1,3,2.6,Baja,Jueves,Media,0
ORD-11219,2025-10-23,San Martín,Selva Norte,Multimodal,Estándar,1091.45,6,4.0,4,4.94,Media,Jueves,Media,0
ORD-11220,2025-06-10,Lambayeque,Costa Norte,Aéreo,Express,723.22,3,4.92,4,4.82,Baja,Martes,Baja,0
ORD-11221,2025-08-26,Lima,Lima y Callao,Terrestre,Express,120.79,2,5.22,2,4.75,Media,Martes,Media,0
ORD-11222,2025-07-21,Lima,Lima y Callao,Terrestre,Express,85.1,2,6.54,2,2.18,Baja,Lunes,Alta,0
ORD-11223,2025-12-17,Piura,Costa Norte,Terrestre,Express,1000.69,3,7.41,5,5.85,Media,Miércoles,Alta,1
ORD-11224,2025-08-27,La Libertad,Costa Norte,Terrestre,Express,643.95,3,4.91,3,3.13,Media,Miércoles,Media,0
ORD-11225,2025-06-02,Madre de Dios,Selva Centro-Sur,Terrestre,Estándar,1232.57,6,3.79,3,6.63,Alta,Lunes,Baja,0
ORD-11226,2025-12-20,Loreto,Selva Norte,Aéreo,Estándar,1633.55,8,8.1,7,6.78,Alta,Sábado,Media,0
ORD-11227,2025-02-09,Tacna,Costa Sur,Terrestre,Estándar,1431.19,7,4.32,2,2.16,Media,Domingo,Media,0
ORD-11228,2025-12-26,Cusco,Sierra Sur,Terrestre,Estándar,1035.95,7,5.85,3,2.59,Media,Viernes,Media,0
ORD-11229,2025-02-26,Lima,Lima y Callao,Terrestre,Express,45.24,2,5.93,6,4.71,Baja,Miércoles,Media,0
ORD-11230,2025-04-16,Lima,Lima y Callao,Terrestre,Mismo Día,73.35,1,5.84,4,3.81,Alta,Miércoles,Alta,0
ORD-11231,2025-10-27,San Martín,Selva Norte,Terrestre,Estándar,1022.51,6,6.09,4,3.3,Media,Lunes,Media,0
ORD-11232,2025-09-25,Puno,Sierra Sur,Terrestre,Estándar,1367.46,7,6.77,6,6.99,Media,Jueves,Media,0
ORD-11233,2025-12-21,Lima,Lima y Callao,Terrestre,Express,74.76,2,5.64,6,4.19,Media,Domingo,Alta,0
ORD-11234,2025-10-01,Lima,Lima y Callao,Terrestre,Estándar,83.93,3,8.14,5,7.57,Media,Miércoles,Alta,0
ORD-11235,2025-08-21,Cajamarca,Sierra Norte,Terrestre,Express,938.82,3,5.91,4,5.1,Alta,Jueves,Alta,0
ORD-11236,2025-05-07,Tumbes,Costa Norte,Terrestre,Estándar,1234.81,5,7.5,6,14.42,Alta,Miércoles,Baja,0
ORD-11237,2025-01-02,Cusco,Sierra Sur,Terrestre,Estándar,1068.72,6,6.54,3,5.2,Media,Jueves,Alta,0
ORD-11238,2025-02-15,Lima,Lima y Callao,Terrestre,Mismo Día,70.66,1,4.33,3,4.63,Media,Sábado,Alta,0
ORD-11239,2025-04-19,Loreto,Selva Norte,Aéreo,Estándar,1517.47,7,7.81,5,14.41,Alta,Sábado,Baja,0
ORD-11240,2025-01-15,La Libertad,Costa Norte,Terrestre,Express,628.55,3,4.12,4,5.79,Media,Miércoles,Media,1
ORD-11241,2025-07-05,Callao,Lima y Callao,Terrestre,Mismo Día,9.48,1,5.12,4,4.49,Media,Sábado,Media,0
ORD-11242,2025-10-11,Callao,Lima y Callao,Terrestre,Express,46.7,2,5.16,4,3.61,Media,Sábado,Media,0
ORD-11243,2025-12-18,Piura,Costa Norte,Terrestre,Estándar,916.83,5,3.59,2,4.68,Media,Jueves,Media,0
ORD-11244,2025-06-28,Lima,Lima y Callao,Terrestre,Express,110.04,2,2.2,2,1.58,Media,Sábado,Media,0
ORD-11245,2025-11-16,Arequipa,Costa Sur,Terrestre,Express,1024.76,3,6.24,3,2.13,Media,Domingo,Alta,1
ORD-11246,2025-12-26,Lima,Lima y Callao,Terrestre,Express,76.86,2,7.95,8,5.87,Alta,Viernes,Baja,0
ORD-11247,2025-11-10,Cusco,Sierra Sur,Terrestre,Estándar,1102.57,6,6.91,6,5.12,Alta,Lunes,Media,0
ORD-11248,2025-06-19,Piura,Costa Norte,Terrestre,Estándar,1027.9,6,9.22,8,9.79,Media,Jueves,Media,0
ORD-11249,2025-04-29,Huánuco,Sierra Centro,Terrestre,Estándar,510.44,4,6.76,2,1.97,Baja,Martes,Media,1
ORD-11250,2025-12-23,Callao,Lima y Callao,Terrestre,Estándar,41.49,2,4.91,4,6.27,Media,Martes,Media,0
ORD-11251,2025-03-30,Arequipa,Costa Sur,Terrestre,Express,1049.74,3,4.21,4,3.1,Media,Domingo,Alta,1
ORD-11252,2025-05-31,Lima,Lima y Callao,Terrestre,Express,77.97,2,7.84,5,3.88,Media,Sábado,Alta,0
ORD-11253,2025-01-28,Lambayeque,Costa Norte,Terrestre,Estándar,817.03,5,4.3,4,5.35,Alta,Martes,Media,0
ORD-11254,2025-10-17,Lima,Lima y Callao,Terrestre,Estándar,124.9,4,4.26,4,3.43,Baja,Viernes,Baja,0
ORD-11255,2025-08-26,Lambayeque,Costa Norte,Terrestre,Estándar,743.22,5,5.07,2,1.43,Baja,Martes,Alta,0
ORD-11256,2025-01-31,Ica,Costa Sur,Terrestre,Estándar,270.59,2,6.01,4,2.79,Alta,Viernes,Alta,0
ORD-11257,2025-03-23,Cusco,Sierra Sur,Terrestre,Estándar,1017.86,7,4.46,4,4.58,Alta,Domingo,Baja,0
ORD-11258,2025-07-22,Cusco,Sierra Sur,Terrestre,Express,992.44,3,9.37,5,5.47,Media,Martes,Alta,0
ORD-11259,2025-07-17,Puno,Sierra Sur,Terrestre,Express,1342.11,4,6.62,4,4.68,Baja,Jueves,Alta,0
ORD-11260,2025-10-20,Cajamarca,Sierra Norte,Terrestre,Estándar,835.42,5,7.06,4,8.13,Media,Lunes,Media,0
ORD-11261,2025-04-08,Ucayali,Selva Centro-Sur,Terrestre,Estándar,906.26,6,6.88,8,10.64,Media,Martes,Baja,0
ORD-11262,2025-12-04,Ica,Costa Sur,Terrestre,Estándar,253.05,3,7.53,4,5.06,Media,Jueves,Alta,0
ORD-11263,2025-06-12,Arequipa,Costa Sur,Terrestre,Estándar,984.17,5,5.65,4,8.83,Baja,Jueves,Baja,0
ORD-11264,2025-10-28,Cusco,Sierra Sur,Terrestre,Express,1095.84,3,5.94,5,9.6,Media,Martes,Baja,0
ORD-11265,2025-03-29,Arequipa,Costa Sur,Terrestre,Estándar,1002.28,6,4.84,4,3.75,Media,Sábado,Baja,0
ORD-11266,2025-01-14,Loreto,Selva Norte,Aéreo,Estándar,1336.59,7,10.07,7,12.18,Media,Martes,Alta,1
ORD-11267,2025-01-21,Lima,Lima y Callao,Terrestre,Estándar,120.09,3,4.7,3,7.84,Media,Martes,Baja,0
ORD-11268,2025-05-17,Ica,Costa Sur,Terrestre,Estándar,364.84,4,8.24,6,15.27,Media,Sábado,Media,0
ORD-11269,2025-12-14,Lima,Lima y Callao,Terrestre,Estándar,92.11,3,8.07,5,9.67,Media,Domingo,Alta,0
ORD-11270,2025-01-18,Lima,Lima y Callao,Terrestre,Estándar,36.89,2,3.66,3,4.56,Media,Sábado,Media,0
ORD-11271,2025-05-15,San Martín,Selva Norte,Terrestre,Estándar,983.16,6,4.92,4,5.91,Alta,Jueves,Media,1
ORD-11272,2025-02-09,Tacna,Costa Sur,Terrestre,Express,1416.21,4,2.86,2,4.54,Media,Domingo,Media,1
ORD-11273,2025-12-07,Lima,Lima y Callao,Terrestre,Express,104.52,2,6.88,2,1.81,Media,Domingo,Alta,0
ORD-11274,2025-09-04,Madre de Dios,Selva Centro-Sur,Multimodal,Estándar,1310.55,8,3.84,3,6.51,Media,Jueves,Baja,0
ORD-11275,2025-10-06,Loreto,Selva Norte,Multimodal,Estándar,1453.08,8,9.65,10,12.76,Alta,Lunes,Baja,1
ORD-11276,2025-09-18,Lima,Lima y Callao,Terrestre,Express,53.07,2,4.65,5,4.26,Media,Jueves,Media,0
ORD-11277,2025-08-28,Lima,Lima y Callao,Terrestre,Estándar,81.01,3,7.96,6,4.36,Media,Jueves,Media,0
ORD-11278,2025-10-10,Arequipa,Costa Sur,Terrestre,Estándar,1064.45,7,4.41,4,2.54,Alta,Viernes,Media,0
ORD-11279,2025-01-03,Lima,Lima y Callao,Terrestre,Estándar,131.28,2,9.17,7,10.66,Baja,Viernes,Alta,0
ORD-11280,2025-11-12,Tacna,Costa Sur,Terrestre,Express,1278.93,4,13.29,8,22.37,Media,Miércoles,Alta,1
ORD-11281,2025-09-28,Arequipa,Costa Sur,Aéreo,Estándar,1028.98,6,7.17,7,6.62,Media,Domingo,Media,0
ORD-11282,2025-09-27,Pasco,Sierra Centro,Terrestre,Express,301.37,2,2.13,2,1.78,Alta,Sábado,Baja,0
ORD-11283,2025-05-24,San Martín,Selva Norte,Terrestre,Estándar,1237.78,6,6.96,6,12.2,Media,Sábado,Media,0
ORD-11284,2025-10-20,Callao,Lima y Callao,Terrestre,Express,29.41,2,5.13,4,5.31,Baja,Lunes,Baja,0
ORD-11285,2025-05-20,Lima,Lima y Callao,Terrestre,Estándar,110.32,3,3.14,3,6.43,Alta,Martes,Baja,0
ORD-11286,2025-01-18,Puno,Sierra Sur,Terrestre,Estándar,1309.04,7,8.52,8,6.21,Media,Sábado,Media,1
ORD-11287,2025-11-28,Tacna,Costa Sur,Terrestre,Estándar,1332.03,8,8.41,6,9.82,Media,Viernes,Alta,1
ORD-11288,2025-03-27,Ayacucho,Sierra Sur,Terrestre,Estándar,638.86,4,6.92,3,8.28,Baja,Jueves,Alta,0
ORD-11289,2025-02-07,Junín,Sierra Centro,Terrestre,Express,342.85,2,3.9,4,3.13,Baja,Viernes,Media,0
ORD-11290,2025-08-15,Lima,Lima y Callao,Terrestre,Express,123.27,2,11.47,11,11.09,Media,Viernes,Alta,0
ORD-11291,2025-03-27,Callao,Lima y Callao,Terrestre,Mismo Día,60.66,1,4.63,3,3.25,Media,Jueves,Media,0
ORD-11292,2025-11-10,Ica,Costa Sur,Aéreo,Express,333.61,2,7.66,3,5.06,Alta,Lunes,Alta,0
ORD-11293,2025-06-11,Áncash,Costa Norte,Terrestre,Express,393.19,2,9.7,6,12.36,Baja,Miércoles,Media,1
ORD-11294,2025-01-02,Cajamarca,Sierra Norte,Terrestre,Estándar,934.48,5,5.15,5,4.73,Media,Jueves,Baja,1
ORD-11295,2025-12-14,Lima,Lima y Callao,Terrestre,Estándar,91.54,3,5.34,2,7.65,Baja,Domingo,Media,0
ORD-11296,2025-07-07,Lima,Lima y Callao,Terrestre,Express,94.94,2,7.28,5,6.24,Media,Lunes,Alta,1
ORD-11297,2025-04-06,Lima,Lima y Callao,Terrestre,Estándar,83.66,3,1.85,2,2.13,Baja,Domingo,Media,0
ORD-11298,2025-09-05,Lima,Lima y Callao,Terrestre,Estándar,95.74,4,8.0,6,13.32,Media,Viernes,Baja,0
ORD-11299,2025-07-13,La Libertad,Costa Norte,Aéreo,Estándar,567.74,3,9.64,7,8.71,Baja,Domingo,Alta,0
ORD-11300,2025-01-11,Cusco,Sierra Sur,Terrestre,Estándar,1045.04,7,1.74,1,1.48,Media,Sábado,Baja,0
ORD-11301,2025-10-05,Áncash,Costa Norte,Terrestre,Estándar,368.29,3,2.87,3,2.8,Media,Domingo,Baja,0
ORD-11302,2025-05-27,Callao,Lima y Callao,Terrestre,Estándar,30.72,3,4.12,3,9.11,Media,Martes,Baja,0
ORD-11303,2025-09-13,Ica,Costa Sur,Aéreo,Estándar,257.07,4,3.84,2,1.69,Baja,Sábado,Media,0
ORD-11304,2025-11-23,Callao,Lima y Callao,Terrestre,Express,27.41,2,8.06,4,8.07,Media,Domingo,Media,0
ORD-11305,2025-08-11,Áncash,Costa Norte,Terrestre,Express,461.09,2,3.07,3,2.7,Media,Lunes,Media,0
ORD-11306,2025-09-03,Cajamarca,Sierra Norte,Terrestre,Estándar,896.71,5,3.32,4,3.71,Baja,Miércoles,Media,0
ORD-11307,2025-04-03,Lima,Lima y Callao,Terrestre,Express,22.44,2,7.57,7,8.38,Baja,Jueves,Media,0
ORD-11308,2025-03-28,Lima,Lima y Callao,Terrestre,Express,118.71,2,5.87,6,9.18,Media,Viernes,Baja,0
ORD-11309,2025-06-01,San Martín,Selva Norte,Terrestre,Express,1208.34,4,4.04,3,2.07,Media,Domingo,Baja,0
ORD-11310,2025-11-08,Loreto,Selva Norte,Multimodal,Estándar,1589.32,8,6.06,4,3.98,Alta,Sábado,Media,1
ORD-11311,2025-07-11,Lima,Lima y Callao,Terrestre,Express,123.93,2,10.46,5,9.39,Baja,Viernes,Alta,0
ORD-11312,2025-05-08,Ayacucho,Sierra Sur,Terrestre,Estándar,733.2,5,9.14,5,9.46,Media,Jueves,Alta,0
ORD-11313,2025-10-12,Lima,Lima y Callao,Terrestre,Estándar,94.29,3,5.93,5,5.15,Media,Domingo,Media,0
ORD-11314,2025-11-08,Arequipa,Costa Sur,Terrestre,Estándar,1113.17,6,6.93,4,3.26,Media,Sábado,Alta,0
ORD-11315,2025-11-26,La Libertad,Costa Norte,Terrestre,Estándar,685.55,5,10.3,7,9.19,Media,Miércoles,Alta,1
ORD-11316,2025-04-20,La Libertad,Costa Norte,Terrestre,Estándar,592.54,4,3.92,3,5.23,Alta,Domingo,Media,0
ORD-11317,2025-09-17,La Libertad,Costa Norte,Terrestre,Estándar,663.71,5,8.76,6,7.77,Media,Miércoles,Alta,0
ORD-11318,2025-08-04,Cusco,Sierra Sur,Aéreo,Estándar,1128.57,6,9.58,6,13.48,Alta,Lunes,Media,0
ORD-11319,2025-06-13,Lima,Lima y Callao,Terrestre,Estándar,116.89,3,5.06,3,3.35,Baja,Viernes,Alta,0
ORD-11320,2025-05-25,Pasco,Sierra Centro,Terrestre,Estándar,400.95,4,5.82,4,2.73,Alta,Domingo,Alta,0
ORD-11321,2025-02-11,Lima,Lima y Callao,Terrestre,Estándar,75.3,3,2.92,2,1.69,Alta,Martes,Baja,0
ORD-11322,2025-04-11,Lima,Lima y Callao,Terrestre,Express,76.73,2,7.29,6,7.24,Alta,Viernes,Baja,0
ORD-11323,2025-07-20,Lima,Lima y Callao,Terrestre,Estándar,100.04,3,7.29,7,6.29,Media,Domingo,Media,0
ORD-11324,2025-11-20,Áncash,Costa Norte,Terrestre,Estándar,452.51,4,4.11,3,2.98,Alta,Jueves,Baja,0
ORD-11325,2025-11-13,Lima,Lima y Callao,Terrestre,Express,133.78,2,15.78,12,21.46,Baja,Jueves,Alta,1
ORD-11326,2025-03-10,Lima,Lima y Callao,Terrestre,Estándar,133.04,3,6.7,5,4.11,Media,Lunes,Alta,0
ORD-11327,2025-09-05,Cusco,Sierra Sur,Terrestre,Estándar,1109.29,6,4.57,6,4.06,Media,Viernes,Media,1
ORD-11328,2025-01-31,Ica,Costa Sur,Terrestre,Express,354.7,2,4.4,2,3.44,Media,Viernes,Alta,0
ORD-11329,2025-09-04,San Martín,Selva Norte,Terrestre,Estándar,1009.56,6,4.88,3,4.74,Media,Jueves,Alta,1
ORD-11330,2025-05-05,Lima,Lima y Callao,Terrestre,Express,150.3,2,3.91,3,2.42,Baja,Lunes,Media,0
ORD-11331,2025-06-14,Lambayeque,Costa Norte,Terrestre,Estándar,729.56,5,8.2,7,11.79,Baja,Sábado,Media,0
ORD-11332,2025-09-19,Lima,Lima y Callao,Terrestre,Estándar,91.16,2,6.11,7,5.66,Baja,Viernes,Media,0
ORD-11333,2025-06-05,La Libertad,Costa Norte,Terrestre,Express,558.93,3,4.73,4,3.91,Media,Jueves,Media,0
ORD-11334,2025-10-22,Lambayeque,Costa Norte,Terrestre,Express,789.9,3,8.49,5,3.98,Alta,Miércoles,Alta,1
ORD-11335,2025-07-14,Huánuco,Sierra Centro,Terrestre,Estándar,451.19,4,6.35,4,3.71,Media,Lunes,Alta,0
ORD-11336,2025-12-31,La Libertad,Costa Norte,Terrestre,Express,557.03,3,8.26,5,8.3,Media,Miércoles,Alta,0
ORD-11337,2025-08-21,Lima,Lima y Callao,Terrestre,Express,100.94,2,5.18,4,5.62,Alta,Jueves,Media,0
ORD-11338,2025-04-19,Áncash,Costa Norte,Terrestre,Estándar,451.29,5,3.3,4,3.32,Media,Sábado,Baja,0
ORD-11339,2025-10-10,Loreto,Selva Norte,Aéreo,Express,1216.38,4,5.45,4,5.9,Media,Viernes,Alta,0
ORD-11340,2025-05-29,Huancavelica,Sierra Centro,Terrestre,Estándar,544.75,4,5.14,3,4.43,Media,Jueves,Baja,1
ORD-11341,2025-07-14,Lima,Lima y Callao,Terrestre,Mismo Día,52.99,1,8.29,6,11.12,Baja,Lunes,Alta,0
ORD-11342,2025-02-19,Lima,Lima y Callao,Terrestre,Mismo Día,47.04,1,6.18,5,7.05,Media,Miércoles,Alta,1
ORD-11343,2025-02-13,Lima,Lima y Callao,Terrestre,Express,48.54,2,2.51,1,2.07,Media,Jueves,Baja,0
ORD-11344,2025-07-29,Lima,Lima y Callao,Terrestre,Estándar,95.61,4,5.91,6,7.59,Media,Martes,Media,0
ORD-11345,2025-03-10,Tacna,Costa Sur,Terrestre,Estándar,1360.45,8,6.14,3,2.91,Media,Lunes,Alta,0
ORD-11346,2025-12-31,Lima,Lima y Callao,Terrestre,Express,95.38,2,10.71,7,9.26,Baja,Miércoles,Alta,1
ORD-11347,2025-11-09,Lima,Lima y Callao,Terrestre,Express,121.81,2,9.16,7,14.29,Media,Domingo,Media,0
ORD-11348,2025-09-13,Lima,Lima y Callao,Terrestre,Estándar,94.82,3,8.52,5,10.56,Baja,Sábado,Alta,0
ORD-11349,2025-09-26,Callao,Lima y Callao,Terrestre,Express,54.29,2,4.17,5,2.14,Alta,Viernes,Baja,0
ORD-11350,2025-08-06,Huancavelica,Sierra Centro,Terrestre,Express,620.83,3,2.99,3,4.72,Baja,Miércoles,Baja,0
ORD-11351,2025-01-23,La Libertad,Costa Norte,Terrestre,Express,601.04,3,6.02,6,5.69,Media,Jueves,Media,0
ORD-11352,2025-05-24,Cusco,Sierra Sur,Terrestre,Estándar,987.83,6,5.29,5,7.17,Media,Sábado,Baja,0
ORD-11353,2025-06-30,Junín,Sierra Centro,Terrestre,Estándar,309.62,4,5.82,6,4.33,Baja,Lunes,Media,0
ORD-11354,2025-12-01,La Libertad,Costa Norte,Terrestre,Estándar,623.36,4,8.6,7,7.08,Media,Lunes,Media,0
ORD-11355,2025-03-22,Lima,Lima y Callao,Terrestre,Estándar,90.31,4,4.43,2,1.45,Baja,Sábado,Alta,0
ORD-11356,2025-07-01,Callao,Lima y Callao,Terrestre,Estándar,25.86,4,9.0,6,5.98,Media,Martes,Alta,0
ORD-11357,2025-05-06,Loreto,Selva Norte,Aéreo,Estándar,1590.8,7,4.27,4,6.16,Alta,Martes,Baja,0
ORD-11358,2025-02-19,La Libertad,Costa Norte,Terrestre,Estándar,688.32,5,5.04,3,4.39,Media,Miércoles,Media,0
ORD-11359,2025-02-07,Lima,Lima y Callao,Terrestre,Express,62.07,2,11.68,7,21.52,Media,Viernes,Media,0
ORD-11360,2025-05-14,Arequipa,Costa Sur,Terrestre,Express,973.69,3,6.24,6,5.82,Alta,Miércoles,Alta,0
ORD-11361,2025-01-31,Lambayeque,Costa Norte,Terrestre,Estándar,753.95,5,8.27,8,6.7,Media,Viernes,Media,0
ORD-11362,2025-01-25,Áncash,Costa Norte,Terrestre,Estándar,400.85,4,8.01,5,11.03,Alta,Sábado,Alta,0
ORD-11363,2025-05-09,Lima,Lima y Callao,Terrestre,Estándar,128.94,3,2.66,3,2.06,Media,Viernes,Baja,0
ORD-11364,2025-03-15,Ica,Costa Sur,Terrestre,Estándar,302.55,3,5.5,4,5.06,Media,Sábado,Media,0
ORD-11365,2025-07-22,San Martín,Selva Norte,Terrestre,Estándar,967.38,6,11.25,8,11.7,Baja,Martes,Alta,0
ORD-11366,2025-01-07,Ica,Costa Sur,Terrestre,Express,291.54,2,4.31,4,2.03,Baja,Martes,Media,0
ORD-11367,2025-04-21,Lima,Lima y Callao,Terrestre,Estándar,39.09,2,8.94,7,5.28,Media,Lunes,Alta,0
ORD-11368,2025-06-15,Cusco,Sierra Sur,Terrestre,Express,1044.57,3,6.35,6,4.23,Alta,Domingo,Media,0
ORD-11369,2025-12-18,Lima,Lima y Callao,Terrestre,Mismo Día,77.04,1,4.79,3,5.6,Baja,Jueves,Media,1
ORD-11370,2025-08-20,Lambayeque,Costa Norte,Terrestre,Estándar,798.71,6,6.6,6,5.76,Alta,Miércoles,Baja,0
ORD-11371,2025-11-18,Junín,Sierra Centro,Terrestre,Express,372.2,2,7.24,3,3.74,Media,Martes,Alta,0
ORD-11372,2025-05-06,Callao,Lima y Callao,Terrestre,Express,59.79,2,4.02,3,2.38,Media,Martes,Media,0
ORD-11373,2025-06-14,Arequipa,Costa Sur,Terrestre,Estándar,920.67,6,2.06,1,1.08,Alta,Sábado,Media,0
ORD-11374,2025-06-03,Arequipa,Costa Sur,Terrestre,Estándar,1059.49,6,7.23,6,5.65,Alta,Martes,Alta,0
ORD-11375,2025-11-20,Ucayali,Selva Centro-Sur,Terrestre,Estándar,739.02,5,8.98,6,7.18,Media,Jueves,Media,0
ORD-11376,2025-12-17,La Libertad,Costa Norte,Terrestre,Express,591.5,3,4.6,4,4.1,Baja,Miércoles,Baja,0
ORD-11377,2025-12-18,Amazonas,Selva Norte,Terrestre,Estándar,1231.12,6,4.76,2,4.69,Baja,Jueves,Media,0
ORD-11378,2025-10-02,San Martín,Selva Norte,Terrestre,Express,1130.5,4,8.86,7,11.41,Baja,Jueves,Media,0
ORD-11379,2025-07-03,Áncash,Costa Norte,Terrestre,Estándar,367.19,4,3.62,5,2.98,Media,Jueves,Media,0
ORD-11380,2025-07-17,La Libertad,Costa Norte,Terrestre,Estándar,611.31,5,4.74,4,7.28,Media,Jueves,Baja,0
ORD-11381,2025-12-24,Lima,Lima y Callao,Terrestre,Estándar,109.72,3,7.59,2,3.58,Media,Miércoles,Alta,0
ORD-11382,2025-04-14,Puno,Sierra Sur,Terrestre,Estándar,1483.28,7,3.74,5,6.32,Baja,Lunes,Media,0
ORD-11383,2025-05-07,Lima,Lima y Callao,Terrestre,Estándar,99.41,3,5.55,5,9.27,Media,Miércoles,Media,0
ORD-11384,2025-11-24,Lambayeque,Costa Norte,Terrestre,Estándar,718.32,5,8.7,5,10.35,Media,Lunes,Alta,1
ORD-11385,2025-05-22,Tumbes,Costa Norte,Terrestre,Estándar,1265.33,6,2.54,3,3.51,Media,Jueves,Baja,0
ORD-11386,2025-03-27,Áncash,Costa Norte,Aéreo,Express,363.37,2,5.52,6,4.09,Media,Jueves,Media,0
ORD-11387,2025-07-24,Ucayali,Selva Centro-Sur,Aéreo,Estándar,756.66,5,7.59,5,8.23,Alta,Jueves,Alta,1
ORD-11388,2025-04-29,Piura,Costa Norte,Terrestre,Estándar,979.36,7,6.16,4,3.91,Alta,Martes,Alta,1
ORD-11389,2025-11-22,San Martín,Selva Norte,Multimodal,Estándar,1156.12,7,9.35,6,7.78,Media,Sábado,Alta,1
ORD-11390,2025-11-28,Cusco,Sierra Sur,Terrestre,Estándar,943.07,5,7.83,5,3.72,Baja,Viernes,Alta,0
ORD-11391,2025-04-22,Ayacucho,Sierra Sur,Terrestre,Estándar,661.43,6,4.2,4,7.4,Alta,Martes,Baja,0
ORD-11392,2025-07-13,Lima,Lima y Callao,Terrestre,Estándar,107.78,3,8.44,5,4.24,Alta,Domingo,Alta,0
ORD-11393,2025-12-26,Lima,Lima y Callao,Terrestre,Express,113.63,2,6.74,5,5.7,Alta,Viernes,Media,0
ORD-11394,2025-09-28,Lima,Lima y Callao,Terrestre,Mismo Día,61.11,1,7.37,4,4.54,Media,Domingo,Alta,0
ORD-11395,2025-03-20,Puno,Sierra Sur,Terrestre,Estándar,1342.3,7,7.74,6,4.03,Baja,Jueves,Alta,0
ORD-11396,2025-08-04,Lima,Lima y Callao,Terrestre,Express,44.25,2,4.79,4,7.9,Media,Lunes,Baja,0
ORD-11397,2025-08-15,Ica,Costa Sur,Terrestre,Express,270.68,2,5.87,4,8.53,Media,Viernes,Media,1
ORD-11398,2025-08-27,La Libertad,Costa Norte,Terrestre,Estándar,591.32,5,5.46,4,4.74,Media,Miércoles,Media,0
ORD-11399,2025-01-10,Ayacucho,Sierra Sur,Terrestre,Express,591.57,3,8.18,5,4.82,Media,Viernes,Alta,1
ORD-11400,2025-04-20,Callao,Lima y Callao,Terrestre,Estándar,25.34,3,3.36,3,2.98,Media,Domingo,Baja,0
ORD-11401,2025-11-08,Ayacucho,Sierra Sur,Terrestre,Estándar,570.38,4,6.51,6,5.85,Media,Sábado,Baja,0
ORD-11402,2025-03-30,Loreto,Selva Norte,Aéreo,Estándar,1608.76,8,8.26,7,8.41,Media,Domingo,Media,1
ORD-11403,2025-04-20,Lima,Lima y Callao,Terrestre,Estándar,118.04,3,3.47,5,5.33,Media,Domingo,Baja,0
ORD-11404,2025-04-28,Lima,Lima y Callao,Terrestre,Mismo Día,71.56,1,3.64,4,3.47,Media,Lunes,Media,0
ORD-11405,2025-03-06,Junín,Sierra Centro,Terrestre,Estándar,456.43,4,4.11,2,4.42,Baja,Jueves,Media,0
ORD-11406,2025-02-26,Lima,Lima y Callao,Terrestre,Estándar,60.44,3,8.11,7,7.56,Alta,Miércoles,Alta,0
ORD-11407,2025-05-07,Loreto,Selva Norte,Multimodal,Estándar,1330.69,8,9.1,6,17.25,Media,Miércoles,Media,1
ORD-11408,2025-11-16,Piura,Costa Norte,Terrestre,Express,1017.78,3,8.05,5,6.08,Media,Domingo,Alta,1
ORD-11409,2025-01-01,Lima,Lima y Callao,Terrestre,Express,80.52,2,6.29,3,3.35,Media,Miércoles,Media,0
ORD-11410,2025-04-14,Madre de Dios,Selva Centro-Sur,Terrestre,Express,1156.96,4,8.14,9,9.46,Media,Lunes,Baja,1
ORD-11411,2025-01-23,Lima,Lima y Callao,Terrestre,Estándar,73.85,3,3.79,3,3.33,Media,Jueves,Alta,0
ORD-11412,2025-07-24,Lambayeque,Costa Norte,Terrestre,Express,783.14,3,6.52,3,3.79,Baja,Jueves,Alta,1
ORD-11413,2025-04-02,Piura,Costa Norte,Terrestre,Estándar,982.73,6,9.7,8,10.4,Alta,Miércoles,Media,1
ORD-11414,2025-10-17,La Libertad,Costa Norte,Terrestre,Estándar,602.55,3,5.28,4,3.35,Baja,Viernes,Media,1
ORD-11415,2025-08-02,La Libertad,Costa Norte,Terrestre,Estándar,605.14,4,6.8,6,5.1,Alta,Sábado,Media,0
ORD-11416,2025-10-14,Huánuco,Sierra Centro,Terrestre,Estándar,433.24,4,7.35,5,8.46,Media,Martes,Alta,0
ORD-11417,2025-08-20,Lima,Lima y Callao,Terrestre,Express,89.15,2,7.9,7,10.39,Baja,Miércoles,Media,0
ORD-11418,2025-06-10,Lima,Lima y Callao,Terrestre,Express,58.13,2,5.42,6,4.0,Media,Martes,Media,0
ORD-11419,2025-11-11,Lima,Lima y Callao,Terrestre,Express,131.49,2,4.64,3,4.91,Media,Martes,Media,0
ORD-11420,2025-06-23,La Libertad,Costa Norte,Terrestre,Estándar,643.44,5,5.55,5,8.43,Alta,Lunes,Baja,0
ORD-11421,2025-12-13,Callao,Lima y Callao,Terrestre,Express,36.13,2,12.6,9,12.06,Media,Sábado,Alta,0
ORD-11422,2025-12-30,Piura,Costa Norte,Terrestre,Estándar,1004.28,6,9.19,6,3.78,Media,Martes,Media,0
ORD-11423,2025-08-03,Junín,Sierra Centro,Terrestre,Estándar,263.55,3,4.72,2,1.6,Media,Domingo,Alta,0
ORD-11424,2025-09-04,Puno,Sierra Sur,Terrestre,Estándar,1333.13,8,4.87,3,4.03,Alta,Jueves,Media,1
ORD-11425,2025-04-04,Callao,Lima y Callao,Terrestre,Express,37.27,2,3.65,4,10.76,Media,Viernes,Baja,0
ORD-11426,2025-10-25,Lima,Lima y Callao,Terrestre,Express,82.96,2,5.29,5,4.43,Media,Sábado,Media,0
ORD-11427,2025-09-03,Lima,Lima y Callao,Terrestre,Mismo Día,113.19,1,5.06,3,5.09,Media,Miércoles,Baja,0
ORD-11428,2025-11-26,Moquegua,Costa Sur,Terrestre,Estándar,1220.63,6,7.87,8,7.07,Media,Miércoles,Baja,0
ORD-11429,2025-04-08,Ayacucho,Sierra Sur,Aéreo,Estándar,599.87,4,11.08,8,20.11,Media,Martes,Media,1
ORD-11430,2025-10-15,Puno,Sierra Sur,Terrestre,Express,1334.31,4,5.06,1,1.3,Media,Miércoles,Media,0
ORD-11431,2025-06-21,Lima,Lima y Callao,Terrestre,Express,96.82,2,5.8,4,3.19,Alta,Sábado,Media,0
ORD-11432,2025-03-09,Lima,Lima y Callao,Terrestre,Express,65.15,2,7.86,7,6.0,Media,Domingo,Media,0
ORD-11433,2025-03-04,Lima,Lima y Callao,Terrestre,Estándar,47.64,3,4.6,2,1.86,Media,Martes,Alta,0
ORD-11434,2025-07-25,Áncash,Costa Norte,Terrestre,Express,512.66,2,6.96,5,6.16,Media,Viernes,Media,0
ORD-11435,2025-04-27,Lima,Lima y Callao,Terrestre,Estándar,121.83,2,5.16,2,2.0,Media,Domingo,Media,0
ORD-11436,2025-02-07,Cusco,Sierra Sur,Terrestre,Express,1195.7,4,8.25,4,4.1,Media,Viernes,Alta,1
ORD-11437,2025-06-05,Ica,Costa Sur,Terrestre,Estándar,268.4,3,9.1,7,19.57,Alta,Jueves,Baja,0
ORD-11438,2025-08-27,Lima,Lima y Callao,Terrestre,Mismo Día,20.14,1,9.09,11,9.97,Media,Miércoles,Media,0
ORD-11439,2025-04-27,Lima,Lima y Callao,Terrestre,Express,80.02,2,5.32,5,6.58,Media,Domingo,Baja,0
ORD-11440,2025-12-15,Arequipa,Costa Sur,Terrestre,Express,1100.94,4,6.41,4,4.55,Alta,Lunes,Media,0
ORD-11441,2025-10-12,Arequipa,Costa Sur,Terrestre,Express,960.26,3,8.44,6,7.18,Media,Domingo,Media,0
ORD-11442,2025-07-07,Callao,Lima y Callao,Terrestre,Estándar,21.64,3,9.47,6,9.9,Media,Lunes,Alta,0
ORD-11443,2025-12-08,Callao,Lima y Callao,Terrestre,Express,17.76,2,4.17,1,0.76,Media,Lunes,Alta,0
ORD-11444,2025-06-08,Lima,Lima y Callao,Terrestre,Express,115.39,2,5.38,4,5.47,Baja,Domingo,Baja,0
ORD-11445,2025-02-20,Callao,Lima y Callao,Terrestre,Estándar,53.57,3,7.45,8,7.88,Baja,Jueves,Media,0
ORD-11446,2025-01-14,Piura,Costa Norte,Terrestre,Express,994.92,3,5.99,5,6.65,Media,Martes,Media,0
ORD-11447,2025-12-09,Callao,Lima y Callao,Terrestre,Mismo Día,16.22,1,10.46,8,8.81,Alta,Martes,Alta,0
ORD-11448,2025-12-17,Arequipa,Costa Sur,Terrestre,Express,1049.85,3,7.17,4,5.04,Baja,Miércoles,Alta,0
ORD-11449,2025-09-27,Piura,Costa Norte,Terrestre,Estándar,958.62,6,5.98,2,2.84,Alta,Sábado,Alta,0
ORD-11450,2025-02-07,Huánuco,Sierra Centro,Terrestre,Estándar,414.38,4,5.26,5,4.6,Media,Viernes,Baja,0
ORD-11451,2025-04-18,La Libertad,Costa Norte,Terrestre,Express,590.41,3,7.53,5,14.13,Alta,Viernes,Media,0
ORD-11452,2025-01-15,Tacna,Costa Sur,Terrestre,Estándar,1315.53,7,4.59,4,3.21,Media,Miércoles,Media,0
ORD-11453,2025-01-19,San Martín,Selva Norte,Terrestre,Express,1048.84,3,8.61,4,9.22,Alta,Domingo,Media,1
ORD-11454,2025-03-31,Lima,Lima y Callao,Terrestre,Express,156.82,2,4.19,5,3.39,Alta,Lunes,Media,0
ORD-11455,2025-07-28,Arequipa,Costa Sur,Terrestre,Estándar,1012.01,6,3.25,4,4.5,Alta,Lunes,Baja,0
ORD-11456,2025-01-24,Lima,Lima y Callao,Terrestre,Estándar,74.19,2,4.32,4,5.65,Media,Viernes,Media,0
ORD-11457,2025-12-26,Ucayali,Selva Centro-Sur,Multimodal,Estándar,925.84,7,4.26,2,2.04,Baja,Viernes,Media,0
ORD-11458,2025-06-16,San Martín,Selva Norte,Terrestre,Express,1119.92,4,6.56,5,4.14,Media,Lunes,Media,0
ORD-11459,2025-04-07,Arequipa,Costa Sur,Terrestre,Express,908.0,3,6.37,4,4.57,Media,Lunes,Alta,0
ORD-11460,2025-07-08,La Libertad,Costa Norte,Terrestre,Estándar,625.92,4,5.95,4,7.33,Baja,Martes,Media,0
ORD-11461,2025-10-16,Ica,Costa Sur,Terrestre,Estándar,271.2,2,3.81,3,4.16,Alta,Jueves,Media,0
ORD-11462,2025-04-25,Ayacucho,Sierra Sur,Terrestre,Estándar,599.25,4,7.73,5,13.54,Baja,Viernes,Alta,1
ORD-11463,2025-01-18,Lima,Lima y Callao,Terrestre,Express,107.78,2,4.94,2,3.02,Alta,Sábado,Media,0
ORD-11464,2025-01-19,Cusco,Sierra Sur,Terrestre,Estándar,1072.66,6,3.93,4,4.09,Media,Domingo,Baja,0
ORD-11465,2025-11-07,Ica,Costa Sur,Aéreo,Express,282.96,2,5.3,2,1.05,Alta,Viernes,Alta,0
ORD-11466,2025-02-10,Arequipa,Costa Sur,Terrestre,Estándar,966.29,6,6.05,5,3.01,Alta,Lunes,Media,1
ORD-11467,2025-08-20,Lima,Lima y Callao,Terrestre,Estándar,86.28,4,7.11,5,5.56,Media,Miércoles,Media,0
ORD-11468,2025-05-21,Cajamarca,Sierra Norte,Terrestre,Express,859.87,3,3.68,3,1.8,Media,Miércoles,Media,0
ORD-11469,2025-10-11,La Libertad,Costa Norte,Terrestre,Estándar,675.05,4,5.16,5,5.57,Baja,Sábado,Media,0
ORD-11470,2025-01-23,Ayacucho,Sierra Sur,Terrestre,Estándar,620.08,4,6.18,6,7.98,Alta,Jueves,Baja,0
ORD-11471,2025-11-24,Tacna,Costa Sur,Terrestre,Estándar,1380.29,7,9.45,7,7.52,Alta,Lunes,Alta,1
ORD-11472,2025-09-12,Ayacucho,Sierra Sur,Terrestre,Estándar,601.2,4,5.41,5,5.34,Baja,Viernes,Media,0
ORD-11473,2025-06-13,Lima,Lima y Callao,Terrestre,Estándar,124.64,3,8.24,6,17.24,Baja,Viernes,Media,0
ORD-11474,2025-03-17,Callao,Lima y Callao,Terrestre,Mismo Día,16.56,1,7.38,6,7.79,Media,Lunes,Media,0
ORD-11475,2025-12-23,Arequipa,Costa Sur,Terrestre,Estándar,988.46,6,9.18,5,6.06,Baja,Martes,Alta,1
ORD-11476,2025-04-21,Callao,Lima y Callao,Terrestre,Express,18.59,2,7.9,6,5.12,Alta,Lunes,Media,0
ORD-11477,2025-06-29,Apurímac,Sierra Sur,Terrestre,Estándar,740.35,6,5.47,5,6.3,Baja,Domingo,Media,0
ORD-11478,2025-05-24,Ayacucho,Sierra Sur,Terrestre,Estándar,695.77,5,4.81,3,3.25,Alta,Sábado,Baja,0
ORD-11479,2025-03-26,Lima,Lima y Callao,Terrestre,Express,109.08,2,8.17,5,13.14,Alta,Miércoles,Alta,0
ORD-11480,2025-06-02,Lima,Lima y Callao,Terrestre,Express,98.4,2,5.63,4,6.18,Alta,Lunes,Media,0
ORD-11481,2025-02-25,Arequipa,Costa Sur,Terrestre,Express,1019.82,3,7.33,5,11.44,Media,Martes,Baja,0
ORD-11482,2025-01-01,La Libertad,Costa Norte,Terrestre,Estándar,620.07,4,6.17,3,3.78,Baja,Miércoles,Alta,0
ORD-11483,2025-04-16,Lima,Lima y Callao,Terrestre,Estándar,99.89,3,11.84,7,14.72,Alta,Miércoles,Alta,0
ORD-11484,2025-02-10,Callao,Lima y Callao,Terrestre,Express,56.21,2,5.28,7,5.36,Media,Lunes,Baja,0
ORD-11485,2025-06-01,Junín,Sierra Centro,Terrestre,Express,379.12,2,6.05,5,6.68,Alta,Domingo,Media,0
ORD-11486,2025-11-11,Arequipa,Costa Sur,Terrestre,Estándar,1054.53,6,6.13,5,4.39,Media,Martes,Media,0
ORD-11487,2025-03-01,Callao,Lima y Callao,Terrestre,Estándar,30.76,3,5.9,5,5.12,Baja,Sábado,Baja,0
ORD-11488,2025-01-01,Lambayeque,Costa Norte,Terrestre,Estándar,859.1,5,5.01,4,4.95,Alta,Miércoles,Media,0
ORD-11489,2025-02-10,Ucayali,Selva Centro-Sur,Terrestre,Estándar,746.3,4,5.74,5,3.91,Alta,Lunes,Media,0
ORD-11490,2025-07-05,Ucayali,Selva Centro-Sur,Terrestre,Estándar,861.18,6,5.76,5,3.03,Baja,Sábado,Media,0
ORD-11491,2025-04-11,Tumbes,Costa Norte,Terrestre,Estándar,1334.61,7,7.04,5,8.87,Media,Viernes,Media,0
ORD-11492,2025-06-28,La Libertad,Costa Norte,Terrestre,Express,575.07,3,9.66,10,6.04,Baja,Sábado,Alta,0
ORD-11493,2025-01-11,Arequipa,Costa Sur,Terrestre,Estándar,960.91,6,9.02,7,17.53,Media,Sábado,Media,0
ORD-11494,2025-05-02,Ica,Costa Sur,Terrestre,Estándar,282.68,3,5.94,6,4.95,Media,Viernes,Media,0
ORD-11495,2025-05-30,Cusco,Sierra Sur,Terrestre,Estándar,1048.44,6,5.76,6,9.4,Media,Viernes,Baja,1
ORD-11496,2025-06-07,Áncash,Costa Norte,Terrestre,Estándar,500.86,4,5.76,3,4.76,Baja,Sábado,Alta,0
ORD-11497,2025-07-21,Arequipa,Costa Sur,Terrestre,Express,1072.92,3,3.81,1,0.9,Baja,Lunes,Media,0
ORD-11498,2025-10-12,Lambayeque,Costa Norte,Terrestre,Estándar,779.65,5,8.98,9,13.32,Media,Domingo,Media,0
ORD-11499,2025-06-20,Ica,Costa Sur,Terrestre,Estándar,359.97,4,5.86,5,6.71,Baja,Viernes,Media,0
ORD-11500,2025-11-04,Callao,Lima y Callao,Terrestre,Mismo Día,45.84,1,11.32,6,9.55,Media,Martes,Alta,0
ORD-11501,2025-07-13,Lima,Lima y Callao,Terrestre,Express,132.63,2,5.11,4,8.17,Media,Domingo,Media,0
ORD-11502,2025-04-06,Junín,Sierra Centro,Aéreo,Express,330.37,2,5.74,5,8.69,Media,Domingo,Media,0
ORD-11503,2025-03-25,Piura,Costa Norte,Terrestre,Estándar,963.89,6,6.54,7,5.91,Media,Martes,Baja,0
ORD-11504,2025-04-28,Cusco,Sierra Sur,Terrestre,Express,939.1,3,5.47,6,6.89,Baja,Lunes,Media,0
ORD-11505,2025-08-07,Lima,Lima y Callao,Terrestre,Mismo Día,15.69,1,4.81,4,3.77,Baja,Jueves,Media,0
ORD-11506,2025-03-30,Callao,Lima y Callao,Terrestre,Estándar,49.0,3,7.81,7,6.36,Alta,Domingo,Baja,0
ORD-11507,2025-11-30,Lima,Lima y Callao,Terrestre,Mismo Día,44.01,1,5.59,4,6.03,Alta,Domingo,Media,0
ORD-11508,2025-06-25,Cajamarca,Sierra Norte,Terrestre,Estándar,896.36,5,6.7,6,9.52,Alta,Miércoles,Media,0
ORD-11509,2025-11-12,Cajamarca,Sierra Norte,Aéreo,Estándar,924.03,5,3.84,3,4.72,Alta,Miércoles,Media,0
ORD-11510,2025-09-07,Lima,Lima y Callao,Terrestre,Estándar,25.36,3,5.54,6,8.39,Media,Domingo,Baja,0
ORD-11511,2025-05-02,Cusco,Sierra Sur,Terrestre,Express,1052.09,3,7.58,5,7.63,Alta,Viernes,Alta,1
ORD-11512,2025-03-25,Cajamarca,Sierra Norte,Terrestre,Express,921.6,3,6.02,3,3.17,Media,Martes,Media,1
ORD-11513,2025-09-29,San Martín,Selva Norte,Terrestre,Express,1198.84,4,7.34,4,8.88,Media,Lunes,Alta,1
ORD-11514,2025-05-01,Áncash,Costa Norte,Terrestre,Estándar,388.63,4,5.47,4,6.52,Alta,Jueves,Media,0
ORD-11515,2025-04-01,Lima,Lima y Callao,Terrestre,Estándar,158.6,3,4.29,3,3.71,Media,Martes,Media,0
ORD-11516,2025-12-06,Lima,Lima y Callao,Terrestre,Express,127.45,2,8.29,5,10.15,Media,Sábado,Alta,0
ORD-11517,2025-06-26,Cusco,Sierra Sur,Aéreo,Express,1092.45,3,6.68,7,6.57,Media,Jueves,Alta,0
ORD-11518,2025-01-18,Lambayeque,Costa Norte,Terrestre,Express,773.03,3,14.86,12,15.08,Baja,Sábado,Alta,1
ORD-11519,2025-06-30,Arequipa,Costa Sur,Terrestre,Express,1047.67,3,7.59,4,7.13,Media,Lunes,Alta,0
ORD-11520,2025-06-18,Lima,Lima y Callao,Terrestre,Express,122.86,2,4.91,3,2.18,Alta,Miércoles,Media,0
ORD-11521,2025-11-12,Callao,Lima y Callao,Terrestre,Estándar,31.77,3,5.34,2,6.8,Media,Miércoles,Media,0
ORD-11522,2025-09-17,Callao,Lima y Callao,Terrestre,Mismo Día,75.16,1,9.7,7,6.67,Baja,Miércoles,Alta,0
ORD-11523,2025-03-11,Ica,Costa Sur,Terrestre,Estándar,343.16,3,9.84,10,9.6,Media,Martes,Alta,1
ORD-11524,2025-02-24,Puno,Sierra Sur,Terrestre,Express,1358.81,4,7.46,5,6.12,Media,Lunes,Alta,0
ORD-11525,2025-08-09,Loreto,Selva Norte,Multimodal,Estándar,1479.24,7,4.15,2,3.53,Media,Sábado,Media,1
ORD-11526,2025-01-18,San Martín,Selva Norte,Terrestre,Estándar,1089.83,7,8.19,4,7.1,Media,Sábado,Alta,1
ORD-11527,2025-04-27,Lima,Lima y Callao,Terrestre,Express,114.84,2,5.71,2,4.77,Media,Domingo,Alta,0
ORD-11528,2025-02-20,Lima,Lima y Callao,Terrestre,Estándar,124.56,2,5.62,4,5.17,Media,Jueves,Media,0
ORD-11529,2025-01-08,Lambayeque,Costa Norte,Terrestre,Express,717.78,3,6.42,5,6.8,Media,Miércoles,Media,0
ORD-11530,2025-12-02,Puno,Sierra Sur,Terrestre,Estándar,1263.81,6,5.33,4,2.35,Media,Martes,Alta,0
ORD-11531,2025-02-02,Lima,Lima y Callao,Terrestre,Estándar,70.79,2,5.03,5,3.88,Media,Domingo,Media,0
ORD-11532,2025-01-04,Junín,Sierra Centro,Terrestre,Estándar,445.35,4,4.64,4,4.37,Media,Sábado,Media,0
ORD-11533,2025-12-07,Lima,Lima y Callao,Terrestre,Estándar,76.57,3,8.53,6,8.3,Baja,Domingo,Media,0
ORD-11534,2025-03-10,Lima,Lima y Callao,Terrestre,Express,135.3,2,6.39,6,6.98,Media,Lunes,Baja,0
ORD-11535,2025-10-26,Arequipa,Costa Sur,Terrestre,Estándar,1010.4,6,5.85,3,4.72,Media,Domingo,Media,0
ORD-11536,2025-01-12,La Libertad,Costa Norte,Terrestre,Estándar,589.66,4,4.74,3,3.67,Media,Domingo,Media,0
ORD-11537,2025-02-26,Ica,Costa Sur,Aéreo,Express,341.59,2,6.28,4,4.54,Alta,Miércoles,Alta,0
ORD-11538,2025-02-10,Piura,Costa Norte,Terrestre,Estándar,973.8,6,9.76,4,13.74,Media,Lunes,Alta,0
ORD-11539,2025-09-15,Junín,Sierra Centro,Terrestre,Express,347.28,2,7.84,7,7.43,Alta,Lunes,Alta,0
ORD-11540,2025-08-15,Madre de Dios,Selva Centro-Sur,Aéreo,Estándar,1068.28,7,7.99,5,9.53,Media,Viernes,Alta,1
ORD-11541,2025-06-23,La Libertad,Costa Norte,Terrestre,Estándar,563.17,4,5.84,8,5.01,Media,Lunes,Baja,0
ORD-11542,2025-03-30,Lima,Lima y Callao,Terrestre,Mismo Día,47.33,1,3.44,4,5.3,Alta,Domingo,Baja,0
ORD-11543,2025-02-02,Ayacucho,Sierra Sur,Terrestre,Estándar,597.86,4,6.03,5,4.17,Media,Domingo,Alta,0
ORD-11544,2025-07-27,Puno,Sierra Sur,Terrestre,Estándar,1382.97,7,9.49,5,14.37,Alta,Domingo,Alta,1
ORD-11545,2025-03-26,Lambayeque,Costa Norte,Terrestre,Estándar,764.7,5,8.09,6,5.82,Alta,Miércoles,Alta,0
ORD-11546,2025-08-04,Cusco,Sierra Sur,Terrestre,Express,958.06,3,7.47,7,8.35,Baja,Lunes,Media,0
ORD-11547,2025-09-08,Cusco,Sierra Sur,Terrestre,Estándar,1016.72,5,6.47,7,5.78,Alta,Lunes,Baja,0
ORD-11548,2025-11-07,Cusco,Sierra Sur,Terrestre,Express,1045.01,3,6.28,3,2.72,Alta,Viernes,Alta,1
ORD-11549,2025-06-30,Junín,Sierra Centro,Terrestre,Estándar,483.26,4,6.53,8,9.05,Media,Lunes,Media,0
ORD-11550,2025-01-02,Lima,Lima y Callao,Terrestre,Estándar,76.1,3,7.86,5,7.4,Baja,Jueves,Alta,0
ORD-11551,2025-04-13,San Martín,Selva Norte,Multimodal,Express,977.42,4,7.66,5,9.77,Media,Domingo,Alta,0
ORD-11552,2025-11-08,Lima,Lima y Callao,Terrestre,Express,93.74,2,3.14,1,1.05,Alta,Sábado,Alta,0
ORD-11553,2025-07-14,Lima,Lima y Callao,Terrestre,Express,142.22,2,9.02,8,7.66,Alta,Lunes,Media,0
ORD-11554,2025-08-14,Lambayeque,Costa Norte,Terrestre,Estándar,816.69,5,4.16,3,6.54,Alta,Jueves,Baja,0
ORD-11555,2025-06-17,Moquegua,Costa Sur,Aéreo,Estándar,1188.36,6,11.02,8,18.97,Media,Martes,Media,0
ORD-11556,2025-03-01,Piura,Costa Norte,Aéreo,Express,1048.99,3,10.89,10,11.66,Baja,Sábado,Media,1
ORD-11557,2025-11-24,Huánuco,Sierra Centro,Terrestre,Estándar,485.22,4,6.96,4,6.35,Media,Lunes,Alta,0
ORD-11558,2025-10-10,Tacna,Costa Sur,Terrestre,Estándar,1436.43,7,4.69,4,10.05,Media,Viernes,Baja,0
ORD-11559,2025-12-30,La Libertad,Costa Norte,Terrestre,Express,543.65,2,11.21,5,19.36,Baja,Martes,Alta,0
ORD-11560,2025-11-09,Loreto,Selva Norte,Multimodal,Estándar,1552.4,7,8.87,6,8.68,Baja,Domingo,Alta,1
ORD-11561,2025-04-17,Tacna,Costa Sur,Terrestre,Estándar,1378.0,7,8.94,5,8.54,Baja,Jueves,Media,0
ORD-11562,2025-04-03,Lima,Lima y Callao,Terrestre,Express,141.53,2,4.28,4,5.39,Baja,Jueves,Baja,0
ORD-11563,2025-04-01,Cajamarca,Sierra Norte,Terrestre,Estándar,884.96,5,5.96,7,4.68,Media,Martes,Baja,0
ORD-11564,2025-12-02,Lima,Lima y Callao,Terrestre,Express,118.6,2,3.37,2,2.67,Media,Martes,Media,0
ORD-11565,2025-07-23,Arequipa,Costa Sur,Terrestre,Express,971.56,3,5.85,4,8.77,Media,Miércoles,Media,0
ORD-11566,2025-06-15,Lima,Lima y Callao,Terrestre,Express,96.04,2,4.83,4,3.82,Media,Domingo,Alta,0
ORD-11567,2025-12-20,Cusco,Sierra Sur,Terrestre,Express,1035.84,3,4.87,4,2.21,Alta,Sábado,Media,0
ORD-11568,2025-08-09,Lima,Lima y Callao,Terrestre,Estándar,95.31,3,7.21,6,9.42,Media,Sábado,Media,0
ORD-11569,2025-11-28,Puno,Sierra Sur,Terrestre,Estándar,1398.17,7,7.49,6,3.3,Media,Viernes,Media,0
ORD-11570,2025-12-26,Callao,Lima y Callao,Terrestre,Estándar,33.63,3,4.97,2,1.62,Media,Viernes,Alta,0
ORD-11571,2025-01-29,La Libertad,Costa Norte,Terrestre,Estándar,580.27,4,3.32,4,2.56,Media,Miércoles,Baja,0
ORD-11572,2025-05-12,Lima,Lima y Callao,Terrestre,Express,69.33,2,6.76,5,2.81,Media,Lunes,Alta,0
ORD-11573,2025-09-25,La Libertad,Costa Norte,Terrestre,Express,631.7,3,8.81,7,13.38,Media,Jueves,Media,0
ORD-11574,2025-10-24,Cajamarca,Sierra Norte,Terrestre,Estándar,920.13,5,6.79,6,7.41,Media,Viernes,Baja,1
ORD-11575,2025-02-24,Áncash,Costa Norte,Terrestre,Express,453.16,2,9.78,6,18.18,Media,Lunes,Baja,0
ORD-11576,2025-04-27,La Libertad,Costa Norte,Aéreo,Express,566.11,3,4.56,4,6.49,Media,Domingo,Baja,0
ORD-11577,2025-07-20,Lima,Lima y Callao,Terrestre,Estándar,123.22,2,5.48,3,9.57,Baja,Domingo,Media,0
ORD-11578,2025-10-19,Lima,Lima y Callao,Terrestre,Estándar,105.57,3,5.4,5,4.22,Media,Domingo,Media,0
ORD-11579,2025-02-11,Cajamarca,Sierra Norte,Terrestre,Estándar,783.96,6,8.22,8,11.19,Media,Martes,Baja,0
ORD-11580,2025-08-08,Lambayeque,Costa Norte,Aéreo,Express,767.58,3,2.53,4,2.66,Media,Viernes,Baja,0
ORD-11581,2025-04-19,Junín,Sierra Centro,Terrestre,Estándar,360.96,4,5.57,6,6.76,Media,Sábado,Baja,0
ORD-11582,2025-03-20,Cusco,Sierra Sur,Terrestre,Express,1036.21,3,7.26,5,11.11,Baja,Jueves,Alta,1
ORD-11583,2025-07-08,Lima,Lima y Callao,Terrestre,Express,43.86,2,5.7,2,2.39,Media,Martes,Alta,0
ORD-11584,2025-06-01,Huánuco,Sierra Centro,Terrestre,Estándar,423.78,5,5.73,6,6.56,Media,Domingo,Media,0
ORD-11585,2025-08-21,Lima,Lima y Callao,Terrestre,Express,22.77,2,4.05,3,4.05,Media,Jueves,Media,0
ORD-11586,2025-04-26,Puno,Sierra Sur,Terrestre,Estándar,1269.2,6,5.97,6,7.96,Media,Sábado,Baja,1
ORD-11587,2025-10-28,Lima,Lima y Callao,Terrestre,Estándar,63.53,2,6.72,7,8.9,Baja,Martes,Media,0
ORD-11588,2025-01-29,Lima,Lima y Callao,Terrestre,Estándar,123.45,3,4.97,3,6.57,Baja,Miércoles,Media,0
ORD-11589,2025-11-11,Arequipa,Costa Sur,Terrestre,Express,1019.01,3,4.58,4,3.78,Media,Martes,Media,0
ORD-11590,2025-01-11,Callao,Lima y Callao,Terrestre,Mismo Día,36.67,1,5.46,3,3.48,Baja,Sábado,Media,0
ORD-11591,2025-09-26,Arequipa,Costa Sur,Terrestre,Estándar,1039.34,6,5.44,3,3.97,Media,Viernes,Media,0
ORD-11592,2025-05-07,Lima,Lima y Callao,Terrestre,Estándar,89.76,4,4.85,4,3.38,Media,Miércoles,Baja,0
ORD-11593,2025-05-20,Pasco,Sierra Centro,Terrestre,Estándar,297.0,2,7.24,5,5.17,Alta,Martes,Alta,0
ORD-11594,2025-01-07,Callao,Lima y Callao,Terrestre,Mismo Día,27.93,1,5.89,4,6.93,Media,Martes,Media,0
ORD-11595,2025-09-14,Callao,Lima y Callao,Terrestre,Mismo Día,27.93,1,8.37,7,6.21,Baja,Domingo,Alta,1
ORD-11596,2025-03-02,Ica,Costa Sur,Terrestre,Estándar,302.93,3,12.92,7,28.27,Media,Domingo,Media,1
ORD-11597,2025-08-29,Lima,Lima y Callao,Terrestre,Express,82.21,2,9.04,4,9.83,Media,Viernes,Alta,0
ORD-11598,2025-09-22,Lima,Lima y Callao,Terrestre,Estándar,75.61,3,5.74,4,5.31,Baja,Lunes,Alta,0
ORD-11599,2025-11-05,Lima,Lima y Callao,Terrestre,Express,91.26,2,7.82,4,6.27,Alta,Miércoles,Alta,0
ORD-11600,2025-09-16,Puno,Sierra Sur,Terrestre,Express,1503.92,4,4.25,5,8.66,Media,Martes,Baja,0
ORD-11601,2025-04-21,Huánuco,Sierra Centro,Terrestre,Estándar,440.82,5,3.21,3,4.58,Baja,Lunes,Baja,0
ORD-11602,2025-09-27,Lima,Lima y Callao,Terrestre,Estándar,87.68,4,8.66,8,10.21,Baja,Sábado,Media,0
ORD-11603,2025-10-29,Lima,Lima y Callao,Terrestre,Express,83.93,2,11.16,6,24.1,Alta,Miércoles,Media,1
ORD-11604,2025-04-26,Huánuco,Sierra Centro,Terrestre,Express,498.65,2,5.46,4,3.92,Alta,Sábado,Media,0
ORD-11605,2025-02-15,Puno,Sierra Sur,Terrestre,Estándar,1411.57,7,9.16,6,6.65,Alta,Sábado,Alta,0
ORD-11606,2025-11-21,Arequipa,Costa Sur,Aéreo,Express,1050.9,3,6.89,5,6.5,Media,Viernes,Alta,0
ORD-11607,2025-02-23,Lima,Lima y Callao,Terrestre,Express,55.91,2,8.57,5,8.16,Media,Domingo,Alta,0
ORD-11608,2025-08-05,Lima,Lima y Callao,Terrestre,Estándar,81.08,3,8.71,5,14.79,Baja,Martes,Baja,0
ORD-11609,2025-03-28,Puno,Sierra Sur,Aéreo,Express,1434.17,4,7.01,5,6.04,Media,Viernes,Alta,1
ORD-11610,2025-02-15,Lima,Lima y Callao,Terrestre,Express,75.05,2,5.99,5,7.86,Media,Sábado,Media,0
ORD-11611,2025-10-11,Ica,Costa Sur,Terrestre,Express,364.71,2,5.02,2,2.95,Alta,Sábado,Alta,0
ORD-11612,2025-02-22,Moquegua,Costa Sur,Terrestre,Estándar,1128.28,6,8.05,6,6.88,Media,Sábado,Alta,0
ORD-11613,2025-09-02,Lima,Lima y Callao,Terrestre,Estándar,85.54,3,7.99,6,12.48,Media,Martes,Media,1
ORD-11614,2025-09-10,Lima,Lima y Callao,Terrestre,Estándar,83.39,3,5.75,3,4.55,Baja,Miércoles,Media,0
ORD-11615,2025-01-22,Lima,Lima y Callao,Terrestre,Estándar,79.7,3,11.24,6,11.2,Media,Miércoles,Alta,0
ORD-11616,2025-03-05,Cusco,Sierra Sur,Terrestre,Estándar,1145.27,6,4.8,4,4.41,Baja,Miércoles,Media,1
ORD-11617,2025-10-17,Lima,Lima y Callao,Terrestre,Express,49.69,2,5.33,2,2.1,Alta,Viernes,Media,0
ORD-11618,2025-07-05,Piura,Costa Norte,Terrestre,Estándar,974.81,6,7.08,6,6.45,Baja,Sábado,Media,0
ORD-11619,2025-02-14,Ica,Costa Sur,Aéreo,Express,304.75,2,6.87,6,8.12,Media,Viernes,Baja,0
ORD-11620,2025-12-28,Lambayeque,Costa Norte,Terrestre,Estándar,827.12,5,6.74,5,9.91,Baja,Domingo,Media,0
ORD-11621,2025-04-07,San Martín,Selva Norte,Terrestre,Express,1109.56,4,7.53,5,15.35,Media,Lunes,Media,0
ORD-11622,2025-01-02,Loreto,Selva Norte,Aéreo,Estándar,1678.18,8,4.18,3,4.22,Baja,Jueves,Media,0
ORD-11623,2025-12-04,Piura,Costa Norte,Terrestre,Estándar,1031.93,6,14.24,8,21.62,Media,Jueves,Alta,1
ORD-11624,2025-01-07,La Libertad,Costa Norte,Terrestre,Estándar,596.54,5,7.95,5,7.61,Media,Martes,Alta,1
ORD-11625,2025-07-21,Ucayali,Selva Centro-Sur,Terrestre,Estándar,985.98,7,7.08,6,5.39,Media,Lunes,Alta,0
ORD-11626,2025-12-29,Cajamarca,Sierra Norte,Terrestre,Estándar,1003.44,6,5.76,5,6.84,Alta,Lunes,Media,0
ORD-11627,2025-07-30,Lima,Lima y Callao,Terrestre,Express,62.52,2,6.18,4,6.8,Media,Miércoles,Alta,0
ORD-11628,2025-08-02,Lambayeque,Costa Norte,Terrestre,Estándar,794.41,6,5.01,3,5.4,Media,Sábado,Media,1
ORD-11629,2025-05-22,Loreto,Selva Norte,Aéreo,Estándar,1275.23,6,5.13,4,4.09,Alta,Jueves,Media,0
ORD-11630,2025-02-16,Puno,Sierra Sur,Terrestre,Express,1392.21,4,4.36,3,3.37,Baja,Domingo,Media,0
ORD-11631,2025-07-29,Lima,Lima y Callao,Terrestre,Estándar,39.71,3,7.94,5,5.16,Alta,Martes,Alta,0
ORD-11632,2025-11-24,Lima,Lima y Callao,Terrestre,Mismo Día,111.29,1,7.65,7,7.87,Alta,Lunes,Media,0
ORD-11633,2025-02-03,La Libertad,Costa Norte,Terrestre,Express,603.98,3,6.43,5,7.03,Alta,Lunes,Media,0
ORD-11634,2025-11-18,Lima,Lima y Callao,Terrestre,Express,94.38,2,11.05,5,13.45,Media,Martes,Alta,0
ORD-11635,2025-06-01,Lima,Lima y Callao,Terrestre,Express,23.24,2,7.54,5,4.6,Media,Domingo,Alta,0
ORD-11636,2025-07-15,Áncash,Costa Norte,Terrestre,Estándar,444.93,4,6.32,5,2.99,Media,Martes,Alta,0
ORD-11637,2025-03-02,Lima,Lima y Callao,Terrestre,Estándar,85.38,3,4.27,4,2.24,Media,Domingo,Media,0
ORD-11638,2025-08-15,Piura,Costa Norte,Terrestre,Estándar,983.45,6,4.28,4,7.06,Alta,Viernes,Baja,0
ORD-11639,2025-03-08,Lima,Lima y Callao,Terrestre,Express,68.72,2,7.05,4,3.87,Baja,Sábado,Alta,0
ORD-11640,2025-04-10,Loreto,Selva Norte,Aéreo,Express,1197.98,4,9.39,8,10.83,Media,Jueves,Alta,1
ORD-11641,2025-09-21,La Libertad,Costa Norte,Terrestre,Estándar,605.55,4,10.34,9,7.97,Media,Domingo,Alta,1
ORD-11642,2025-01-19,Lima,Lima y Callao,Terrestre,Estándar,148.46,3,3.9,4,4.45,Baja,Domingo,Baja,0
ORD-11643,2025-06-13,Áncash,Costa Norte,Terrestre,Estándar,377.33,5,5.2,5,5.24,Media,Viernes,Media,0
ORD-11644,2025-08-06,Junín,Sierra Centro,Terrestre,Estándar,391.6,4,7.41,7,6.15,Media,Miércoles,Media,0
ORD-11645,2025-02-18,Lambayeque,Costa Norte,Terrestre,Estándar,726.04,5,4.82,3,6.55,Media,Martes,Media,0
ORD-11646,2025-04-18,Cusco,Sierra Sur,Terrestre,Estándar,1108.48,6,3.49,1,2.39,Alta,Viernes,Media,1
ORD-11647,2025-05-06,Áncash,Costa Norte,Terrestre,Express,379.11,2,9.01,8,12.87,Media,Martes,Media,0
ORD-11648,2025-08-31,Lima,Lima y Callao,Terrestre,Estándar,81.3,4,4.74,2,6.38,Alta,Domingo,Alta,0
ORD-11649,2025-12-23,La Libertad,Costa Norte,Terrestre,Express,598.6,3,4.45,3,2.23,Media,Martes,Media,1
ORD-11650,2025-11-02,La Libertad,Costa Norte,Terrestre,Express,563.54,3,8.43,7,7.55,Alta,Domingo,Media,1
ORD-11651,2025-03-11,Cusco,Sierra Sur,Terrestre,Estándar,1033.34,5,7.16,6,6.07,Baja,Martes,Media,0
ORD-11652,2025-01-07,Lima,Lima y Callao,Terrestre,Estándar,72.11,3,5.89,3,5.24,Media,Martes,Alta,0
ORD-11653,2025-01-19,La Libertad,Costa Norte,Terrestre,Estándar,614.7,4,6.79,4,2.94,Alta,Domingo,Alta,1
ORD-11654,2025-08-06,Lambayeque,Costa Norte,Terrestre,Estándar,857.21,5,6.72,5,7.97,Baja,Miércoles,Alta,0
ORD-11655,2025-02-27,Lima,Lima y Callao,Terrestre,Estándar,82.98,4,7.0,6,4.13,Media,Jueves,Media,0
ORD-11656,2025-03-26,Amazonas,Selva Norte,Terrestre,Estándar,1249.75,6,7.53,4,6.97,Media,Miércoles,Alta,0
ORD-11657,2025-11-06,Puno,Sierra Sur,Terrestre,Estándar,1354.41,7,8.42,7,13.7,Media,Jueves,Baja,1
ORD-11658,2025-11-15,Arequipa,Costa Sur,Terrestre,Estándar,953.13,4,8.42,5,3.88,Alta,Sábado,Alta,1
ORD-11659,2025-11-03,Lambayeque,Costa Norte,Terrestre,Estándar,755.96,5,8.96,6,6.32,Media,Lunes,Alta,1
ORD-11660,2025-04-03,Callao,Lima y Callao,Terrestre,Express,36.03,2,8.21,5,10.51,Alta,Jueves,Media,0
ORD-11661,2025-08-15,Lima,Lima y Callao,Terrestre,Estándar,69.69,3,9.04,6,13.23,Media,Viernes,Alta,0
ORD-11662,2025-08-11,Cusco,Sierra Sur,Terrestre,Express,1152.36,4,3.38,3,2.16,Media,Lunes,Media,0
ORD-11663,2025-03-09,Piura,Costa Norte,Terrestre,Express,992.07,3,6.82,5,7.29,Alta,Domingo,Media,0
ORD-11664,2025-07-22,La Libertad,Costa Norte,Terrestre,Estándar,621.09,4,6.35,4,6.78,Media,Martes,Media,0
ORD-11665,2025-07-11,Lima,Lima y Callao,Terrestre,Estándar,84.94,3,8.56,7,8.45,Baja,Viernes,Alta,0
ORD-11666,2025-05-25,Cusco,Sierra Sur,Terrestre,Estándar,1042.97,6,6.95,2,4.78,Media,Domingo,Alta,0
ORD-11667,2025-10-02,Áncash,Costa Norte,Terrestre,Estándar,431.43,3,5.63,3,2.94,Media,Jueves,Media,0
ORD-11668,2025-09-05,La Libertad,Costa Norte,Terrestre,Estándar,565.75,5,7.33,5,5.06,Media,Viernes,Alta,1
ORD-11669,2025-07-14,Lima,Lima y Callao,Terrestre,Estándar,50.72,3,7.12,5,4.59,Media,Lunes,Alta,0
ORD-11670,2025-09-22,Lambayeque,Costa Norte,Terrestre,Express,764.22,3,3.02,3,4.34,Media,Lunes,Baja,0
ORD-11671,2025-10-06,Tacna,Costa Sur,Aéreo,Express,1267.03,4,5.96,3,3.5,Alta,Lunes,Alta,0
ORD-11672,2025-07-26,Lima,Lima y Callao,Terrestre,Express,104.27,2,6.59,3,5.32,Baja,Sábado,Media,0
ORD-11673,2025-04-08,Ucayali,Selva Centro-Sur,Terrestre,Estándar,740.8,4,8.97,6,6.42,Media,Martes,Media,1
ORD-11674,2025-10-04,Huánuco,Sierra Centro,Terrestre,Express,414.84,2,5.7,5,5.65,Media,Sábado,Media,0
ORD-11675,2025-09-19,Lima,Lima y Callao,Terrestre,Express,138.41,2,5.92,5,6.76,Baja,Viernes,Media,0
ORD-11676,2025-12-25,Lima,Lima y Callao,Terrestre,Express,173.39,2,7.75,7,6.18,Media,Jueves,Media,0
ORD-11677,2025-02-24,Lima,Lima y Callao,Terrestre,Express,84.6,2,3.33,2,4.25,Media,Lunes,Baja,0
ORD-11678,2025-06-03,Ucayali,Selva Centro-Sur,Aéreo,Estándar,883.6,5,5.96,6,10.04,Alta,Martes,Baja,0
ORD-11679,2025-12-04,Lima,Lima y Callao,Terrestre,Estándar,116.56,3,11.35,9,14.95,Media,Jueves,Alta,1
ORD-11680,2025-07-07,Puno,Sierra Sur,Terrestre,Express,1243.15,4,8.81,7,5.18,Baja,Lunes,Alta,0
ORD-11681,2025-12-11,Lima,Lima y Callao,Terrestre,Express,79.12,2,6.18,3,7.63,Media,Jueves,Media,0
ORD-11682,2025-01-05,Ayacucho,Sierra Sur,Terrestre,Express,551.19,3,5.95,2,1.17,Alta,Domingo,Alta,0
ORD-11683,2025-01-13,Lima,Lima y Callao,Terrestre,Express,76.81,2,8.06,6,10.21,Media,Lunes,Alta,0
ORD-11684,2025-10-18,Lambayeque,Costa Norte,Terrestre,Estándar,862.56,5,5.39,3,4.12,Media,Sábado,Media,0
ORD-11685,2025-05-11,Puno,Sierra Sur,Terrestre,Estándar,1417.7,7,4.64,4,6.71,Alta,Domingo,Baja,0
ORD-11686,2025-07-09,Loreto,Selva Norte,Multimodal,Estándar,1725.5,8,3.86,2,2.31,Baja,Miércoles,Media,1
ORD-11687,2025-06-06,Arequipa,Costa Sur,Terrestre,Estándar,1054.05,7,3.9,4,4.98,Media,Viernes,Media,0
ORD-11688,2025-05-29,Ayacucho,Sierra Sur,Terrestre,Estándar,630.81,4,9.18,6,9.66,Media,Jueves,Alta,1
ORD-11689,2025-12-09,Arequipa,Costa Sur,Aéreo,Express,1055.61,3,5.25,3,3.85,Media,Martes,Media,0
ORD-11690,2025-02-04,Lima,Lima y Callao,Terrestre,Estándar,102.18,2,5.49,3,4.28,Alta,Martes,Baja,0
ORD-11691,2025-10-09,Arequipa,Costa Sur,Aéreo,Estándar,1010.62,6,10.56,10,13.65,Baja,Jueves,Media,1
ORD-11692,2025-11-21,Lima,Lima y Callao,Terrestre,Mismo Día,66.34,1,7.83,3,10.08,Media,Viernes,Media,0
ORD-11693,2025-08-28,Lima,Lima y Callao,Terrestre,Express,87.68,2,2.28,1,1.09,Media,Jueves,Media,0
ORD-11694,2025-05-25,Pasco,Sierra Centro,Terrestre,Express,315.9,2,8.25,7,15.34,Alta,Domingo,Baja,0
ORD-11695,2025-02-28,Cusco,Sierra Sur,Terrestre,Express,1059.02,3,4.04,5,7.38,Alta,Viernes,Baja,0
ORD-11696,2025-09-07,Lima,Lima y Callao,Terrestre,Express,48.36,2,6.45,4,6.04,Media,Domingo,Media,0
ORD-11697,2025-06-21,Arequipa,Costa Sur,Terrestre,Express,1024.48,3,6.23,4,3.09,Baja,Sábado,Alta,0
ORD-11698,2025-02-24,Piura,Costa Norte,Terrestre,Estándar,930.24,5,6.24,3,6.04,Media,Lunes,Alta,0
ORD-11699,2025-05-12,Cajamarca,Sierra Norte,Terrestre,Estándar,855.35,5,4.44,5,4.11,Alta,Lunes,Baja,0
ORD-11700,2025-12-17,Arequipa,Costa Sur,Terrestre,Estándar,1015.24,6,4.85,2,4.75,Media,Miércoles,Media,0
ORD-11701,2025-04-07,Callao,Lima y Callao,Terrestre,Estándar,24.6,4,5.14,5,4.76,Media,Lunes,Media,0
ORD-11702,2025-03-07,Loreto,Selva Norte,Aéreo,Estándar,1681.83,8,9.24,5,12.1,Alta,Viernes,Alta,0
ORD-11703,2025-09-06,Arequipa,Costa Sur,Terrestre,Estándar,1008.41,6,4.8,6,5.54,Alta,Sábado,Baja,0
ORD-11704,2025-03-14,Lima,Lima y Callao,Terrestre,Express,72.31,2,4.68,4,3.24,Media,Viernes,Media,0
ORD-11705,2025-12-02,Lima,Lima y Callao,Terrestre,Estándar,24.38,3,7.09,5,5.89,Alta,Martes,Media,0
ORD-11706,2025-11-10,Lima,Lima y Callao,Terrestre,Estándar,127.23,3,5.91,4,3.94,Baja,Lunes,Baja,0
ORD-11707,2025-12-25,Callao,Lima y Callao,Terrestre,Estándar,45.06,3,9.23,8,8.59,Media,Jueves,Media,0
ORD-11708,2025-11-30,Arequipa,Costa Sur,Terrestre,Express,1004.55,3,8.27,4,10.39,Alta,Domingo,Media,0
ORD-11709,2025-03-30,Lambayeque,Costa Norte,Terrestre,Estándar,757.8,5,5.77,5,4.91,Baja,Domingo,Media,0
ORD-11710,2025-03-19,Callao,Lima y Callao,Terrestre,Express,51.16,2,10.44,9,12.36,Baja,Miércoles,Alta,0
ORD-11711,2025-05-06,Lima,Lima y Callao,Terrestre,Express,148.88,2,8.12,4,9.7,Media,Martes,Media,0
ORD-11712,2025-06-21,Junín,Sierra Centro,Terrestre,Estándar,349.98,4,7.44,5,6.62,Media,Sábado,Alta,0
ORD-11713,2025-11-18,Lambayeque,Costa Norte,Terrestre,Estándar,742.84,5,6.66,2,4.15,Baja,Martes,Alta,0
ORD-11714,2025-09-25,Arequipa,Costa Sur,Terrestre,Express,953.54,3,5.98,6,9.3,Baja,Jueves,Baja,0
ORD-11715,2025-08-24,Lima,Lima y Callao,Terrestre,Express,14.05,2,4.27,2,4.05,Media,Domingo,Media,0
ORD-11716,2025-11-17,Callao,Lima y Callao,Terrestre,Estándar,51.1,3,9.18,6,7.11,Media,Lunes,Alta,0
ORD-11717,2025-08-24,Lima,Lima y Callao,Terrestre,Express,161.82,2,6.02,3,5.11,Alta,Domingo,Alta,0
ORD-11718,2025-05-19,Arequipa,Costa Sur,Terrestre,Estándar,1133.86,6,10.82,6,16.31,Media,Lunes,Media,0
ORD-11719,2025-05-31,Tumbes,Costa Norte,Terrestre,Estándar,1311.55,7,6.97,7,7.26,Media,Sábado,Baja,0
ORD-11720,2025-07-08,Lima,Lima y Callao,Terrestre,Express,50.67,2,8.98,6,8.83,Baja,Martes,Alta,1
ORD-11721,2025-02-02,Callao,Lima y Callao,Terrestre,Mismo Día,71.47,1,5.47,3,2.9,Media,Domingo,Media,0
ORD-11722,2025-09-28,Áncash,Costa Norte,Terrestre,Estándar,392.76,3,4.74,3,6.21,Media,Domingo,Alta,0
ORD-11723,2025-08-27,Ica,Costa Sur,Terrestre,Estándar,279.89,3,3.25,5,3.3,Alta,Miércoles,Baja,0
ORD-11724,2025-09-24,Cajamarca,Sierra Norte,Terrestre,Express,922.25,3,5.8,5,5.65,Alta,Miércoles,Baja,1
ORD-11725,2025-07-14,Callao,Lima y Callao,Terrestre,Estándar,15.76,2,15.21,11,20.57,Media,Lunes,Alta,1
ORD-11726,2025-10-13,Piura,Costa Norte,Terrestre,Estándar,1020.53,6,5.55,5,5.91,Alta,Lunes,Media,1
ORD-11727,2025-12-13,Lima,Lima y Callao,Terrestre,Express,173.07,2,5.54,4,2.22,Baja,Sábado,Media,1
ORD-11728,2025-07-28,Cajamarca,Sierra Norte,Terrestre,Estándar,941.64,5,7.84,4,3.81,Media,Lunes,Alta,0
ORD-11729,2025-06-12,Lima,Lima y Callao,Terrestre,Estándar,117.73,4,1.62,2,2.33,Media,Jueves,Baja,0
ORD-11730,2025-02-08,Cusco,Sierra Sur,Terrestre,Estándar,1041.71,6,9.88,6,14.27,Media,Sábado,Alta,1
ORD-11731,2025-10-12,Tumbes,Costa Norte,Terrestre,Estándar,1191.6,6,4.76,3,5.37,Alta,Domingo,Media,0
ORD-11732,2025-11-26,Áncash,Costa Norte,Terrestre,Express,463.31,2,10.05,6,10.88,Baja,Miércoles,Alta,1
ORD-11733,2025-09-13,Lima,Lima y Callao,Terrestre,Estándar,95.41,2,5.35,4,3.24,Media,Sábado,Media,0
ORD-11734,2025-11-12,Lima,Lima y Callao,Terrestre,Estándar,139.87,3,4.67,3,3.77,Baja,Miércoles,Alta,0
ORD-11735,2025-11-11,Arequipa,Costa Sur,Terrestre,Express,955.17,3,6.31,3,7.34,Baja,Martes,Media,0
ORD-11736,2025-10-19,Cajamarca,Sierra Norte,Terrestre,Estándar,857.39,5,7.53,6,10.94,Media,Domingo,Alta,0
ORD-11737,2025-07-03,Junín,Sierra Centro,Terrestre,Estándar,347.3,4,4.85,3,3.28,Alta,Jueves,Media,0
ORD-11738,2025-02-06,Piura,Costa Norte,Terrestre,Estándar,992.85,6,6.79,6,10.44,Media,Jueves,Media,0
ORD-11739,2025-01-02,Lima,Lima y Callao,Terrestre,Express,118.6,2,4.82,2,1.85,Media,Jueves,Alta,0
ORD-11740,2025-03-16,Lima,Lima y Callao,Terrestre,Express,153.69,2,5.47,4,3.69,Baja,Domingo,Media,0
ORD-11741,2025-06-07,Lima,Lima y Callao,Terrestre,Estándar,66.64,4,6.72,7,3.78,Baja,Sábado,Media,0
ORD-11742,2025-09-29,Moquegua,Costa Sur,Terrestre,Estándar,1141.61,6,3.72,4,4.83,Baja,Lunes,Baja,0
ORD-11743,2025-06-16,Lambayeque,Costa Norte,Terrestre,Estándar,719.85,5,9.68,8,12.97,Alta,Lunes,Alta,1
ORD-11744,2025-01-09,Lima,Lima y Callao,Terrestre,Express,62.04,2,5.53,5,4.01,Baja,Jueves,Media,0
ORD-11745,2025-03-18,Lima,Lima y Callao,Terrestre,Estándar,74.36,2,7.86,6,6.99,Media,Martes,Alta,0
ORD-11746,2025-12-24,Cusco,Sierra Sur,Terrestre,Express,1080.12,3,8.64,6,4.9,Media,Miércoles,Alta,0
ORD-11747,2025-12-27,Piura,Costa Norte,Terrestre,Estándar,961.5,6,5.86,3,3.29,Media,Sábado,Alta,0
ORD-11748,2025-05-18,Áncash,Costa Norte,Terrestre,Estándar,397.81,4,9.13,8,6.66,Media,Domingo,Media,0
ORD-11749,2025-10-21,Callao,Lima y Callao,Terrestre,Estándar,44.98,3,7.44,4,8.44,Baja,Martes,Alta,0
ORD-11750,2025-09-20,Loreto,Selva Norte,Aéreo,Express,1547.77,4,6.42,6,5.64,Media,Sábado,Baja,0
ORD-11751,2025-12-06,Ica,Costa Sur,Terrestre,Estándar,270.98,3,6.75,4,4.81,Media,Sábado,Alta,1
ORD-11752,2025-11-20,Cajamarca,Sierra Norte,Terrestre,Estándar,863.85,5,7.82,6,5.69,Baja,Jueves,Media,0
ORD-11753,2025-08-18,Callao,Lima y Callao,Terrestre,Estándar,48.97,3,7.76,6,8.55,Media,Lunes,Media,0
ORD-11754,2025-05-25,Lima,Lima y Callao,Terrestre,Mismo Día,117.2,1,7.05,4,15.04,Baja,Domingo,Media,0
ORD-11755,2025-08-17,Piura,Costa Norte,Terrestre,Estándar,1020.44,6,13.05,8,33.25,Alta,Domingo,Media,1
ORD-11756,2025-04-27,Arequipa,Costa Sur,Terrestre,Express,974.13,3,7.04,5,5.67,Alta,Domingo,Media,0
ORD-11757,2025-05-08,Áncash,Costa Norte,Terrestre,Express,420.77,2,5.18,4,6.31,Baja,Jueves,Media,0
ORD-11758,2025-08-11,Lambayeque,Costa Norte,Terrestre,Estándar,836.65,5,5.39,5,9.34,Media,Lunes,Baja,0
ORD-11759,2025-07-28,Tacna,Costa Sur,Terrestre,Estándar,1301.43,7,7.81,4,8.52,Media,Lunes,Alta,0
ORD-11760,2025-08-01,Cusco,Sierra Sur,Terrestre,Estándar,1048.74,6,4.79,4,6.58,Alta,Viernes,Media,0
ORD-11761,2025-05-21,Tacna,Costa Sur,Terrestre,Express,1426.54,4,10.77,8,16.21,Media,Miércoles,Media,1
ORD-11762,2025-05-30,Piura,Costa Norte,Terrestre,Express,904.48,3,8.69,6,9.02,Media,Viernes,Alta,0
ORD-11763,2025-01-04,Huancavelica,Sierra Centro,Terrestre,Estándar,546.69,4,7.17,5,4.9,Baja,Sábado,Alta,1
ORD-11764,2025-08-08,Madre de Dios,Selva Centro-Sur,Terrestre,Express,1352.61,4,10.39,6,12.04,Baja,Viernes,Alta,1
ORD-11765,2025-07-30,Lima,Lima y Callao,Terrestre,Estándar,49.04,3,10.86,8,10.16,Media,Miércoles,Alta,0
ORD-11766,2025-12-08,Lima,Lima y Callao,Terrestre,Express,108.78,2,12.42,8,11.42,Media,Lunes,Alta,0
ORD-11767,2025-07-04,La Libertad,Costa Norte,Aéreo,Express,609.09,3,5.95,3,2.19,Alta,Viernes,Alta,1
ORD-11768,2025-06-20,Madre de Dios,Selva Centro-Sur,Terrestre,Estándar,1353.95,7,7.31,7,6.15,Alta,Viernes,Alta,0
ORD-11769,2025-01-25,Loreto,Selva Norte,Aéreo,Express,1614.65,4,5.64,4,4.27,Media,Sábado,Alta,0
ORD-11770,2025-03-13,Lima,Lima y Callao,Terrestre,Express,132.41,2,7.78,7,11.0,Media,Jueves,Media,0
ORD-11771,2025-05-04,Ucayali,Selva Centro-Sur,Multimodal,Estándar,765.78,7,5.61,3,8.65,Alta,Domingo,Media,0
ORD-11772,2025-05-18,Lambayeque,Costa Norte,Terrestre,Express,812.4,3,7.33,3,5.2,Alta,Domingo,Alta,0
ORD-11773,2025-05-13,Loreto,Selva Norte,Aéreo,Estándar,1629.33,8,5.03,2,2.75,Alta,Martes,Alta,0
ORD-11774,2025-05-24,Piura,Costa Norte,Terrestre,Estándar,982.84,7,5.39,5,4.11,Alta,Sábado,Media,0
ORD-11775,2025-10-08,Callao,Lima y Callao,Terrestre,Estándar,43.91,3,8.02,6,12.91,Media,Miércoles,Media,0
ORD-11776,2025-02-17,Áncash,Costa Norte,Terrestre,Express,334.37,2,8.15,5,7.23,Media,Lunes,Alta,0
ORD-11777,2025-05-02,La Libertad,Costa Norte,Terrestre,Estándar,662.21,5,5.74,7,2.2,Media,Viernes,Baja,0
ORD-11778,2025-03-01,Piura,Costa Norte,Aéreo,Estándar,884.9,5,6.69,5,9.65,Baja,Sábado,Baja,0
ORD-11779,2025-04-23,Huancavelica,Sierra Centro,Terrestre,Express,490.72,2,6.68,7,10.08,Media,Miércoles,Baja,0
ORD-11780,2025-09-07,Lima,Lima y Callao,Terrestre,Express,143.71,2,7.63,7,3.58,Media,Domingo,Baja,0
ORD-11781,2025-01-18,Amazonas,Selva Norte,Terrestre,Estándar,1273.17,7,5.73,3,5.14,Media,Sábado,Alta,1
ORD-11782,2025-05-04,Junín,Sierra Centro,Terrestre,Express,482.87,2,6.24,4,5.86,Baja,Domingo,Alta,0
ORD-11783,2025-01-09,Lima,Lima y Callao,Terrestre,Mismo Día,83.56,1,7.25,6,4.39,Media,Jueves,Media,1
ORD-11784,2025-12-15,Ayacucho,Sierra Sur,Terrestre,Estándar,568.25,4,7.07,2,6.01,Media,Lunes,Alta,0
ORD-11785,2025-09-23,Piura,Costa Norte,Terrestre,Estándar,963.76,6,5.0,4,6.36,Media,Martes,Media,0
ORD-11786,2025-03-30,Cajamarca,Sierra Norte,Terrestre,Estándar,812.19,5,5.53,5,5.22,Baja,Domingo,Baja,0
ORD-11787,2025-03-14,Puno,Sierra Sur,Terrestre,Express,1454.84,4,4.33,2,1.99,Media,Viernes,Alta,0
ORD-11788,2025-02-06,Callao,Lima y Callao,Terrestre,Mismo Día,42.14,1,7.64,5,5.55,Baja,Jueves,Alta,0
ORD-11789,2025-06-22,Ucayali,Selva Centro-Sur,Multimodal,Estándar,864.87,6,7.03,6,6.89,Media,Domingo,Media,0
ORD-11790,2025-10-03,Lima,Lima y Callao,Terrestre,Estándar,36.98,3,14.46,12,18.9,Media,Viernes,Baja,0
ORD-11791,2025-08-02,Arequipa,Costa Sur,Terrestre,Estándar,1003.14,7,6.33,4,4.7,Alta,Sábado,Media,0
ORD-11792,2025-11-18,Arequipa,Costa Sur,Terrestre,Express,1080.35,3,7.48,5,5.53,Media,Martes,Media,1
ORD-11793,2025-05-06,Arequipa,Costa Sur,Terrestre,Express,1046.31,3,4.27,2,3.16,Media,Martes,Media,0
ORD-11794,2025-04-12,Lima,Lima y Callao,Terrestre,Estándar,37.57,3,4.79,5,5.25,Alta,Sábado,Media,0
ORD-11795,2025-06-24,Loreto,Selva Norte,Multimodal,Estándar,1207.32,6,6.88,6,6.44,Media,Martes,Media,1
ORD-11796,2025-03-15,La Libertad,Costa Norte,Aéreo,Express,601.18,3,4.89,4,8.95,Alta,Sábado,Baja,0
ORD-11797,2025-12-23,La Libertad,Costa Norte,Terrestre,Express,561.27,3,10.94,9,8.58,Baja,Martes,Alta,0
ORD-11798,2025-03-09,Lima,Lima y Callao,Terrestre,Express,145.77,2,5.29,4,5.0,Media,Domingo,Media,0
ORD-11799,2025-06-24,Lima,Lima y Callao,Terrestre,Estándar,101.41,2,5.79,7,6.19,Baja,Martes,Media,0
ORD-11800,2025-07-10,Lima,Lima y Callao,Terrestre,Estándar,39.92,2,4.26,2,4.11,Media,Jueves,Media,0
ORD-11801,2025-01-21,Lambayeque,Costa Norte,Terrestre,Estándar,816.89,6,3.1,3,1.88,Alta,Martes,Baja,0
ORD-11802,2025-06-20,Lima,Lima y Callao,Terrestre,Express,73.84,2,6.48,5,4.55,Media,Viernes,Media,0
ORD-11803,2025-06-15,Ucayali,Selva Centro-Sur,Terrestre,Estándar,828.28,5,3.96,3,4.95,Media,Domingo,Media,0
ORD-11804,2025-04-05,Junín,Sierra Centro,Terrestre,Estándar,375.15,4,5.76,4,4.41,Baja,Sábado,Alta,0
ORD-11805,2025-02-16,Áncash,Costa Norte,Terrestre,Estándar,318.74,4,9.28,7,12.07,Alta,Domingo,Alta,0
ORD-11806,2025-01-17,Arequipa,Costa Sur,Terrestre,Estándar,1010.79,7,6.21,4,4.61,Media,Viernes,Alta,0
ORD-11807,2025-01-04,Lima,Lima y Callao,Terrestre,Estándar,127.33,3,6.85,6,5.31,Baja,Sábado,Alta,0
ORD-11808,2025-06-25,Ica,Costa Sur,Terrestre,Express,347.32,2,10.2,7,8.19,Alta,Miércoles,Alta,1
ORD-11809,2025-02-02,San Martín,Selva Norte,Terrestre,Estándar,1051.72,7,7.59,7,4.87,Media,Domingo,Media,0
ORD-11810,2025-12-17,Lima,Lima y Callao,Terrestre,Estándar,100.31,4,9.11,4,3.26,Media,Miércoles,Alta,1
ORD-11811,2025-03-31,Lima,Lima y Callao,Terrestre,Estándar,59.01,3,10.29,9,15.93,Baja,Lunes,Media,0
ORD-11812,2025-08-27,Loreto,Selva Norte,Aéreo,Estándar,1395.96,7,6.53,6,6.31,Baja,Miércoles,Baja,0
ORD-11813,2025-09-03,Cusco,Sierra Sur,Terrestre,Estándar,1014.32,6,5.01,5,6.01,Alta,Miércoles,Media,0
ORD-11814,2025-06-30,Madre de Dios,Selva Centro-Sur,Terrestre,Estándar,1250.69,6,6.55,5,6.67,Media,Lunes,Baja,0
ORD-11815,2025-11-19,Amazonas,Selva Norte,Terrestre,Estándar,1020.85,6,7.18,5,3.17,Alta,Miércoles,Alta,0
ORD-11816,2025-02-10,Lima,Lima y Callao,Terrestre,Estándar,147.69,3,2.93,3,1.94,Baja,Lunes,Baja,0
ORD-11817,2025-03-27,San Martín,Selva Norte,Terrestre,Express,1197.56,4,8.34,6,8.65,Media,Jueves,Media,0
ORD-11818,2025-04-03,Lima,Lima y Callao,Terrestre,Express,70.83,2,7.39,4,4.1,Media,Jueves,Alta,1
ORD-11819,2025-02-19,Piura,Costa Norte,Terrestre,Estándar,1010.02,6,4.82,3,3.6,Media,Miércoles,Alta,0
ORD-11820,2025-04-18,La Libertad,Costa Norte,Terrestre,Estándar,560.06,5,5.9,3,4.98,Media,Viernes,Alta,0
ORD-11821,2025-04-25,Madre de Dios,Selva Centro-Sur,Terrestre,Estándar,1305.97,7,5.09,4,3.17,Media,Viernes,Baja,0
ORD-11822,2025-10-07,Lima,Lima y Callao,Terrestre,Mismo Día,65.28,1,7.66,9,8.12,Media,Martes,Baja,0
ORD-11823,2025-04-21,Lima,Lima y Callao,Terrestre,Express,46.77,2,6.64,4,4.21,Alta,Lunes,Alta,0
ORD-11824,2025-11-16,Arequipa,Costa Sur,Terrestre,Express,1041.99,3,7.87,4,5.8,Media,Domingo,Alta,0
ORD-11825,2025-10-10,Callao,Lima y Callao,Terrestre,Mismo Día,38.41,1,6.33,4,4.62,Media,Viernes,Media,0
ORD-11826,2025-11-26,Lima,Lima y Callao,Terrestre,Estándar,88.64,2,7.45,4,3.6,Media,Miércoles,Alta,0
ORD-11827,2025-02-08,Arequipa,Costa Sur,Terrestre,Estándar,1018.16,6,3.87,2,5.09,Media,Sábado,Media,0
ORD-11828,2025-12-26,Lima,Lima y Callao,Terrestre,Mismo Día,32.65,1,5.08,6,7.58,Baja,Viernes,Baja,0
ORD-11829,2025-08-13,Pasco,Sierra Centro,Terrestre,Estándar,279.38,3,5.29,4,6.57,Alta,Miércoles,Baja,0
ORD-11830,2025-12-25,Puno,Sierra Sur,Terrestre,Express,1381.66,4,6.09,5,2.87,Baja,Jueves,Media,1
ORD-11831,2025-05-10,Arequipa,Costa Sur,Terrestre,Estándar,1033.23,6,6.27,4,3.07,Baja,Sábado,Media,0
ORD-11832,2025-12-14,San Martín,Selva Norte,Terrestre,Express,956.3,3,13.32,11,17.07,Media,Domingo,Media,1
ORD-11833,2025-08-03,Arequipa,Costa Sur,Terrestre,Express,999.67,3,9.33,8,8.82,Baja,Domingo,Alta,1
ORD-11834,2025-01-27,Lambayeque,Costa Norte,Terrestre,Estándar,794.7,5,2.32,2,2.15,Baja,Lunes,Media,0
ORD-11835,2025-05-30,Pasco,Sierra Centro,Terrestre,Estándar,360.75,4,4.7,4,3.45,Baja,Viernes,Media,0
ORD-11836,2025-02-20,Arequipa,Costa Sur,Terrestre,Estándar,1071.1,6,5.17,3,5.93,Baja,Jueves,Media,0
ORD-11837,2025-12-10,Áncash,Costa Norte,Terrestre,Estándar,405.09,4,11.47,8,12.65,Media,Miércoles,Alta,1
ORD-11838,2025-04-22,Áncash,Costa Norte,Terrestre,Estándar,422.03,3,3.27,3,3.78,Alta,Martes,Media,0
ORD-11839,2025-03-23,Lima,Lima y Callao,Terrestre,Estándar,93.48,3,5.18,5,6.66,Media,Domingo,Alta,1
ORD-11840,2025-07-21,Loreto,Selva Norte,Aéreo,Estándar,1289.62,7,6.21,4,4.18,Media,Lunes,Alta,0
ORD-11841,2025-06-05,Ayacucho,Sierra Sur,Terrestre,Estándar,537.59,4,1.96,4,3.82,Media,Jueves,Baja,0
ORD-11842,2025-02-05,Arequipa,Costa Sur,Terrestre,Estándar,910.53,5,5.79,6,6.01,Media,Miércoles,Media,0
ORD-11843,2025-10-26,Lima,Lima y Callao,Terrestre,Express,126.05,2,5.91,4,7.0,Media,Domingo,Media,0
ORD-11844,2025-11-05,Callao,Lima y Callao,Terrestre,Mismo Día,26.75,1,10.09,8,7.8,Media,Miércoles,Media,0
ORD-11845,2025-09-29,Lima,Lima y Callao,Terrestre,Estándar,98.96,4,4.95,6,7.7,Media,Lunes,Media,0
ORD-11846,2025-08-14,San Martín,Selva Norte,Terrestre,Estándar,1101.88,6,7.4,8,8.06,Media,Jueves,Media,0
ORD-11847,2025-05-27,Lima,Lima y Callao,Terrestre,Estándar,76.7,4,6.18,4,7.61,Baja,Martes,Media,0
ORD-11848,2025-07-17,Piura,Costa Norte,Terrestre,Estándar,1022.31,6,9.65,8,7.04,Alta,Jueves,Alta,1
ORD-11849,2025-07-10,Lima,Lima y Callao,Terrestre,Estándar,106.81,3,10.74,6,14.25,Alta,Jueves,Alta,0
ORD-11850,2025-03-02,Moquegua,Costa Sur,Terrestre,Estándar,1069.55,6,5.2,5,4.93,Alta,Domingo,Baja,0
ORD-11851,2025-01-30,Callao,Lima y Callao,Terrestre,Estándar,53.01,4,6.69,5,4.55,Baja,Jueves,Alta,0
ORD-11852,2025-04-03,Arequipa,Costa Sur,Terrestre,Express,1016.32,3,5.35,2,6.12,Media,Jueves,Media,1
ORD-11853,2025-06-15,Lima,Lima y Callao,Terrestre,Express,71.81,2,3.65,1,0.87,Media,Domingo,Baja,0
ORD-11854,2025-02-28,Apurímac,Sierra Sur,Terrestre,Express,910.7,3,2.58,2,2.63,Baja,Viernes,Media,1
ORD-11855,2025-02-08,Piura,Costa Norte,Terrestre,Express,993.32,3,10.13,6,11.7,Alta,Sábado,Alta,0
ORD-11856,2025-11-07,Lima,Lima y Callao,Terrestre,Express,68.21,2,8.46,4,2.72,Media,Viernes,Alta,1
ORD-11857,2025-05-17,San Martín,Selva Norte,Aéreo,Express,1260.33,4,7.46,5,6.8,Baja,Sábado,Media,1
ORD-11858,2025-08-02,Ica,Costa Sur,Terrestre,Estándar,307.78,3,4.72,5,2.94,Alta,Sábado,Media,0
ORD-11859,2025-07-11,Lambayeque,Costa Norte,Terrestre,Estándar,793.93,5,6.97,4,5.1,Baja,Viernes,Alta,0
ORD-11860,2025-09-26,Lima,Lima y Callao,Terrestre,Estándar,34.98,3,7.93,6,17.58,Media,Viernes,Media,0
ORD-11861,2025-09-28,Cusco,Sierra Sur,Terrestre,Express,1019.88,3,4.59,5,1.96,Baja,Domingo,Media,1
ORD-11862,2025-04-19,Lima,Lima y Callao,Terrestre,Estándar,80.89,3,4.66,4,4.59,Baja,Sábado,Media,0
ORD-11863,2025-11-06,Lima,Lima y Callao,Terrestre,Express,99.0,2,8.24,5,5.23,Alta,Jueves,Alta,0
ORD-11864,2025-05-16,Tumbes,Costa Norte,Terrestre,Estándar,1267.1,6,2.25,3,2.81,Media,Viernes,Baja,0
ORD-11865,2025-11-01,Lima,Lima y Callao,Terrestre,Estándar,115.12,3,8.16,6,3.84,Baja,Sábado,Alta,0
ORD-11866,2025-05-28,Arequipa,Costa Sur,Terrestre,Estándar,983.02,6,4.08,2,4.34,Media,Miércoles,Media,0
ORD-11867,2025-02-10,Lambayeque,Costa Norte,Terrestre,Estándar,805.19,6,8.03,6,7.91,Alta,Lunes,Alta,1
ORD-11868,2025-10-05,Lima,Lima y Callao,Terrestre,Estándar,122.92,3,5.96,5,2.7,Alta,Domingo,Media,0
ORD-11869,2025-01-12,Ayacucho,Sierra Sur,Terrestre,Estándar,657.71,5,5.31,5,4.57,Alta,Domingo,Media,0
ORD-11870,2025-10-09,La Libertad,Costa Norte,Aéreo,Express,647.09,3,6.77,6,5.47,Alta,Jueves,Media,0
ORD-11871,2025-01-16,Huancavelica,Sierra Centro,Aéreo,Estándar,586.43,4,2.14,2,1.58,Media,Jueves,Media,0
ORD-11872,2025-03-17,Arequipa,Costa Sur,Terrestre,Estándar,947.01,4,3.66,4,5.02,Media,Lunes,Baja,0
ORD-11873,2025-08-09,Lima,Lima y Callao,Terrestre,Express,106.66,2,5.72,2,2.9,Alta,Sábado,Alta,0
ORD-11874,2025-12-10,Cajamarca,Sierra Norte,Terrestre,Estándar,1009.56,6,7.29,8,10.93,Baja,Miércoles,Baja,0
ORD-11875,2025-05-30,Lima,Lima y Callao,Terrestre,Express,92.98,2,10.39,7,20.36,Baja,Viernes,Baja,0
ORD-11876,2025-02-14,Cajamarca,Sierra Norte,Terrestre,Estándar,840.63,5,2.11,2,1.8,Media,Viernes,Baja,0
ORD-11877,2025-03-27,Lima,Lima y Callao,Terrestre,Estándar,175.3,3,7.01,7,6.76,Baja,Jueves,Alta,0
ORD-11878,2025-11-24,Callao,Lima y Callao,Terrestre,Express,25.31,2,9.02,7,6.83,Media,Lunes,Alta,1
ORD-11879,2025-09-23,Piura,Costa Norte,Terrestre,Estándar,943.85,5,8.28,6,10.31,Alta,Martes,Media,0
ORD-11880,2025-02-06,Áncash,Costa Norte,Terrestre,Express,367.21,2,10.9,6,10.03,Media,Jueves,Alta,0
ORD-11881,2025-05-21,Lima,Lima y Callao,Terrestre,Estándar,82.47,2,6.35,4,3.1,Media,Miércoles,Media,0
ORD-11882,2025-04-07,Ica,Costa Sur,Aéreo,Express,287.11,2,5.39,4,9.02,Media,Lunes,Media,1
ORD-11883,2025-03-06,Callao,Lima y Callao,Terrestre,Express,39.26,2,6.98,6,4.66,Media,Jueves,Media,0
ORD-11884,2025-11-05,Lambayeque,Costa Norte,Terrestre,Estándar,843.21,4,6.36,3,5.44,Baja,Miércoles,Alta,1
ORD-11885,2025-08-14,Pasco,Sierra Centro,Terrestre,Estándar,339.99,5,7.47,5,8.51,Baja,Jueves,Alta,0
ORD-11886,2025-03-07,Puno,Sierra Sur,Terrestre,Estándar,1364.3,7,7.64,4,5.91,Media,Viernes,Alta,1
ORD-11887,2025-08-26,Huánuco,Sierra Centro,Terrestre,Express,535.91,2,5.15,4,3.9,Media,Martes,Media,0
ORD-11888,2025-05-31,Cajamarca,Sierra Norte,Terrestre,Express,952.47,3,9.05,7,7.27,Media,Sábado,Alta,1
ORD-11889,2025-01-23,Lima,Lima y Callao,Terrestre,Express,60.53,2,2.25,2,3.39,Media,Jueves,Media,0
ORD-11890,2025-06-14,Lima,Lima y Callao,Terrestre,Express,17.89,2,3.68,3,4.41,Baja,Sábado,Media,0
ORD-11891,2025-03-09,Callao,Lima y Callao,Terrestre,Estándar,45.23,3,5.91,5,8.65,Media,Domingo,Media,0
ORD-11892,2025-03-31,Lima,Lima y Callao,Terrestre,Estándar,127.5,3,7.04,5,8.35,Media,Lunes,Media,0
ORD-11893,2025-11-17,Lima,Lima y Callao,Terrestre,Estándar,90.88,3,4.86,3,4.36,Media,Lunes,Baja,0
ORD-11894,2025-09-17,Lima,Lima y Callao,Terrestre,Estándar,57.12,3,12.33,7,15.59,Alta,Miércoles,Alta,0
ORD-11895,2025-02-18,Junín,Sierra Centro,Terrestre,Estándar,403.17,4,4.79,6,5.46,Media,Martes,Baja,0
ORD-11896,2025-11-07,La Libertad,Costa Norte,Terrestre,Estándar,632.44,5,9.17,6,7.68,Baja,Viernes,Media,0
ORD-11897,2025-07-29,Callao,Lima y Callao,Terrestre,Estándar,42.33,3,3.81,2,2.19,Media,Martes,Media,0
ORD-11898,2025-11-16,Lima,Lima y Callao,Terrestre,Express,130.73,2,6.73,3,10.74,Baja,Domingo,Media,0
ORD-11899,2025-09-30,Cajamarca,Sierra Norte,Terrestre,Estándar,943.87,6,10.46,9,15.16,Baja,Martes,Media,1
ORD-11900,2025-05-04,Lima,Lima y Callao,Terrestre,Estándar,103.2,4,7.1,5,9.51,Media,Domingo,Media,0
ORD-11901,2025-07-15,Loreto,Selva Norte,Aéreo,Estándar,1447.24,7,7.59,5,7.26,Baja,Martes,Media,0
ORD-11902,2025-07-13,Lima,Lima y Callao,Terrestre,Estándar,102.54,3,6.37,2,2.6,Baja,Domingo,Alta,0
ORD-11903,2025-09-20,Áncash,Costa Norte,Terrestre,Estándar,418.8,4,7.6,4,15.78,Alta,Sábado,Media,0
ORD-11904,2025-04-01,Cusco,Sierra Sur,Terrestre,Estándar,1054.84,6,4.27,1,2.36,Media,Martes,Alta,1
ORD-11905,2025-05-02,Lambayeque,Costa Norte,Terrestre,Estándar,806.13,5,3.32,4,4.08,Alta,Viernes,Baja,0
ORD-11906,2025-03-31,Lima,Lima y Callao,Terrestre,Express,96.82,2,4.0,3,3.7,Alta,Lunes,Baja,0
ORD-11907,2025-04-19,Puno,Sierra Sur,Aéreo,Estándar,1359.64,8,5.14,2,2.94,Media,Sábado,Alta,0
ORD-11908,2025-02-28,Junín,Sierra Centro,Terrestre,Estándar,307.66,3,4.29,4,3.89,Media,Viernes,Media,0
ORD-11909,2025-01-14,Piura,Costa Norte,Terrestre,Estándar,996.05,6,9.65,12,12.29,Media,Martes,Baja,1
ORD-11910,2025-12-10,Cajamarca,Sierra Norte,Terrestre,Estándar,914.06,5,4.71,3,2.0,Media,Miércoles,Media,0
ORD-11911,2025-01-28,Junín,Sierra Centro,Aéreo,Express,344.78,2,6.87,6,2.4,Media,Martes,Media,0
ORD-11912,2025-11-21,Apurímac,Sierra Sur,Terrestre,Estándar,835.4,6,12.65,6,17.16,Baja,Viernes,Alta,0
ORD-11913,2025-01-02,Lima,Lima y Callao,Terrestre,Estándar,61.33,3,5.52,6,5.99,Baja,Jueves,Media,0
ORD-11914,2025-10-11,Cajamarca,Sierra Norte,Aéreo,Estándar,1005.41,6,5.77,5,5.32,Media,Sábado,Baja,0
ORD-11915,2025-04-30,Cusco,Sierra Sur,Terrestre,Estándar,1150.34,6,8.99,6,7.43,Baja,Miércoles,Alta,1
ORD-11916,2025-07-08,Lima,Lima y Callao,Terrestre,Estándar,91.7,4,7.83,3,5.04,Media,Martes,Alta,1
ORD-11917,2025-04-14,Lima,Lima y Callao,Terrestre,Express,76.88,2,6.14,5,8.49,Alta,Lunes,Baja,0
ORD-11918,2025-06-29,Áncash,Costa Norte,Terrestre,Estándar,452.33,3,6.72,6,11.36,Media,Domingo,Baja,0
ORD-11919,2025-06-14,Amazonas,Selva Norte,Terrestre,Estándar,1114.48,6,6.66,3,4.99,Media,Sábado,Alta,1
ORD-11920,2025-07-13,Lima,Lima y Callao,Terrestre,Estándar,159.29,2,8.23,8,8.66,Baja,Domingo,Alta,0
ORD-11921,2025-05-24,Huánuco,Sierra Centro,Terrestre,Estándar,388.04,5,7.61,7,14.99,Alta,Sábado,Baja,1
ORD-11922,2025-07-15,Callao,Lima y Callao,Terrestre,Express,14.0,2,5.63,3,3.89,Media,Martes,Alta,1
ORD-11923,2025-10-29,Lima,Lima y Callao,Terrestre,Estándar,92.46,3,4.56,2,3.85,Media,Miércoles,Alta,0
ORD-11924,2025-06-08,Callao,Lima y Callao,Terrestre,Estándar,26.91,4,6.76,10,6.07,Alta,Domingo,Baja,0
ORD-11925,2025-05-12,Lima,Lima y Callao,Terrestre,Estándar,96.16,2,7.0,4,8.77,Baja,Lunes,Alta,0
ORD-11926,2025-02-18,Junín,Sierra Centro,Terrestre,Express,410.99,2,5.05,5,3.85,Media,Martes,Media,0
ORD-11927,2025-05-12,Callao,Lima y Callao,Terrestre,Express,23.06,2,5.2,5,3.42,Baja,Lunes,Media,1
ORD-11928,2025-02-15,Ayacucho,Sierra Sur,Terrestre,Estándar,607.6,5,4.92,4,2.75,Baja,Sábado,Media,0
ORD-11929,2025-03-08,Callao,Lima y Callao,Terrestre,Express,48.13,2,8.25,7,9.17,Media,Sábado,Alta,0
ORD-11930,2025-12-14,Áncash,Costa Norte,Terrestre,Estándar,472.4,4,8.81,4,13.23,Media,Domingo,Alta,1
ORD-11931,2025-02-02,Huánuco,Sierra Centro,Terrestre,Express,464.88,2,4.64,2,2.11,Media,Domingo,Alta,1
ORD-11932,2025-06-25,Puno,Sierra Sur,Terrestre,Estándar,1302.99,7,5.05,4,5.22,Media,Miércoles,Alta,1
ORD-11933,2025-11-01,Moquegua,Costa Sur,Terrestre,Estándar,1151.97,5,9.52,6,10.0,Alta,Sábado,Alta,0
ORD-11934,2025-12-14,Junín,Sierra Centro,Terrestre,Estándar,359.38,4,6.44,3,3.31,Alta,Domingo,Alta,0
ORD-11935,2025-02-23,Lima,Lima y Callao,Terrestre,Estándar,116.35,4,7.89,5,5.41,Baja,Domingo,Alta,0
ORD-11936,2025-03-01,Lima,Lima y Callao,Terrestre,Estándar,91.15,3,3.08,3,3.18,Media,Sábado,Media,0
ORD-11937,2025-05-16,Moquegua,Costa Sur,Terrestre,Express,1118.51,4,4.54,3,8.88,Baja,Viernes,Baja,1
ORD-11938,2025-07-22,Callao,Lima y Callao,Terrestre,Express,51.69,2,4.31,2,2.69,Media,Martes,Baja,0
ORD-11939,2025-12-17,Huánuco,Sierra Centro,Terrestre,Estándar,467.78,4,4.86,4,6.96,Media,Miércoles,Media,0
ORD-11940,2025-03-17,Huánuco,Sierra Centro,Aéreo,Estándar,418.27,4,3.25,3,2.99,Media,Lunes,Baja,0
ORD-11941,2025-03-02,Áncash,Costa Norte,Terrestre,Express,424.15,2,7.76,8,5.7,Baja,Domingo,Alta,0
ORD-11942,2025-04-03,Ica,Costa Sur,Terrestre,Express,352.3,2,11.0,10,16.11,Media,Jueves,Media,1
ORD-11943,2025-11-16,Piura,Costa Norte,Terrestre,Estándar,996.68,7,3.56,2,3.05,Baja,Domingo,Media,0
ORD-11944,2025-01-11,Puno,Sierra Sur,Terrestre,Express,1323.99,4,5.09,3,5.55,Baja,Sábado,Media,0
ORD-11945,2025-05-19,Arequipa,Costa Sur,Terrestre,Estándar,1047.62,6,4.6,4,3.46,Media,Lunes,Media,0
ORD-11946,2025-02-13,Lambayeque,Costa Norte,Terrestre,Estándar,762.01,5,6.3,5,6.0,Media,Jueves,Alta,0
ORD-11947,2025-02-27,Junín,Sierra Centro,Terrestre,Express,371.25,2,10.26,11,7.42,Media,Jueves,Baja,0
ORD-11948,2025-12-01,Lambayeque,Costa Norte,Terrestre,Express,785.68,3,11.95,10,9.57,Media,Lunes,Alta,1
ORD-11949,2025-01-01,Lima,Lima y Callao,Terrestre,Estándar,61.41,3,6.27,5,3.45,Media,Miércoles,Media,0
ORD-11950,2025-04-28,Áncash,Costa Norte,Terrestre,Express,395.56,2,2.35,3,3.07,Media,Lunes,Baja,0
ORD-11951,2025-12-01,Pasco,Sierra Centro,Terrestre,Estándar,413.38,4,8.83,5,10.67,Media,Lunes,Alta,0
ORD-11952,2025-08-10,Tumbes,Costa Norte,Terrestre,Express,1231.11,4,6.45,5,4.19,Alta,Domingo,Media,0
ORD-11953,2025-01-27,Lima,Lima y Callao,Terrestre,Estándar,120.55,4,5.65,7,5.95,Baja,Lunes,Baja,0
ORD-11954,2025-06-19,Lima,Lima y Callao,Terrestre,Estándar,103.13,3,8.12,6,6.64,Media,Jueves,Alta,0
ORD-11955,2025-12-21,Lima,Lima y Callao,Terrestre,Estándar,88.89,3,8.83,6,7.1,Media,Domingo,Alta,0
ORD-11956,2025-05-27,Ica,Costa Sur,Terrestre,Express,258.45,2,3.63,4,6.74,Baja,Martes,Media,0
ORD-11957,2025-07-12,Cajamarca,Sierra Norte,Terrestre,Estándar,837.94,6,4.52,3,2.05,Baja,Sábado,Media,0
ORD-11958,2025-07-14,Lima,Lima y Callao,Terrestre,Estándar,52.98,4,5.5,3,1.72,Baja,Lunes,Alta,0
ORD-11959,2025-08-30,Áncash,Costa Norte,Terrestre,Express,427.61,2,9.93,8,9.94,Media,Sábado,Alta,1
ORD-11960,2025-03-10,Madre de Dios,Selva Centro-Sur,Multimodal,Estándar,1437.88,8,7.32,6,15.2,Media,Lunes,Baja,1
ORD-11961,2025-11-03,La Libertad,Costa Norte,Terrestre,Estándar,666.63,5,5.18,3,3.47,Media,Lunes,Alta,0
ORD-11962,2025-12-27,La Libertad,Costa Norte,Terrestre,Express,540.6,2,6.28,5,7.16,Media,Sábado,Media,0
ORD-11963,2025-02-22,Ica,Costa Sur,Terrestre,Estándar,274.25,4,6.09,4,4.88,Media,Sábado,Alta,0
ORD-11964,2025-10-26,Tumbes,Costa Norte,Terrestre,Estándar,1214.25,5,6.52,3,5.07,Baja,Domingo,Alta,0
ORD-11965,2025-10-26,Cajamarca,Sierra Norte,Terrestre,Express,1014.37,3,3.86,3,3.73,Media,Domingo,Media,0
ORD-11966,2025-09-28,Cajamarca,Sierra Norte,Aéreo,Express,844.37,3,9.46,10,11.53,Media,Domingo,Baja,0
ORD-11967,2025-05-16,Cajamarca,Sierra Norte,Terrestre,Estándar,837.23,5,5.67,4,9.91,Baja,Viernes,Baja,0
ORD-11968,2025-06-21,Lima,Lima y Callao,Terrestre,Express,97.94,2,9.95,7,13.74,Baja,Sábado,Alta,0
ORD-11969,2025-11-03,Ucayali,Selva Centro-Sur,Aéreo,Estándar,897.06,5,7.11,5,4.32,Media,Lunes,Media,0
ORD-11970,2025-02-25,Callao,Lima y Callao,Terrestre,Estándar,28.1,3,4.52,5,4.76,Alta,Martes,Baja,0
ORD-11971,2025-10-30,Puno,Sierra Sur,Terrestre,Estándar,1396.96,6,5.22,5,4.59,Media,Jueves,Media,1
ORD-11972,2025-12-03,Cusco,Sierra Sur,Aéreo,Express,970.65,3,7.7,4,3.1,Baja,Miércoles,Alta,0
ORD-11973,2025-09-06,Lima,Lima y Callao,Terrestre,Estándar,20.78,3,4.41,3,3.55,Baja,Sábado,Media,0
ORD-11974,2025-05-05,Áncash,Costa Norte,Terrestre,Estándar,346.51,4,2.19,3,3.26,Baja,Lunes,Media,1
ORD-11975,2025-07-24,Lima,Lima y Callao,Terrestre,Express,73.51,2,3.84,3,2.77,Media,Jueves,Alta,0
ORD-11976,2025-01-19,Lima,Lima y Callao,Terrestre,Estándar,158.93,3,4.96,3,4.42,Media,Domingo,Baja,0
ORD-11977,2025-12-07,Lima,Lima y Callao,Terrestre,Express,90.32,2,5.25,2,1.33,Media,Domingo,Alta,0
ORD-11978,2025-05-05,Cusco,Sierra Sur,Terrestre,Express,1117.99,4,6.08,6,4.38,Alta,Lunes,Media,0
ORD-11979,2025-01-21,Moquegua,Costa Sur,Terrestre,Express,1123.49,4,4.59,5,7.82,Baja,Martes,Media,0
ORD-11980,2025-10-17,Tumbes,Costa Norte,Terrestre,Estándar,1299.13,7,5.49,2,5.84,Media,Viernes,Alta,0
ORD-11981,2025-08-29,Lambayeque,Costa Norte,Terrestre,Estándar,854.79,6,11.63,12,16.11,Media,Viernes,Media,0
ORD-11982,2025-08-16,Lima,Lima y Callao,Terrestre,Mismo Día,72.84,1,5.38,5,4.37,Media,Sábado,Media,0
ORD-11983,2025-01-20,Loreto,Selva Norte,Aéreo,Estándar,1781.31,8,4.79,6,4.7,Alta,Lunes,Baja,0
ORD-11984,2025-10-02,Cusco,Sierra Sur,Terrestre,Estándar,1089.72,7,3.16,3,3.59,Baja,Jueves,Baja,0
ORD-11985,2025-08-21,Piura,Costa Norte,Terrestre,Estándar,1004.54,7,7.32,5,10.64,Media,Jueves,Media,0
ORD-11986,2025-10-17,Cusco,Sierra Sur,Terrestre,Estándar,1013.9,6,5.7,4,5.68,Media,Viernes,Media,0
ORD-11987,2025-10-29,Lima,Lima y Callao,Terrestre,Estándar,100.38,4,4.53,5,3.68,Baja,Miércoles,Baja,0
ORD-11988,2025-03-19,Arequipa,Costa Sur,Terrestre,Estándar,1016.86,6,5.38,5,6.62,Alta,Miércoles,Baja,0
ORD-11989,2025-03-18,Huancavelica,Sierra Centro,Terrestre,Estándar,610.25,5,6.01,4,8.98,Media,Martes,Alta,0
ORD-11990,2025-12-04,Lima,Lima y Callao,Terrestre,Express,138.85,2,8.89,5,9.83,Baja,Jueves,Alta,0
ORD-11991,2025-07-13,Lima,Lima y Callao,Terrestre,Express,76.43,2,6.95,4,8.78,Media,Domingo,Media,0
ORD-11992,2025-06-09,Piura,Costa Norte,Terrestre,Express,1056.11,3,10.45,9,15.01,Media,Lunes,Media,1
ORD-11993,2025-04-15,Ucayali,Selva Centro-Sur,Aéreo,Estándar,996.61,7,5.27,3,2.35,Alta,Martes,Media,0
ORD-11994,2025-08-22,Arequipa,Costa Sur,Terrestre,Estándar,1028.15,6,3.91,3,2.91,Alta,Viernes,Media,0
ORD-11995,2025-10-03,Cusco,Sierra Sur,Terrestre,Express,965.0,3,3.26,3,7.71,Baja,Viernes,Baja,0
ORD-11996,2025-01-01,Junín,Sierra Centro,Terrestre,Express,314.97,2,7.51,7,7.31,Media,Miércoles,Media,0
ORD-11997,2025-07-21,Lambayeque,Costa Norte,Terrestre,Estándar,732.34,5,5.96,4,1.79,Alta,Lunes,Alta,0
ORD-11998,2025-12-29,Lima,Lima y Callao,Terrestre,Express,42.27,2,6.96,5,7.61,Baja,Lunes,Alta,0
ORD-11999,2025-04-13,Piura,Costa Norte,Aéreo,Estándar,1071.1,6,2.61,1,2.46,Media,Domingo,Media,0
ORD-12000,2025-04-13,Lima,Lima y Callao,Terrestre,Mismo Día,57.24,1,8.07,6,6.83,Alta,Domingo,Media,0
ORD-12001,2025-11-17,Áncash,Costa Norte,Terrestre,Express,444.14,2,9.98,7,10.55,Baja,Lunes,Alta,0
ORD-12002,2025-01-23,Lambayeque,Costa Norte,Terrestre,Estándar,797.35,5,3.31,2,1.77,Alta,Jueves,Baja,0
ORD-12003,2025-05-26,Lima,Lima y Callao,Terrestre,Express,99.06,2,5.53,4,3.74,Media,Lunes,Media,0
ORD-12004,2025-06-17,Lambayeque,Costa Norte,Terrestre,Estándar,753.04,5,6.36,5,2.69,Alta,Martes,Baja,0
ORD-12005,2025-10-19,Ayacucho,Sierra Sur,Terrestre,Estándar,626.51,3,8.02,6,4.61,Media,Domingo,Alta,0
ORD-12006,2025-02-17,La Libertad,Costa Norte,Terrestre,Estándar,626.79,4,4.29,1,2.47,Media,Lunes,Alta,0
ORD-12007,2025-06-08,La Libertad,Costa Norte,Terrestre,Estándar,620.17,3,3.84,3,1.34,Media,Domingo,Media,0
ORD-12008,2025-02-25,Callao,Lima y Callao,Terrestre,Estándar,25.97,4,7.67,7,6.99,Baja,Martes,Media,0
ORD-12009,2025-10-15,Lima,Lima y Callao,Terrestre,Express,109.86,2,7.69,6,5.77,Media,Miércoles,Alta,0
ORD-12010,2025-08-19,Ica,Costa Sur,Terrestre,Estándar,248.06,3,8.32,6,9.26,Alta,Martes,Alta,0
ORD-12011,2025-07-01,Lima,Lima y Callao,Terrestre,Express,94.79,2,4.93,3,1.86,Alta,Martes,Media,0
ORD-12012,2025-05-24,Lima,Lima y Callao,Terrestre,Express,79.93,2,4.28,4,3.33,Alta,Sábado,Media,0
ORD-12013,2025-02-25,Piura,Costa Norte,Terrestre,Express,931.06,3,4.18,5,4.86,Media,Martes,Media,0
ORD-12014,2025-12-03,Arequipa,Costa Sur,Terrestre,Estándar,1066.44,6,5.9,5,7.33,Media,Miércoles,Media,0
ORD-12015,2025-08-25,Arequipa,Costa Sur,Aéreo,Express,967.95,3,7.42,5,5.91,Media,Lunes,Media,0
ORD-12016,2025-04-27,Huánuco,Sierra Centro,Terrestre,Express,550.71,3,5.78,6,3.61,Media,Domingo,Media,0
ORD-12017,2025-06-01,La Libertad,Costa Norte,Terrestre,Estándar,668.25,5,6.54,5,5.36,Media,Domingo,Media,0
ORD-12018,2025-09-23,Huánuco,Sierra Centro,Terrestre,Estándar,447.29,3,6.58,7,5.89,Baja,Martes,Media,0
ORD-12019,2025-09-20,Lima,Lima y Callao,Terrestre,Express,67.65,2,5.28,4,5.87,Baja,Sábado,Baja,0
ORD-12020,2025-06-18,Cusco,Sierra Sur,Terrestre,Express,984.11,3,4.47,4,4.22,Media,Miércoles,Baja,1
ORD-12021,2025-04-21,Arequipa,Costa Sur,Terrestre,Estándar,1094.93,7,8.48,3,8.33,Media,Lunes,Alta,1
ORD-12022,2025-08-29,La Libertad,Costa Norte,Terrestre,Estándar,627.04,5,5.9,5,4.52,Media,Viernes,Baja,0
ORD-12023,2025-08-29,Lima,Lima y Callao,Terrestre,Express,25.22,2,6.08,3,2.78,Baja,Viernes,Alta,0
ORD-12024,2025-08-07,Piura,Costa Norte,Terrestre,Estándar,966.86,5,7.33,6,5.43,Alta,Jueves,Alta,0
ORD-12025,2025-01-27,Lima,Lima y Callao,Terrestre,Express,38.22,2,4.91,5,5.46,Alta,Lunes,Media,0
ORD-12026,2025-06-22,Lima,Lima y Callao,Terrestre,Express,92.99,2,9.91,7,12.16,Media,Domingo,Alta,0
ORD-12027,2025-08-13,Lima,Lima y Callao,Terrestre,Express,86.61,2,9.59,8,7.84,Alta,Miércoles,Alta,0
ORD-12028,2025-12-13,Lima,Lima y Callao,Terrestre,Express,37.64,2,6.16,5,5.23,Alta,Sábado,Media,0
ORD-12029,2025-07-11,Callao,Lima y Callao,Terrestre,Estándar,55.49,3,6.69,5,7.25,Baja,Viernes,Baja,1
ORD-12030,2025-05-06,Lima,Lima y Callao,Terrestre,Express,63.09,2,6.41,6,4.83,Baja,Martes,Media,0
ORD-12031,2025-07-22,Lima,Lima y Callao,Terrestre,Express,89.75,2,4.72,1,1.85,Baja,Martes,Alta,0
ORD-12032,2025-03-06,Ica,Costa Sur,Terrestre,Estándar,306.79,3,6.41,4,4.54,Baja,Jueves,Media,0
ORD-12033,2025-02-03,Lima,Lima y Callao,Terrestre,Express,154.12,2,6.49,6,5.09,Media,Lunes,Media,0
ORD-12034,2025-09-05,Lambayeque,Costa Norte,Terrestre,Estándar,782.47,5,1.15,2,1.43,Baja,Viernes,Baja,0
ORD-12035,2025-12-26,Lima,Lima y Callao,Terrestre,Express,141.68,2,7.03,5,3.78,Alta,Viernes,Media,0
ORD-12036,2025-11-05,Arequipa,Costa Sur,Terrestre,Estándar,996.51,6,4.83,1,1.53,Media,Miércoles,Alta,0
ORD-12037,2025-08-02,Lima,Lima y Callao,Terrestre,Express,129.68,2,5.79,5,5.94,Media,Sábado,Media,0
ORD-12038,2025-01-15,Piura,Costa Norte,Terrestre,Estándar,928.68,5,3.46,3,3.45,Alta,Miércoles,Media,0
ORD-12039,2025-12-27,Ayacucho,Sierra Sur,Terrestre,Estándar,647.02,6,5.71,3,2.27,Alta,Sábado,Media,0
ORD-12040,2025-06-14,Junín,Sierra Centro,Aéreo,Estándar,298.23,4,5.73,3,3.55,Media,Sábado,Media,0
ORD-12041,2025-04-16,Apurímac,Sierra Sur,Terrestre,Estándar,1018.52,7,3.82,5,2.9,Media,Miércoles,Baja,0
ORD-12042,2025-11-22,Áncash,Costa Norte,Terrestre,Estándar,509.14,4,11.4,10,6.86,Alta,Sábado,Alta,1
ORD-12043,2025-09-30,Ucayali,Selva Centro-Sur,Multimodal,Express,872.49,4,5.32,4,7.62,Media,Martes,Baja,1
ORD-12044,2025-10-01,Lima,Lima y Callao,Terrestre,Express,88.04,2,2.85,3,3.72,Alta,Miércoles,Media,0
ORD-12045,2025-04-12,Junín,Sierra Centro,Terrestre,Estándar,379.25,4,8.5,6,8.38,Baja,Sábado,Alta,0
ORD-12046,2025-12-29,Cusco,Sierra Sur,Aéreo,Estándar,1018.96,6,5.35,4,8.98,Media,Lunes,Media,0
ORD-12047,2025-06-15,Ucayali,Selva Centro-Sur,Aéreo,Estándar,926.19,5,6.84,6,6.99,Media,Domingo,Media,1
ORD-12048,2025-07-13,Cusco,Sierra Sur,Aéreo,Estándar,1103.65,5,10.65,5,8.85,Baja,Domingo,Alta,1
ORD-12049,2025-10-02,Lima,Lima y Callao,Terrestre,Express,88.15,2,4.17,5,7.08,Baja,Jueves,Baja,0
ORD-12050,2025-08-29,Huancavelica,Sierra Centro,Terrestre,Express,462.28,2,8.65,5,4.6,Baja,Viernes,Alta,0
ORD-12051,2025-03-04,Arequipa,Costa Sur,Terrestre,Estándar,1095.88,6,5.45,1,1.3,Baja,Martes,Alta,0
ORD-12052,2025-04-21,Lima,Lima y Callao,Terrestre,Estándar,43.47,3,7.21,7,6.07,Baja,Lunes,Media,0
ORD-12053,2025-05-12,Amazonas,Selva Norte,Terrestre,Estándar,1141.3,6,6.97,6,9.4,Media,Lunes,Baja,0
ORD-12054,2025-12-12,Lima,Lima y Callao,Terrestre,Mismo Día,41.41,1,9.18,7,12.56,Alta,Viernes,Media,0
ORD-12055,2025-09-18,Cusco,Sierra Sur,Terrestre,Estándar,986.7,6,3.41,4,2.81,Media,Jueves,Baja,0
ORD-12056,2025-05-14,Lima,Lima y Callao,Terrestre,Mismo Día,21.25,1,7.11,5,4.12,Media,Miércoles,Alta,0
ORD-12057,2025-09-26,Lima,Lima y Callao,Terrestre,Express,73.36,2,6.53,5,5.17,Baja,Viernes,Alta,0
ORD-12058,2025-09-27,Lima,Lima y Callao,Terrestre,Express,99.99,2,6.72,6,4.74,Alta,Sábado,Media,0
ORD-12059,2025-05-24,Áncash,Costa Norte,Aéreo,Estándar,418.3,4,5.8,6,6.19,Baja,Sábado,Baja,0
ORD-12060,2025-05-28,Lima,Lima y Callao,Terrestre,Express,103.97,2,5.89,4,5.93,Media,Miércoles,Alta,0
ORD-12061,2025-11-23,Ucayali,Selva Centro-Sur,Terrestre,Estándar,926.34,5,8.68,4,8.58,Media,Domingo,Alta,0
ORD-12062,2025-07-25,Cusco,Sierra Sur,Terrestre,Estándar,984.92,6,7.61,4,4.0,Alta,Viernes,Alta,1
ORD-12063,2025-02-24,Cusco,Sierra Sur,Terrestre,Estándar,954.31,4,5.95,4,4.06,Alta,Lunes,Media,0
ORD-12064,2025-09-20,Loreto,Selva Norte,Aéreo,Estándar,1427.08,7,3.11,2,2.76,Media,Sábado,Media,0
ORD-12065,2025-08-04,Cajamarca,Sierra Norte,Aéreo,Express,915.46,3,6.88,5,5.84,Media,Lunes,Media,0
ORD-12066,2025-07-05,Lima,Lima y Callao,Terrestre,Express,91.26,2,9.18,5,3.09,Media,Sábado,Alta,1
ORD-12067,2025-09-22,Lima,Lima y Callao,Terrestre,Mismo Día,61.22,1,7.12,7,5.57,Media,Lunes,Media,0
ORD-12068,2025-11-28,Áncash,Costa Norte,Terrestre,Estándar,467.18,5,5.46,2,2.06,Baja,Viernes,Alta,0
ORD-12069,2025-05-01,Lima,Lima y Callao,Terrestre,Mismo Día,36.2,1,8.22,6,10.25,Baja,Jueves,Media,0
ORD-12070,2025-06-03,Lima,Lima y Callao,Terrestre,Estándar,99.19,3,3.0,3,5.82,Alta,Martes,Media,0
ORD-12071,2025-03-11,Huánuco,Sierra Centro,Terrestre,Estándar,406.22,4,5.13,6,4.65,Alta,Martes,Media,0
ORD-12072,2025-08-25,Piura,Costa Norte,Terrestre,Estándar,988.08,6,8.08,7,6.01,Media,Lunes,Alta,0
ORD-12073,2025-05-27,Cajamarca,Sierra Norte,Terrestre,Estándar,875.66,6,9.76,7,12.23,Baja,Martes,Alta,1
ORD-12074,2025-05-05,Junín,Sierra Centro,Terrestre,Estándar,398.91,4,4.32,3,3.25,Baja,Lunes,Media,0
ORD-12075,2025-09-12,Piura,Costa Norte,Terrestre,Estándar,887.01,5,4.69,4,5.6,Media,Viernes,Baja,0
ORD-12076,2025-05-29,Callao,Lima y Callao,Terrestre,Express,41.9,2,4.39,3,3.21,Baja,Jueves,Alta,0
ORD-12077,2025-06-19,Madre de Dios,Selva Centro-Sur,Aéreo,Estándar,1123.34,6,7.89,7,8.55,Media,Jueves,Baja,0
ORD-12078,2025-06-10,Arequipa,Costa Sur,Terrestre,Express,1042.7,3,6.96,6,6.22,Baja,Martes,Media,0
ORD-12079,2025-04-05,Lambayeque,Costa Norte,Terrestre,Estándar,740.4,4,6.07,4,8.31,Baja,Sábado,Media,0
ORD-12080,2025-02-15,Arequipa,Costa Sur,Terrestre,Estándar,943.95,5,4.92,5,3.35,Baja,Sábado,Baja,0
ORD-12081,2025-10-29,Lima,Lima y Callao,Terrestre,Estándar,108.62,3,2.04,1,1.17,Media,Miércoles,Media,0
ORD-12082,2025-02-03,Loreto,Selva Norte,Multimodal,Express,1130.68,5,5.94,3,5.62,Media,Lunes,Alta,1
ORD-12083,2025-04-29,Piura,Costa Norte,Terrestre,Express,926.77,3,4.89,5,5.06,Media,Martes,Media,0
ORD-12084,2025-09-01,Ucayali,Selva Centro-Sur,Aéreo,Express,972.47,3,6.25,6,6.62,Media,Lunes,Alta,0
ORD-12085,2025-02-17,Lima,Lima y Callao,Terrestre,Estándar,121.86,3,6.86,4,7.03,Media,Lunes,Alta,1
ORD-12086,2025-08-28,Lima,Lima y Callao,Terrestre,Express,129.1,2,6.45,2,3.24,Media,Jueves,Alta,0
ORD-12087,2025-09-25,Lima,Lima y Callao,Terrestre,Estándar,69.76,3,5.25,4,7.12,Media,Jueves,Media,0
ORD-12088,2025-08-30,Puno,Sierra Sur,Terrestre,Estándar,1366.88,8,1.61,1,2.73,Baja,Sábado,Media,0
ORD-12089,2025-04-22,Lima,Lima y Callao,Terrestre,Mismo Día,116.55,1,6.74,6,4.49,Media,Martes,Media,1
ORD-12090,2025-01-08,Piura,Costa Norte,Terrestre,Estándar,909.97,6,7.54,6,5.89,Media,Miércoles,Alta,0
ORD-12091,2025-11-20,Callao,Lima y Callao,Terrestre,Express,50.01,2,6.43,3,2.56,Alta,Jueves,Alta,0
ORD-12092,2025-04-30,Lima,Lima y Callao,Terrestre,Express,40.41,2,3.21,2,2.87,Alta,Miércoles,Baja,0
ORD-12093,2025-10-21,Lima,Lima y Callao,Terrestre,Express,140.75,2,6.48,6,10.96,Media,Martes,Baja,0
ORD-12094,2025-03-14,Callao,Lima y Callao,Terrestre,Estándar,45.6,4,4.92,4,2.27,Alta,Viernes,Media,0
ORD-12095,2025-03-01,Callao,Lima y Callao,Terrestre,Estándar,39.34,4,4.99,6,3.09,Baja,Sábado,Baja,0
ORD-12096,2025-10-12,Tumbes,Costa Norte,Terrestre,Express,1263.33,4,1.35,3,2.0,Media,Domingo,Baja,0
ORD-12097,2025-12-10,La Libertad,Costa Norte,Terrestre,Express,575.2,3,4.99,4,3.2,Baja,Miércoles,Media,0
ORD-12098,2025-11-11,Callao,Lima y Callao,Terrestre,Express,33.59,2,7.32,5,5.94,Baja,Martes,Alta,1
ORD-12099,2025-10-02,Ica,Costa Sur,Terrestre,Estándar,316.35,3,3.77,3,6.73,Media,Jueves,Media,0
ORD-12100,2025-04-01,La Libertad,Costa Norte,Terrestre,Express,616.8,3,3.12,4,3.02,Media,Martes,Baja,0
ORD-12101,2025-11-30,Lima,Lima y Callao,Terrestre,Estándar,88.56,3,12.55,6,20.01,Media,Domingo,Alta,0
ORD-12102,2025-09-01,Puno,Sierra Sur,Terrestre,Estándar,1300.23,7,9.07,8,11.33,Alta,Lunes,Media,0
ORD-12103,2025-03-04,Ucayali,Selva Centro-Sur,Terrestre,Estándar,930.49,5,3.95,4,6.26,Media,Martes,Media,0
ORD-12104,2025-02-17,Lima,Lima y Callao,Terrestre,Estándar,76.01,4,8.85,7,11.2,Alta,Lunes,Alta,0
ORD-12105,2025-11-14,Lima,Lima y Callao,Terrestre,Estándar,53.48,4,5.93,3,2.0,Alta,Viernes,Alta,0
ORD-12106,2025-04-11,Ica,Costa Sur,Terrestre,Estándar,351.11,4,3.91,4,3.32,Alta,Viernes,Baja,0
ORD-12107,2025-10-07,Piura,Costa Norte,Terrestre,Estándar,966.29,6,2.84,3,2.4,Baja,Martes,Baja,0
ORD-12108,2025-02-20,Callao,Lima y Callao,Terrestre,Express,40.76,2,7.14,5,7.93,Media,Jueves,Media,0
ORD-12109,2025-04-13,Arequipa,Costa Sur,Terrestre,Estándar,1124.01,6,5.67,3,2.36,Media,Domingo,Alta,0
ORD-12110,2025-04-14,Tumbes,Costa Norte,Terrestre,Express,1248.07,4,8.65,10,10.56,Alta,Lunes,Baja,0
ORD-12111,2025-04-13,Piura,Costa Norte,Terrestre,Estándar,1054.55,6,5.62,4,3.44,Baja,Domingo,Alta,0
ORD-12112,2025-09-04,Huánuco,Sierra Centro,Terrestre,Express,494.84,2,5.94,4,8.7,Media,Jueves,Media,0
ORD-12113,2025-11-30,Lima,Lima y Callao,Terrestre,Express,99.27,2,4.32,3,2.71,Media,Domingo,Alta,0
ORD-12114,2025-11-29,Lambayeque,Costa Norte,Terrestre,Estándar,756.48,5,4.78,1,1.05,Baja,Sábado,Alta,0
ORD-12115,2025-09-28,Ica,Costa Sur,Terrestre,Estándar,243.59,3,7.11,7,10.07,Alta,Domingo,Media,0
ORD-12116,2025-03-15,Huancavelica,Sierra Centro,Terrestre,Express,507.24,2,10.09,7,8.15,Baja,Sábado,Alta,1
ORD-12117,2025-12-17,Ayacucho,Sierra Sur,Terrestre,Express,516.34,2,8.79,6,12.79,Media,Miércoles,Alta,1
ORD-12118,2025-07-17,Lima,Lima y Callao,Terrestre,Estándar,35.22,3,8.85,7,8.87,Media,Jueves,Media,0
ORD-12119,2025-07-19,Lambayeque,Costa Norte,Terrestre,Estándar,792.8,5,3.41,3,4.21,Media,Sábado,Media,0
ORD-12120,2025-09-14,Lima,Lima y Callao,Terrestre,Express,110.04,2,5.11,4,6.82,Baja,Domingo,Media,0
ORD-12121,2025-10-08,Callao,Lima y Callao,Terrestre,Estándar,24.92,4,4.82,3,4.34,Media,Miércoles,Media,0
ORD-12122,2025-12-14,San Martín,Selva Norte,Terrestre,Estándar,1142.44,6,9.92,7,11.36,Media,Domingo,Media,1
ORD-12123,2025-08-01,Lima,Lima y Callao,Terrestre,Express,150.12,2,5.38,3,5.0,Alta,Viernes,Media,0
ORD-12124,2025-08-11,Puno,Sierra Sur,Terrestre,Estándar,1414.92,6,7.19,6,5.96,Media,Lunes,Media,1
ORD-12125,2025-09-30,Arequipa,Costa Sur,Terrestre,Estándar,1061.66,5,5.99,6,4.31,Alta,Martes,Baja,0
ORD-12126,2025-04-04,Lima,Lima y Callao,Terrestre,Estándar,107.09,2,4.2,2,2.46,Baja,Viernes,Media,0
ORD-12127,2025-04-23,Piura,Costa Norte,Terrestre,Estándar,926.81,5,5.43,4,2.25,Media,Miércoles,Alta,0
ORD-12128,2025-08-17,Ica,Costa Sur,Terrestre,Express,282.29,2,6.69,5,4.47,Media,Domingo,Alta,0
ORD-12129,2025-01-24,Callao,Lima y Callao,Terrestre,Express,67.13,2,7.6,5,4.51,Media,Viernes,Alta,0
ORD-12130,2025-04-27,Cusco,Sierra Sur,Terrestre,Estándar,1094.85,6,5.85,3,6.19,Media,Domingo,Media,0
ORD-12131,2025-09-20,Cusco,Sierra Sur,Aéreo,Estándar,1127.57,7,8.77,7,7.51,Baja,Sábado,Alta,1
ORD-12132,2025-12-23,Lambayeque,Costa Norte,Terrestre,Express,855.75,3,5.62,2,5.14,Baja,Martes,Alta,0
ORD-12133,2025-07-09,Ica,Costa Sur,Terrestre,Estándar,269.88,3,7.33,6,8.34,Alta,Miércoles,Media,0
ORD-12134,2025-05-26,Cusco,Sierra Sur,Terrestre,Estándar,1028.65,6,3.66,5,2.86,Alta,Lunes,Baja,0
ORD-12135,2025-06-10,Lima,Lima y Callao,Terrestre,Express,100.57,2,7.3,5,9.67,Baja,Martes,Media,0
ORD-12136,2025-09-08,Apurímac,Sierra Sur,Terrestre,Estándar,735.4,5,8.11,4,7.48,Media,Lunes,Alta,1
ORD-12137,2025-07-18,Ica,Costa Sur,Terrestre,Express,300.21,2,4.88,1,0.87,Media,Viernes,Alta,0
ORD-12138,2025-01-09,Lima,Lima y Callao,Terrestre,Estándar,121.71,3,2.69,2,3.2,Media,Jueves,Baja,0
ORD-12139,2025-07-16,Cajamarca,Sierra Norte,Terrestre,Estándar,907.4,5,11.95,6,13.17,Media,Miércoles,Alta,1
ORD-12140,2025-05-27,Callao,Lima y Callao,Terrestre,Mismo Día,31.42,1,4.53,4,2.19,Alta,Martes,Media,0
ORD-12141,2025-09-13,Callao,Lima y Callao,Terrestre,Express,50.0,2,4.49,2,1.93,Media,Sábado,Media,0
ORD-12142,2025-11-16,Amazonas,Selva Norte,Terrestre,Express,1011.45,3,5.4,4,6.95,Media,Domingo,Media,1
ORD-12143,2025-12-18,Lambayeque,Costa Norte,Terrestre,Estándar,835.53,6,7.43,4,5.14,Media,Jueves,Alta,0
ORD-12144,2025-08-11,Áncash,Costa Norte,Terrestre,Estándar,351.47,4,5.33,4,8.98,Media,Lunes,Media,0
ORD-12145,2025-05-13,Cusco,Sierra Sur,Terrestre,Express,1151.52,4,7.86,7,12.04,Baja,Martes,Media,1
ORD-12146,2025-06-12,Ucayali,Selva Centro-Sur,Aéreo,Express,884.12,3,7.0,6,10.47,Alta,Jueves,Media,0
ORD-12147,2025-03-06,Puno,Sierra Sur,Terrestre,Estándar,1348.52,7,7.15,6,11.74,Baja,Jueves,Baja,1
ORD-12148,2025-12-08,Callao,Lima y Callao,Terrestre,Mismo Día,39.64,1,7.22,5,4.22,Alta,Lunes,Alta,0
ORD-12149,2025-11-06,Ica,Costa Sur,Terrestre,Express,266.4,2,5.28,4,4.27,Alta,Jueves,Alta,0
ORD-12150,2025-11-08,Lambayeque,Costa Norte,Terrestre,Estándar,779.05,6,9.57,5,13.9,Media,Sábado,Alta,1
ORD-12151,2025-04-30,Piura,Costa Norte,Terrestre,Express,1026.19,3,3.59,4,4.19,Media,Miércoles,Baja,0
ORD-12152,2025-04-28,Loreto,Selva Norte,Multimodal,Estándar,1528.18,8,1.34,2,3.63,Baja,Lunes,Baja,0
ORD-12153,2025-11-09,Arequipa,Costa Sur,Terrestre,Express,965.42,3,6.64,3,3.39,Media,Domingo,Alta,1
ORD-12154,2025-07-18,Arequipa,Costa Sur,Terrestre,Estándar,1041.2,7,12.08,10,8.38,Media,Viernes,Alta,1
ORD-12155,2025-09-15,La Libertad,Costa Norte,Terrestre,Estándar,662.37,6,3.81,2,1.76,Baja,Lunes,Media,0
ORD-12156,2025-06-28,Piura,Costa Norte,Terrestre,Express,1019.17,3,8.22,4,5.84,Baja,Sábado,Alta,1
ORD-12157,2025-06-11,Piura,Costa Norte,Aéreo,Estándar,955.71,5,4.16,4,8.31,Alta,Miércoles,Baja,0
ORD-12158,2025-08-19,Arequipa,Costa Sur,Terrestre,Estándar,935.53,5,4.54,4,6.05,Media,Martes,Media,0
ORD-12159,2025-10-24,Lima,Lima y Callao,Terrestre,Estándar,145.03,3,4.43,4,5.58,Media,Viernes,Baja,0
ORD-12160,2025-05-02,Cajamarca,Sierra Norte,Terrestre,Express,872.33,3,3.11,2,1.45,Baja,Viernes,Media,1
ORD-12161,2025-10-23,Lima,Lima y Callao,Terrestre,Estándar,73.14,4,3.48,3,3.44,Media,Jueves,Baja,0
ORD-12162,2025-03-31,Puno,Sierra Sur,Terrestre,Express,1419.28,4,5.58,2,2.74,Media,Lunes,Alta,0
ORD-12163,2025-05-28,Lambayeque,Costa Norte,Terrestre,Express,759.93,3,7.44,6,4.69,Media,Miércoles,Alta,1
ORD-12164,2025-11-30,Arequipa,Costa Sur,Terrestre,Express,1072.6,3,7.35,3,4.28,Media,Domingo,Alta,1
ORD-12165,2025-12-15,Lima,Lima y Callao,Terrestre,Estándar,36.28,3,5.52,6,5.17,Baja,Lunes,Baja,0
ORD-12166,2025-12-04,La Libertad,Costa Norte,Terrestre,Express,642.44,3,10.62,9,8.86,Media,Jueves,Alta,1
ORD-12167,2025-04-26,Loreto,Selva Norte,Aéreo,Express,1687.31,5,4.06,2,3.32,Baja,Sábado,Alta,0
ORD-12168,2025-11-04,Ica,Costa Sur,Terrestre,Estándar,372.07,4,3.08,2,4.67,Alta,Martes,Alta,0
ORD-12169,2025-12-08,Piura,Costa Norte,Terrestre,Estándar,1047.44,7,4.47,2,4.58,Baja,Lunes,Alta,0
ORD-12170,2025-12-24,Cusco,Sierra Sur,Terrestre,Estándar,1154.18,6,7.27,5,5.25,Baja,Miércoles,Media,0
ORD-12171,2025-01-08,Cajamarca,Sierra Norte,Terrestre,Estándar,852.67,5,7.35,6,8.88,Media,Miércoles,Baja,0
ORD-12172,2025-09-29,Huánuco,Sierra Centro,Terrestre,Express,565.23,3,5.37,5,7.75,Baja,Lunes,Media,0
ORD-12173,2025-12-30,Áncash,Costa Norte,Terrestre,Estándar,498.88,5,6.11,4,6.44,Media,Martes,Baja,0
ORD-12174,2025-10-07,Cusco,Sierra Sur,Terrestre,Estándar,1068.11,7,3.61,3,3.67,Media,Martes,Alta,0
ORD-12175,2025-03-27,Lima,Lima y Callao,Terrestre,Express,76.91,2,6.2,5,10.32,Alta,Jueves,Media,0
ORD-12176,2025-10-06,Ayacucho,Sierra Sur,Terrestre,Estándar,553.56,4,5.1,3,2.95,Baja,Lunes,Alta,0
ORD-12177,2025-02-08,Arequipa,Costa Sur,Terrestre,Estándar,1028.18,7,4.82,3,2.03,Media,Sábado,Media,0
ORD-12178,2025-06-25,Ayacucho,Sierra Sur,Terrestre,Express,645.81,3,6.0,4,5.61,Media,Miércoles,Baja,0
ORD-12179,2025-08-17,Arequipa,Costa Sur,Terrestre,Estándar,1002.98,6,4.38,2,2.33,Baja,Domingo,Alta,0
ORD-12180,2025-06-16,Piura,Costa Norte,Terrestre,Estándar,953.24,4,5.67,4,10.86,Media,Lunes,Baja,0
ORD-12181,2025-09-13,San Martín,Selva Norte,Terrestre,Estándar,1101.01,6,7.38,6,5.5,Alta,Sábado,Media,0
ORD-12182,2025-03-29,Apurímac,Sierra Sur,Terrestre,Estándar,737.81,4,8.71,5,9.18,Media,Sábado,Media,0
ORD-12183,2025-08-10,Lima,Lima y Callao,Terrestre,Estándar,152.64,4,4.52,2,2.71,Alta,Domingo,Media,0
ORD-12184,2025-08-24,Lima,Lima y Callao,Terrestre,Estándar,66.06,2,4.38,5,3.38,Media,Domingo,Media,0
ORD-12185,2025-08-20,Ucayali,Selva Centro-Sur,Aéreo,Estándar,797.3,5,8.13,6,9.21,Media,Miércoles,Media,1
ORD-12186,2025-04-16,Junín,Sierra Centro,Terrestre,Estándar,262.0,4,4.22,5,4.45,Alta,Miércoles,Baja,0
ORD-12187,2025-04-22,Huancavelica,Sierra Centro,Terrestre,Express,577.97,3,7.12,2,7.16,Baja,Martes,Alta,1
ORD-12188,2025-04-05,Lambayeque,Costa Norte,Terrestre,Estándar,829.3,5,7.47,5,4.11,Media,Sábado,Alta,0
ORD-12189,2025-06-18,Piura,Costa Norte,Terrestre,Express,900.02,3,3.9,4,3.14,Media,Miércoles,Media,1
ORD-12190,2025-08-02,Lima,Lima y Callao,Terrestre,Mismo Día,49.25,1,6.79,6,2.79,Alta,Sábado,Media,0
ORD-12191,2025-05-13,Lambayeque,Costa Norte,Terrestre,Estándar,778.14,5,9.85,8,7.11,Alta,Martes,Alta,0
ORD-12192,2025-05-30,Cusco,Sierra Sur,Terrestre,Estándar,997.75,6,5.96,5,8.0,Baja,Viernes,Baja,0
ORD-12193,2025-04-15,Lima,Lima y Callao,Terrestre,Estándar,111.5,4,5.5,6,4.97,Media,Martes,Baja,0
ORD-12194,2025-03-21,Piura,Costa Norte,Terrestre,Estándar,889.03,5,5.92,5,7.35,Baja,Viernes,Media,0
ORD-12195,2025-08-28,La Libertad,Costa Norte,Aéreo,Express,617.79,3,7.55,6,7.68,Media,Jueves,Media,0
ORD-12196,2025-10-25,Lima,Lima y Callao,Terrestre,Estándar,75.17,3,8.11,4,3.61,Media,Sábado,Alta,1
ORD-12197,2025-04-17,La Libertad,Costa Norte,Terrestre,Estándar,608.59,4,6.75,4,4.6,Baja,Jueves,Media,1
ORD-12198,2025-11-11,Lambayeque,Costa Norte,Terrestre,Express,776.03,3,7.39,5,3.93,Alta,Martes,Alta,1
ORD-12199,2025-07-28,Lima,Lima y Callao,Terrestre,Express,49.38,2,5.93,4,7.07,Media,Lunes,Alta,0
ORD-12200,2025-03-03,Lima,Lima y Callao,Terrestre,Mismo Día,58.23,1,4.87,5,3.05,Media,Lunes,Media,0
ORD-12201,2025-05-14,Tumbes,Costa Norte,Aéreo,Estándar,1191.25,6,9.89,7,11.08,Alta,Miércoles,Alta,1
ORD-12202,2025-01-03,La Libertad,Costa Norte,Terrestre,Express,564.01,3,5.16,4,3.75,Media,Viernes,Media,0
ORD-12203,2025-01-15,Ica,Costa Sur,Terrestre,Estándar,361.88,4,6.81,6,7.34,Media,Miércoles,Baja,0
ORD-12204,2025-05-03,Junín,Sierra Centro,Terrestre,Express,335.7,2,7.81,6,8.38,Baja,Sábado,Media,1
ORD-12205,2025-06-15,Ayacucho,Sierra Sur,Terrestre,Estándar,589.77,4,6.67,6,7.32,Baja,Domingo,Baja,1
ORD-12206,2025-10-19,Huánuco,Sierra Centro,Terrestre,Express,407.76,2,2.44,1,2.93,Baja,Domingo,Media,0
ORD-12207,2025-02-19,Arequipa,Costa Sur,Terrestre,Estándar,1055.79,6,6.7,5,4.98,Media,Miércoles,Alta,0
ORD-12208,2025-11-03,La Libertad,Costa Norte,Terrestre,Estándar,678.05,6,8.66,8,5.17,Media,Lunes,Alta,0
ORD-12209,2025-03-27,Cajamarca,Sierra Norte,Terrestre,Estándar,945.24,5,4.64,2,6.49,Media,Jueves,Media,0
ORD-12210,2025-02-20,Junín,Sierra Centro,Terrestre,Estándar,381.5,4,7.93,6,8.41,Media,Jueves,Media,0
ORD-12211,2025-09-13,Loreto,Selva Norte,Multimodal,Estándar,1536.7,8,10.09,7,8.62,Baja,Sábado,Alta,1
ORD-12212,2025-10-10,Cusco,Sierra Sur,Terrestre,Express,1044.21,3,3.62,2,6.42,Media,Viernes,Alta,0
ORD-12213,2025-08-09,Lima,Lima y Callao,Terrestre,Estándar,130.04,3,7.25,7,4.55,Alta,Sábado,Media,0
ORD-12214,2025-02-12,Puno,Sierra Sur,Terrestre,Express,1430.35,4,3.42,3,3.59,Baja,Miércoles,Media,1
ORD-12215,2025-02-12,Lima,Lima y Callao,Terrestre,Estándar,9.71,3,2.86,2,1.67,Media,Miércoles,Baja,0
ORD-12216,2025-05-23,Callao,Lima y Callao,Terrestre,Express,39.12,2,8.09,7,7.8,Baja,Viernes,Alta,0
ORD-12217,2025-06-14,Ica,Costa Sur,Terrestre,Express,273.34,2,5.36,4,2.99,Media,Sábado,Media,0
ORD-12218,2025-12-31,Lima,Lima y Callao,Terrestre,Express,38.3,2,7.6,5,6.47,Media,Miércoles,Alta,0
ORD-12219,2025-04-15,Lima,Lima y Callao,Terrestre,Express,127.73,2,6.27,7,8.11,Baja,Martes,Baja,0
ORD-12220,2025-03-12,Cajamarca,Sierra Norte,Terrestre,Estándar,767.33,5,5.54,2,2.71,Media,Miércoles,Alta,0
ORD-12221,2025-12-12,Lambayeque,Costa Norte,Terrestre,Estándar,808.79,5,6.06,6,2.9,Alta,Viernes,Media,0
ORD-12222,2025-02-26,Lima,Lima y Callao,Terrestre,Express,165.52,2,5.45,3,4.98,Baja,Miércoles,Media,0
ORD-12223,2025-01-10,Cusco,Sierra Sur,Terrestre,Estándar,1058.16,6,4.95,3,3.66,Media,Viernes,Media,0
ORD-12224,2025-06-04,Lima,Lima y Callao,Terrestre,Mismo Día,74.1,1,7.45,4,14.67,Media,Miércoles,Media,0
ORD-12225,2025-05-27,Arequipa,Costa Sur,Terrestre,Express,1030.47,3,6.13,7,6.91,Baja,Martes,Baja,0
ORD-12226,2025-08-15,Ica,Costa Sur,Terrestre,Estándar,326.15,4,8.34,7,6.22,Media,Viernes,Media,0
ORD-12227,2025-11-17,Loreto,Selva Norte,Multimodal,Express,1254.13,5,10.04,8,9.78,Media,Lunes,Media,0
ORD-12228,2025-12-07,Cusco,Sierra Sur,Terrestre,Estándar,1013.57,7,8.96,7,4.82,Baja,Domingo,Media,0
ORD-12229,2025-04-16,Lima,Lima y Callao,Terrestre,Estándar,96.47,3,8.03,6,12.41,Alta,Miércoles,Alta,1
ORD-12230,2025-12-24,La Libertad,Costa Norte,Terrestre,Express,682.65,3,6.09,5,4.54,Media,Miércoles,Media,0
ORD-12231,2025-08-19,Ica,Costa Sur,Terrestre,Estándar,276.65,3,5.77,4,3.29,Media,Martes,Alta,0
ORD-12232,2025-01-26,Puno,Sierra Sur,Terrestre,Express,1339.23,4,8.06,6,10.19,Baja,Domingo,Media,0
ORD-12233,2025-12-09,Ica,Costa Sur,Terrestre,Estándar,370.05,4,6.9,7,9.17,Baja,Martes,Baja,0
ORD-12234,2025-02-20,Callao,Lima y Callao,Terrestre,Express,25.4,2,6.85,5,6.62,Media,Jueves,Alta,0
ORD-12235,2025-08-03,Puno,Sierra Sur,Terrestre,Estándar,1262.93,5,5.54,5,3.79,Media,Domingo,Media,0
ORD-12236,2025-10-16,Lima,Lima y Callao,Terrestre,Express,94.64,2,6.21,6,10.95,Baja,Jueves,Media,0
ORD-12237,2025-04-02,Lima,Lima y Callao,Terrestre,Estándar,22.67,3,3.65,3,2.36,Media,Miércoles,Alta,0
ORD-12238,2025-04-09,Apurímac,Sierra Sur,Terrestre,Express,796.35,3,6.55,5,2.91,Media,Miércoles,Alta,0
ORD-12239,2025-06-23,Ayacucho,Sierra Sur,Aéreo,Estándar,632.97,4,7.66,4,5.75,Media,Lunes,Media,0
ORD-12240,2025-11-19,Lima,Lima y Callao,Terrestre,Express,102.23,2,8.07,5,5.72,Media,Miércoles,Alta,0
ORD-12241,2025-03-23,Callao,Lima y Callao,Terrestre,Estándar,40.03,3,3.95,3,3.47,Media,Domingo,Media,0
ORD-12242,2025-08-31,Callao,Lima y Callao,Terrestre,Express,35.11,2,5.99,4,6.7,Media,Domingo,Media,0
ORD-12243,2025-06-15,Lima,Lima y Callao,Terrestre,Express,93.24,2,3.88,3,3.55,Media,Domingo,Baja,0
ORD-12244,2025-02-10,Huancavelica,Sierra Centro,Terrestre,Estándar,536.3,4,3.78,3,1.86,Media,Lunes,Media,0
ORD-12245,2025-09-17,Arequipa,Costa Sur,Terrestre,Estándar,1065.6,6,3.37,1,1.32,Alta,Miércoles,Alta,0
ORD-12246,2025-10-31,Áncash,Costa Norte,Terrestre,Estándar,463.32,3,3.16,3,4.38,Alta,Viernes,Media,0
ORD-12247,2025-07-30,La Libertad,Costa Norte,Terrestre,Estándar,631.81,4,6.69,4,5.21,Media,Miércoles,Media,0
ORD-12248,2025-03-06,Lima,Lima y Callao,Terrestre,Express,136.66,2,6.91,5,5.66,Media,Jueves,Alta,0
ORD-12249,2025-02-26,Piura,Costa Norte,Terrestre,Estándar,1023.37,6,7.82,4,14.17,Alta,Miércoles,Media,0
ORD-12250,2025-06-04,Arequipa,Costa Sur,Aéreo,Express,959.14,3,7.6,5,12.51,Alta,Miércoles,Baja,0
ORD-12251,2025-07-04,Callao,Lima y Callao,Terrestre,Estándar,68.11,3,7.29,5,3.95,Baja,Viernes,Alta,0
ORD-12252,2025-07-21,Lima,Lima y Callao,Terrestre,Express,136.15,2,4.79,5,3.27,Baja,Lunes,Media,0
ORD-12253,2025-03-30,Junín,Sierra Centro,Terrestre,Estándar,341.78,5,7.28,4,8.77,Media,Domingo,Alta,0
ORD-12254,2025-07-02,Lambayeque,Costa Norte,Terrestre,Estándar,716.57,5,7.78,4,7.9,Alta,Miércoles,Alta,1
ORD-12255,2025-04-18,Puno,Sierra Sur,Terrestre,Estándar,1382.26,7,11.16,8,18.32,Alta,Viernes,Media,1
ORD-12256,2025-09-08,Lima,Lima y Callao,Terrestre,Estándar,80.12,3,8.54,9,8.77,Alta,Lunes,Media,0
ORD-12257,2025-10-18,La Libertad,Costa Norte,Terrestre,Express,643.78,3,8.39,7,7.55,Baja,Sábado,Alta,1
ORD-12258,2025-08-27,Ucayali,Selva Centro-Sur,Aéreo,Express,889.96,3,6.38,5,3.16,Alta,Miércoles,Alta,1
ORD-12259,2025-01-01,Arequipa,Costa Sur,Terrestre,Express,944.81,3,6.4,5,6.2,Baja,Miércoles,Media,0
ORD-12260,2025-12-29,San Martín,Selva Norte,Terrestre,Express,1028.23,3,6.85,3,2.67,Media,Lunes,Alta,1
ORD-12261,2025-01-09,Lima,Lima y Callao,Terrestre,Express,134.32,2,9.99,8,6.94,Media,Jueves,Media,0
ORD-12262,2025-12-31,Lima,Lima y Callao,Terrestre,Estándar,27.02,4,8.4,3,5.5,Media,Miércoles,Alta,0
ORD-12263,2025-01-12,Puno,Sierra Sur,Terrestre,Estándar,1413.22,7,3.29,3,3.59,Media,Domingo,Baja,0
ORD-12264,2025-07-08,Lima,Lima y Callao,Terrestre,Express,66.28,2,5.76,5,8.43,Baja,Martes,Baja,0
ORD-12265,2025-02-08,La Libertad,Costa Norte,Terrestre,Estándar,607.31,5,6.33,6,6.98,Baja,Sábado,Media,0
ORD-12266,2025-02-04,Cusco,Sierra Sur,Terrestre,Estándar,1067.46,6,5.38,5,7.88,Alta,Martes,Media,0
ORD-12267,2025-09-07,Lima,Lima y Callao,Terrestre,Mismo Día,61.72,1,3.28,2,1.31,Baja,Domingo,Media,0
ORD-12268,2025-09-23,Lima,Lima y Callao,Terrestre,Express,101.37,2,3.08,4,3.35,Media,Martes,Baja,0
ORD-12269,2025-02-13,Callao,Lima y Callao,Terrestre,Estándar,48.37,2,5.48,5,7.58,Baja,Jueves,Media,0
ORD-12270,2025-12-23,Lima,Lima y Callao,Terrestre,Express,38.08,2,6.17,4,9.94,Media,Martes,Media,1
ORD-12271,2025-04-27,Lima,Lima y Callao,Terrestre,Express,74.35,2,12.18,9,13.15,Baja,Domingo,Alta,1
ORD-12272,2025-04-27,La Libertad,Costa Norte,Terrestre,Estándar,642.99,6,11.65,10,11.94,Media,Domingo,Alta,0
ORD-12273,2025-04-19,Amazonas,Selva Norte,Terrestre,Estándar,1169.19,6,9.62,8,18.51,Media,Sábado,Media,1
ORD-12274,2025-06-18,Lambayeque,Costa Norte,Terrestre,Estándar,787.49,5,4.94,4,4.47,Baja,Miércoles,Baja,0
ORD-12275,2025-03-06,Amazonas,Selva Norte,Terrestre,Estándar,1188.41,7,8.71,6,4.88,Alta,Jueves,Alta,0
ORD-12276,2025-06-05,Arequipa,Costa Sur,Terrestre,Express,953.16,3,10.44,9,10.65,Baja,Jueves,Alta,0
ORD-12277,2025-03-18,La Libertad,Costa Norte,Terrestre,Estándar,564.56,5,5.62,5,7.04,Media,Martes,Media,0
ORD-12278,2025-01-19,Arequipa,Costa Sur,Terrestre,Estándar,1038.57,6,4.6,3,2.29,Baja,Domingo,Alta,1
ORD-12279,2025-05-15,Cusco,Sierra Sur,Terrestre,Express,1102.39,4,3.81,2,3.03,Alta,Jueves,Media,0
ORD-12280,2025-09-03,Lima,Lima y Callao,Terrestre,Mismo Día,122.6,1,4.61,3,1.64,Baja,Miércoles,Media,0
ORD-12281,2025-10-06,Huánuco,Sierra Centro,Terrestre,Express,418.94,2,6.0,6,6.57,Media,Lunes,Baja,0
ORD-12282,2025-05-09,Ucayali,Selva Centro-Sur,Terrestre,Estándar,888.24,5,3.24,3,3.92,Media,Viernes,Media,0
ORD-12283,2025-04-29,Puno,Sierra Sur,Terrestre,Estándar,1394.76,7,10.94,8,9.76,Media,Martes,Alta,1
ORD-12284,2025-10-15,Lima,Lima y Callao,Terrestre,Estándar,58.64,4,4.56,2,1.66,Alta,Miércoles,Alta,0
ORD-12285,2025-09-06,Tacna,Costa Sur,Terrestre,Estándar,1317.67,6,6.84,6,7.61,Baja,Sábado,Media,0
ORD-12286,2025-10-31,Piura,Costa Norte,Terrestre,Estándar,985.52,6,11.42,8,14.0,Media,Viernes,Alta,0
ORD-12287,2025-11-27,Ica,Costa Sur,Terrestre,Express,268.02,2,8.73,5,10.82,Alta,Jueves,Media,0
ORD-12288,2025-10-27,Lima,Lima y Callao,Terrestre,Estándar,74.5,3,3.24,3,6.94,Alta,Lunes,Baja,0
ORD-12289,2025-12-08,Ayacucho,Sierra Sur,Terrestre,Estándar,575.36,4,4.78,4,5.23,Media,Lunes,Media,0
ORD-12290,2025-06-02,Lima,Lima y Callao,Terrestre,Estándar,138.48,4,11.63,7,24.62,Media,Lunes,Media,0
ORD-12291,2025-05-25,Lima,Lima y Callao,Terrestre,Express,60.19,2,7.02,8,6.71,Media,Domingo,Baja,0
ORD-12292,2025-04-28,Áncash,Costa Norte,Terrestre,Express,356.32,2,8.58,6,5.34,Media,Lunes,Alta,0
ORD-12293,2025-03-27,Cusco,Sierra Sur,Terrestre,Express,942.53,3,6.22,4,4.66,Alta,Jueves,Media,0
ORD-12294,2025-10-01,Tacna,Costa Sur,Terrestre,Estándar,1234.35,6,6.35,5,9.06,Alta,Miércoles,Media,0
ORD-12295,2025-09-18,Ica,Costa Sur,Terrestre,Express,265.39,2,8.19,5,8.15,Media,Jueves,Alta,0
ORD-12296,2025-10-20,Callao,Lima y Callao,Terrestre,Estándar,44.25,3,2.64,2,1.21,Media,Lunes,Baja,0
ORD-12297,2025-03-03,Callao,Lima y Callao,Terrestre,Express,11.46,2,6.09,5,4.24,Media,Lunes,Media,0
ORD-12298,2025-06-29,Lambayeque,Costa Norte,Terrestre,Estándar,762.47,5,5.62,4,6.78,Baja,Domingo,Alta,0
ORD-12299,2025-03-23,Pasco,Sierra Centro,Terrestre,Express,281.26,2,8.36,8,6.57,Alta,Domingo,Media,1
ORD-12300,2025-11-22,Lima,Lima y Callao,Terrestre,Mismo Día,77.06,1,6.39,4,4.5,Media,Sábado,Alta,0
ORD-12301,2025-04-08,La Libertad,Costa Norte,Terrestre,Estándar,548.57,3,10.74,8,10.7,Baja,Martes,Alta,1
ORD-12302,2025-02-22,Callao,Lima y Callao,Terrestre,Express,44.22,2,8.61,7,10.35,Media,Sábado,Alta,0
ORD-12303,2025-07-28,Apurímac,Sierra Sur,Terrestre,Estándar,901.21,6,8.84,5,9.14,Baja,Lunes,Alta,1
ORD-12304,2025-11-17,Lambayeque,Costa Norte,Terrestre,Estándar,808.95,5,8.95,5,10.87,Baja,Lunes,Alta,0
ORD-12305,2025-12-01,Loreto,Selva Norte,Aéreo,Estándar,1245.57,5,8.97,5,7.96,Media,Lunes,Media,1
ORD-12306,2025-02-05,Lima,Lima y Callao,Terrestre,Estándar,131.67,3,4.7,5,3.6,Media,Miércoles,Media,0
ORD-12307,2025-04-29,La Libertad,Costa Norte,Terrestre,Estándar,635.23,4,3.74,4,6.03,Media,Martes,Baja,0
ORD-12308,2025-02-26,Lima,Lima y Callao,Terrestre,Mismo Día,31.99,1,8.23,5,9.92,Baja,Miércoles,Media,0
ORD-12309,2025-04-23,La Libertad,Costa Norte,Terrestre,Estándar,606.1,3,6.2,4,6.08,Media,Miércoles,Media,0
ORD-12310,2025-07-14,Lima,Lima y Callao,Terrestre,Express,115.77,2,16.85,12,24.97,Baja,Lunes,Alta,1
ORD-12311,2025-04-13,Lima,Lima y Callao,Terrestre,Mismo Día,68.24,1,6.15,4,5.07,Alta,Domingo,Alta,0
ORD-12312,2025-01-25,Lima,Lima y Callao,Terrestre,Mismo Día,75.06,1,8.76,8,8.68,Baja,Sábado,Alta,0
ORD-12313,2025-07-06,Lima,Lima y Callao,Terrestre,Estándar,98.89,3,4.98,5,4.3,Alta,Domingo,Baja,0
ORD-12314,2025-01-20,San Martín,Selva Norte,Terrestre,Express,961.06,3,5.39,4,11.53,Baja,Lunes,Baja,0
ORD-12315,2025-03-24,La Libertad,Costa Norte,Terrestre,Estándar,692.3,5,3.43,3,2.61,Baja,Lunes,Media,0
ORD-12316,2025-01-01,Áncash,Costa Norte,Terrestre,Estándar,367.68,4,7.82,6,7.35,Media,Miércoles,Alta,0
ORD-12317,2025-02-01,Callao,Lima y Callao,Terrestre,Mismo Día,12.94,1,5.28,5,4.99,Media,Sábado,Media,0
ORD-12318,2025-06-09,Lima,Lima y Callao,Terrestre,Express,13.27,2,4.59,4,2.88,Alta,Lunes,Baja,0
ORD-12319,2025-11-07,Lima,Lima y Callao,Terrestre,Mismo Día,76.69,1,9.1,8,13.88,Media,Viernes,Media,0
ORD-12320,2025-10-10,Lima,Lima y Callao,Terrestre,Express,134.66,2,6.78,6,9.18,Media,Viernes,Baja,0
ORD-12321,2025-02-06,Lima,Lima y Callao,Terrestre,Estándar,123.42,3,4.79,4,6.14,Baja,Jueves,Baja,0
ORD-12322,2025-01-13,Cusco,Sierra Sur,Terrestre,Estándar,1170.95,6,7.77,6,5.53,Media,Lunes,Alta,1
ORD-12323,2025-05-04,Lima,Lima y Callao,Terrestre,Mismo Día,89.0,1,8.0,6,9.54,Media,Domingo,Media,0
ORD-12324,2025-08-27,Lima,Lima y Callao,Terrestre,Estándar,81.05,3,7.12,6,6.69,Alta,Miércoles,Media,0
ORD-12325,2025-09-30,La Libertad,Costa Norte,Terrestre,Estándar,600.51,5,6.44,5,7.47,Media,Martes,Media,0
ORD-12326,2025-10-28,La Libertad,Costa Norte,Terrestre,Estándar,547.93,3,4.93,2,4.85,Media,Martes,Media,0
ORD-12327,2025-05-05,Callao,Lima y Callao,Terrestre,Estándar,62.82,4,0.72,3,1.25,Alta,Lunes,Baja,0
ORD-12328,2025-03-03,La Libertad,Costa Norte,Terrestre,Estándar,611.89,5,4.63,1,2.18,Baja,Lunes,Media,0
ORD-12329,2025-01-10,Lima,Lima y Callao,Terrestre,Estándar,81.62,2,12.41,7,23.71,Media,Viernes,Media,0
ORD-12330,2025-02-23,Puno,Sierra Sur,Terrestre,Estándar,1364.4,7,9.35,4,10.6,Alta,Domingo,Alta,1
ORD-12331,2025-01-24,Lima,Lima y Callao,Terrestre,Estándar,119.53,3,8.16,6,10.0,Media,Viernes,Alta,0
ORD-12332,2025-11-11,Huánuco,Sierra Centro,Terrestre,Estándar,426.76,4,7.71,5,10.11,Media,Martes,Media,1
ORD-12333,2025-04-08,Lima,Lima y Callao,Terrestre,Express,108.22,2,8.7,7,5.64,Alta,Martes,Alta,0
ORD-12334,2025-10-28,Lima,Lima y Callao,Terrestre,Mismo Día,108.32,1,5.92,5,6.93,Baja,Martes,Media,0
ORD-12335,2025-07-21,Ica,Costa Sur,Terrestre,Estándar,332.74,4,6.74,5,5.69,Alta,Lunes,Media,0
ORD-12336,2025-07-16,Moquegua,Costa Sur,Terrestre,Express,1062.08,3,8.73,6,5.61,Media,Miércoles,Alta,0
ORD-12337,2025-06-15,Arequipa,Costa Sur,Terrestre,Express,966.88,3,4.16,2,4.14,Media,Domingo,Alta,1
ORD-12338,2025-10-27,Áncash,Costa Norte,Terrestre,Estándar,411.53,5,8.15,7,7.41,Media,Lunes,Media,1
ORD-12339,2025-01-16,Arequipa,Costa Sur,Terrestre,Estándar,1076.39,6,7.19,7,3.73,Media,Jueves,Media,0
ORD-12340,2025-02-03,Cajamarca,Sierra Norte,Terrestre,Express,1007.33,3,5.77,6,8.71,Baja,Lunes,Baja,0
ORD-12341,2025-06-04,Piura,Costa Norte,Terrestre,Express,978.81,3,6.22,5,5.81,Baja,Miércoles,Alta,0
ORD-12342,2025-05-24,La Libertad,Costa Norte,Terrestre,Estándar,579.7,4,4.72,4,6.29,Media,Sábado,Baja,0
ORD-12343,2025-07-19,Cusco,Sierra Sur,Terrestre,Estándar,997.45,7,8.77,7,7.21,Media,Sábado,Alta,0
ORD-12344,2025-09-27,La Libertad,Costa Norte,Terrestre,Estándar,628.54,5,6.29,6,3.66,Media,Sábado,Media,0
ORD-12345,2025-08-03,La Libertad,Costa Norte,Terrestre,Estándar,579.41,4,4.74,3,2.59,Baja,Domingo,Alta,0
ORD-12346,2025-04-04,Huánuco,Sierra Centro,Terrestre,Estándar,472.72,4,3.7,2,1.95,Baja,Viernes,Baja,0
ORD-12347,2025-04-30,Ayacucho,Sierra Sur,Terrestre,Express,672.62,3,5.48,4,2.91,Baja,Miércoles,Alta,0
ORD-12348,2025-10-02,Lima,Lima y Callao,Terrestre,Express,75.81,2,2.64,2,2.24,Media,Jueves,Media,0
ORD-12349,2025-03-15,Ayacucho,Sierra Sur,Terrestre,Estándar,599.67,4,3.81,3,5.22,Baja,Sábado,Baja,0
ORD-12350,2025-07-04,Lima,Lima y Callao,Terrestre,Mismo Día,26.56,1,5.46,6,4.14,Baja,Viernes,Media,0
ORD-12351,2025-07-16,Callao,Lima y Callao,Terrestre,Mismo Día,29.5,1,8.02,5,8.99,Media,Miércoles,Alta,0
ORD-12352,2025-10-01,Lima,Lima y Callao,Terrestre,Express,106.78,2,5.41,8,5.74,Media,Miércoles,Baja,0
ORD-12353,2025-09-18,Loreto,Selva Norte,Aéreo,Estándar,1311.24,7,7.37,5,5.17,Media,Jueves,Alta,1
ORD-12354,2025-06-19,Arequipa,Costa Sur,Terrestre,Estándar,964.46,6,7.33,4,4.89,Baja,Jueves,Alta,0
ORD-12355,2025-04-23,Arequipa,Costa Sur,Terrestre,Estándar,952.69,4,6.81,5,5.11,Alta,Miércoles,Alta,1
ORD-12356,2025-05-15,San Martín,Selva Norte,Multimodal,Estándar,979.92,7,6.12,2,3.53,Media,Jueves,Alta,0
ORD-12357,2025-05-31,Lambayeque,Costa Norte,Terrestre,Express,799.97,3,5.24,5,5.69,Media,Sábado,Media,0
ORD-12358,2025-03-22,Lima,Lima y Callao,Terrestre,Estándar,97.05,3,2.97,3,3.45,Baja,Sábado,Baja,0
ORD-12359,2025-08-17,Áncash,Costa Norte,Terrestre,Estándar,417.89,4,5.67,6,2.64,Baja,Domingo,Baja,0
ORD-12360,2025-03-18,Cusco,Sierra Sur,Terrestre,Express,1061.58,3,6.89,5,7.02,Media,Martes,Media,0
ORD-12361,2025-08-25,Lima,Lima y Callao,Terrestre,Express,49.38,2,10.85,6,16.4,Baja,Lunes,Alta,1
ORD-12362,2025-10-02,Piura,Costa Norte,Terrestre,Estándar,965.45,6,5.07,4,4.2,Media,Jueves,Baja,0
ORD-12363,2025-12-18,Cusco,Sierra Sur,Terrestre,Estándar,955.53,5,6.14,4,6.32,Media,Jueves,Media,0
ORD-12364,2025-02-13,Lima,Lima y Callao,Terrestre,Express,143.71,2,6.66,6,5.11,Baja,Jueves,Media,0
ORD-12365,2025-10-05,Lima,Lima y Callao,Terrestre,Express,32.32,2,3.26,2,4.07,Baja,Domingo,Media,0
ORD-12366,2025-02-01,Arequipa,Costa Sur,Terrestre,Estándar,1005.44,6,7.44,3,4.21,Baja,Sábado,Alta,1
ORD-12367,2025-05-04,Huánuco,Sierra Centro,Terrestre,Estándar,353.87,5,8.73,10,10.47,Media,Domingo,Baja,0
ORD-12368,2025-03-06,Cusco,Sierra Sur,Terrestre,Express,1126.74,4,1.49,1,1.2,Baja,Jueves,Baja,0
ORD-12369,2025-03-01,La Libertad,Costa Norte,Terrestre,Estándar,572.84,4,6.12,3,4.78,Media,Sábado,Alta,0
ORD-12370,2025-03-06,Lima,Lima y Callao,Terrestre,Estándar,143.48,3,8.38,7,8.57,Baja,Jueves,Media,0
ORD-12371,2025-01-17,La Libertad,Costa Norte,Terrestre,Express,547.18,2,3.79,2,1.54,Media,Viernes,Media,0
ORD-12372,2025-10-28,Cusco,Sierra Sur,Aéreo,Estándar,1137.16,6,5.86,7,4.38,Alta,Martes,Alta,0
ORD-12373,2025-01-23,Lima,Lima y Callao,Terrestre,Estándar,101.9,3,8.93,7,10.69,Alta,Jueves,Baja,0
ORD-12374,2025-05-26,Lima,Lima y Callao,Terrestre,Express,61.68,2,9.99,7,6.29,Media,Lunes,Alta,0
ORD-12375,2025-09-13,Lima,Lima y Callao,Terrestre,Estándar,56.03,3,6.42,4,5.56,Media,Sábado,Media,0
ORD-12376,2025-12-28,Lima,Lima y Callao,Terrestre,Express,72.83,2,9.58,6,9.49,Media,Domingo,Alta,1
ORD-12377,2025-11-08,Callao,Lima y Callao,Terrestre,Estándar,56.34,4,5.57,4,3.07,Alta,Sábado,Baja,0
ORD-12378,2025-02-20,Lima,Lima y Callao,Terrestre,Estándar,130.48,4,6.51,6,4.61,Media,Jueves,Media,0
ORD-12379,2025-12-27,La Libertad,Costa Norte,Terrestre,Express,574.27,3,9.81,5,12.5,Baja,Sábado,Alta,1
ORD-12380,2025-08-27,Junín,Sierra Centro,Terrestre,Express,346.32,2,8.82,8,7.84,Media,Miércoles,Media,0
ORD-12381,2025-03-07,Cajamarca,Sierra Norte,Terrestre,Estándar,844.75,6,7.68,4,7.69,Baja,Viernes,Alta,0
ORD-12382,2025-06-13,Lima,Lima y Callao,Terrestre,Estándar,44.72,3,12.58,6,21.57,Media,Viernes,Alta,1
ORD-12383,2025-12-02,Lima,Lima y Callao,Terrestre,Express,100.75,2,6.76,7,9.06,Baja,Martes,Media,0
ORD-12384,2025-05-24,Ica,Costa Sur,Terrestre,Express,280.98,2,7.65,6,4.99,Baja,Sábado,Alta,0
ORD-12385,2025-03-09,Piura,Costa Norte,Terrestre,Express,926.92,3,3.29,4,5.02,Media,Domingo,Baja,0
ORD-12386,2025-11-16,Piura,Costa Norte,Terrestre,Express,1030.3,3,10.48,7,8.04,Media,Domingo,Alta,0
ORD-12387,2025-12-14,Arequipa,Costa Sur,Terrestre,Estándar,1054.48,6,4.7,2,2.57,Media,Domingo,Alta,1
ORD-12388,2025-12-23,Lima,Lima y Callao,Terrestre,Estándar,116.61,3,7.95,6,9.85,Alta,Martes,Media,0
ORD-12389,2025-12-15,La Libertad,Costa Norte,Terrestre,Express,545.66,2,10.44,6,10.25,Alta,Lunes,Alta,0
ORD-12390,2025-11-15,Ucayali,Selva Centro-Sur,Terrestre,Estándar,1011.25,6,8.33,7,3.37,Media,Sábado,Media,0
ORD-12391,2025-06-15,Callao,Lima y Callao,Terrestre,Estándar,42.75,3,9.93,7,14.24,Alta,Domingo,Media,0
ORD-12392,2025-03-12,Cusco,Sierra Sur,Terrestre,Estándar,1062.24,6,6.88,5,6.83,Media,Miércoles,Media,0
ORD-12393,2025-08-14,La Libertad,Costa Norte,Terrestre,Estándar,533.34,4,3.95,5,5.26,Baja,Jueves,Baja,0
ORD-12394,2025-03-22,Cusco,Sierra Sur,Aéreo,Estándar,1164.73,7,2.96,3,5.36,Alta,Sábado,Baja,0
ORD-12395,2025-06-22,Lima,Lima y Callao,Terrestre,Estándar,89.99,4,7.26,7,5.38,Media,Domingo,Alta,0
ORD-12396,2025-08-28,Lambayeque,Costa Norte,Terrestre,Estándar,822.68,5,3.93,4,3.35,Alta,Jueves,Media,0
ORD-12397,2025-12-12,Callao,Lima y Callao,Terrestre,Mismo Día,46.48,1,4.61,2,4.04,Baja,Viernes,Media,0
ORD-12398,2025-04-16,Lima,Lima y Callao,Terrestre,Estándar,119.91,3,7.4,4,4.89,Baja,Miércoles,Alta,0
ORD-12399,2025-04-02,Piura,Costa Norte,Terrestre,Estándar,994.5,6,10.54,7,16.36,Baja,Miércoles,Media,0
ORD-12400,2025-09-26,Loreto,Selva Norte,Aéreo,Estándar,1628.72,8,3.17,5,4.36,Media,Viernes,Baja,0
ORD-12401,2025-01-03,Lima,Lima y Callao,Terrestre,Express,58.85,2,5.39,5,7.17,Alta,Viernes,Baja,0
ORD-12402,2025-07-26,Huancavelica,Sierra Centro,Terrestre,Express,472.84,2,7.2,4,5.88,Media,Sábado,Alta,0
ORD-12403,2025-09-30,Callao,Lima y Callao,Terrestre,Estándar,49.38,3,6.23,8,11.5,Baja,Martes,Baja,0
ORD-12404,2025-07-21,Piura,Costa Norte,Terrestre,Express,965.56,3,5.07,2,3.55,Media,Lunes,Media,1
ORD-12405,2025-05-21,Lima,Lima y Callao,Terrestre,Express,95.62,2,4.3,2,3.14,Media,Miércoles,Media,0
ORD-12406,2025-10-30,Lima,Lima y Callao,Terrestre,Estándar,108.05,2,6.88,5,6.03,Media,Jueves,Alta,0
ORD-12407,2025-05-16,Piura,Costa Norte,Terrestre,Estándar,971.92,6,2.11,2,1.71,Media,Viernes,Baja,0
ORD-12408,2025-09-17,Arequipa,Costa Sur,Terrestre,Express,1062.27,3,5.26,2,3.85,Baja,Miércoles,Alta,1
ORD-12409,2025-06-19,Lima,Lima y Callao,Terrestre,Mismo Día,69.04,1,9.48,9,3.57,Media,Jueves,Alta,0
ORD-12410,2025-01-10,Callao,Lima y Callao,Terrestre,Estándar,58.55,4,3.24,1,0.66,Media,Viernes,Alta,0
ORD-12411,2025-07-13,Arequipa,Costa Sur,Terrestre,Estándar,953.16,5,8.56,7,6.36,Baja,Domingo,Alta,1
ORD-12412,2025-01-19,Lambayeque,Costa Norte,Terrestre,Estándar,797.07,5,6.78,6,10.53,Media,Domingo,Media,0
ORD-12413,2025-12-06,La Libertad,Costa Norte,Terrestre,Estándar,669.51,5,7.01,4,4.49,Media,Sábado,Media,0
ORD-12414,2025-08-08,San Martín,Selva Norte,Terrestre,Estándar,1030.31,6,5.16,2,5.26,Media,Viernes,Media,0
ORD-12415,2025-05-16,Ica,Costa Sur,Terrestre,Estándar,279.28,3,5.93,7,4.57,Baja,Viernes,Media,0
ORD-12416,2025-06-27,Loreto,Selva Norte,Aéreo,Estándar,1286.54,7,1.66,2,1.93,Baja,Viernes,Baja,0
ORD-12417,2025-08-15,Lima,Lima y Callao,Terrestre,Estándar,92.02,3,0.64,1,0.66,Media,Viernes,Baja,0
ORD-12418,2025-04-05,Lima,Lima y Callao,Terrestre,Estándar,77.87,3,1.06,2,1.49,Baja,Sábado,Baja,0
ORD-12419,2025-04-16,Puno,Sierra Sur,Terrestre,Estándar,1274.53,7,8.16,6,5.49,Alta,Miércoles,Media,0
ORD-12420,2025-06-02,La Libertad,Costa Norte,Terrestre,Express,669.78,3,4.5,3,7.03,Media,Lunes,Media,0
ORD-12421,2025-04-05,La Libertad,Costa Norte,Terrestre,Estándar,578.64,4,4.46,2,3.96,Media,Sábado,Media,1
ORD-12422,2025-10-04,Cajamarca,Sierra Norte,Terrestre,Express,894.05,3,7.21,5,6.44,Media,Sábado,Alta,1
ORD-12423,2025-02-07,Cusco,Sierra Sur,Terrestre,Estándar,1080.33,6,4.82,5,5.43,Media,Viernes,Baja,0
ORD-12424,2025-10-29,Piura,Costa Norte,Terrestre,Estándar,882.71,5,4.49,4,6.72,Baja,Miércoles,Baja,0
ORD-12425,2025-05-08,Lambayeque,Costa Norte,Terrestre,Express,736.09,3,6.66,3,6.5,Baja,Jueves,Alta,1
ORD-12426,2025-07-24,Ica,Costa Sur,Terrestre,Estándar,359.5,4,5.15,2,1.87,Media,Jueves,Alta,0
ORD-12427,2025-02-27,Callao,Lima y Callao,Terrestre,Express,46.92,2,3.17,2,2.4,Media,Jueves,Baja,0
ORD-12428,2025-05-21,Lambayeque,Costa Norte,Terrestre,Estándar,721.37,4,5.22,3,3.33,Alta,Miércoles,Media,0
ORD-12429,2025-10-03,Lima,Lima y Callao,Terrestre,Express,119.54,2,1.75,2,1.33,Media,Viernes,Baja,0
ORD-12430,2025-04-09,Huancavelica,Sierra Centro,Terrestre,Express,516.53,2,6.2,4,8.34,Media,Miércoles,Media,0
ORD-12431,2025-02-18,Lima,Lima y Callao,Terrestre,Mismo Día,36.1,1,5.23,6,5.98,Baja,Martes,Media,0
ORD-12432,2025-07-10,Lima,Lima y Callao,Terrestre,Express,104.7,2,9.15,7,7.65,Baja,Jueves,Alta,1
ORD-12433,2025-03-01,Lima,Lima y Callao,Terrestre,Estándar,85.7,3,2.98,1,2.87,Alta,Sábado,Media,0
ORD-12434,2025-04-25,Cusco,Sierra Sur,Terrestre,Estándar,1002.68,6,4.03,3,3.18,Baja,Viernes,Media,0
ORD-12435,2025-06-14,Lima,Lima y Callao,Terrestre,Express,133.39,2,2.9,2,4.31,Alta,Sábado,Baja,0
ORD-12436,2025-07-25,Cajamarca,Sierra Norte,Terrestre,Estándar,854.95,4,7.07,4,2.56,Baja,Viernes,Alta,0
ORD-12437,2025-08-22,Junín,Sierra Centro,Terrestre,Express,336.43,2,6.22,4,6.61,Media,Viernes,Media,0
ORD-12438,2025-09-04,Lima,Lima y Callao,Terrestre,Express,64.23,2,4.84,6,6.12,Baja,Jueves,Media,0
ORD-12439,2025-11-05,Lima,Lima y Callao,Terrestre,Estándar,115.73,3,6.84,6,3.57,Media,Miércoles,Media,0
ORD-12440,2025-01-25,Callao,Lima y Callao,Terrestre,Estándar,49.04,3,5.11,3,2.43,Baja,Sábado,Alta,0
ORD-12441,2025-05-13,Piura,Costa Norte,Terrestre,Estándar,1040.75,7,2.26,2,2.95,Media,Martes,Baja,1
ORD-12442,2025-01-01,Apurímac,Sierra Sur,Terrestre,Estándar,808.63,5,8.29,7,5.61,Alta,Miércoles,Media,0
ORD-12443,2025-01-04,Lima,Lima y Callao,Terrestre,Estándar,118.4,3,5.77,6,8.7,Media,Sábado,Media,0
ORD-12444,2025-03-19,Ucayali,Selva Centro-Sur,Multimodal,Express,900.95,4,7.03,8,6.8,Baja,Miércoles,Baja,0
ORD-12445,2025-08-07,Lima,Lima y Callao,Terrestre,Mismo Día,68.01,1,7.28,6,3.64,Media,Jueves,Media,0
ORD-12446,2025-11-23,Loreto,Selva Norte,Aéreo,Estándar,1097.62,6,7.89,4,7.54,Media,Domingo,Alta,0
ORD-12447,2025-10-10,Lima,Lima y Callao,Terrestre,Express,123.29,2,6.36,7,9.62,Baja,Viernes,Baja,0
ORD-12448,2025-08-24,Lima,Lima y Callao,Terrestre,Estándar,60.68,3,3.68,3,1.76,Media,Domingo,Media,0
ORD-12449,2025-10-12,Lima,Lima y Callao,Terrestre,Mismo Día,99.12,1,3.22,1,1.4,Alta,Domingo,Baja,0
ORD-12450,2025-03-04,Lima,Lima y Callao,Terrestre,Express,90.48,2,13.58,11,13.14,Media,Martes,Alta,0
ORD-12451,2025-11-03,Callao,Lima y Callao,Terrestre,Estándar,8.24,3,9.8,8,7.92,Media,Lunes,Alta,0
ORD-12452,2025-11-21,Lima,Lima y Callao,Terrestre,Estándar,169.98,3,5.91,1,1.35,Media,Viernes,Alta,1
ORD-12453,2025-02-04,Cusco,Sierra Sur,Terrestre,Express,1135.14,4,7.74,5,10.82,Media,Martes,Media,0
ORD-12454,2025-06-21,Ucayali,Selva Centro-Sur,Aéreo,Express,881.7,3,5.47,5,6.99,Media,Sábado,Alta,0
ORD-12455,2025-10-30,Callao,Lima y Callao,Terrestre,Estándar,47.71,2,8.6,5,11.41,Media,Jueves,Alta,0
ORD-12456,2025-06-23,Callao,Lima y Callao,Terrestre,Express,38.68,2,7.94,6,8.8,Media,Lunes,Baja,0
ORD-12457,2025-11-03,Piura,Costa Norte,Aéreo,Estándar,1003.78,6,5.44,2,2.98,Baja,Lunes,Alta,0
ORD-12458,2025-12-08,Cusco,Sierra Sur,Terrestre,Express,983.13,3,5.93,1,1.5,Media,Lunes,Alta,0
ORD-12459,2025-06-23,Junín,Sierra Centro,Terrestre,Estándar,358.33,4,4.9,5,6.32,Alta,Lunes,Media,0
ORD-12460,2025-01-22,Lima,Lima y Callao,Terrestre,Mismo Día,70.7,1,8.89,8,15.27,Baja,Miércoles,Media,0
ORD-12461,2025-05-05,Cajamarca,Sierra Norte,Terrestre,Express,882.05,3,5.36,4,5.32,Baja,Lunes,Baja,1
ORD-12462,2025-03-20,Cajamarca,Sierra Norte,Terrestre,Estándar,880.63,5,4.07,2,5.79,Baja,Jueves,Baja,0
ORD-12463,2025-06-23,Lambayeque,Costa Norte,Aéreo,Express,744.13,3,5.71,4,7.12,Baja,Lunes,Media,0
ORD-12464,2025-08-02,Cusco,Sierra Sur,Terrestre,Estándar,1209.13,6,6.16,3,2.64,Alta,Sábado,Alta,0
ORD-12465,2025-06-19,Callao,Lima y Callao,Terrestre,Express,11.05,2,3.77,3,3.48,Media,Jueves,Media,0
ORD-12466,2025-03-13,Amazonas,Selva Norte,Terrestre,Estándar,929.27,6,2.7,2,3.33,Media,Jueves,Media,0
ORD-12467,2025-04-20,Junín,Sierra Centro,Terrestre,Estándar,349.01,3,7.86,6,4.19,Media,Domingo,Alta,1
ORD-12468,2025-09-06,Ica,Costa Sur,Aéreo,Express,304.92,2,6.18,4,4.38,Media,Sábado,Alta,0
ORD-12469,2025-01-10,Áncash,Costa Norte,Terrestre,Estándar,368.67,4,4.44,3,2.68,Media,Viernes,Media,0
ORD-12470,2025-03-20,Lima,Lima y Callao,Terrestre,Estándar,88.94,3,5.02,2,2.66,Alta,Jueves,Alta,0
ORD-12471,2025-11-22,Lima,Lima y Callao,Terrestre,Express,109.83,2,4.37,3,2.36,Media,Sábado,Media,0
ORD-12472,2025-02-06,Arequipa,Costa Sur,Terrestre,Express,949.69,3,6.57,4,7.69,Media,Jueves,Baja,0
ORD-12473,2025-06-01,Ica,Costa Sur,Terrestre,Estándar,364.79,5,4.1,4,4.0,Media,Domingo,Media,0
ORD-12474,2025-03-17,Piura,Costa Norte,Terrestre,Estándar,944.01,5,3.81,3,4.76,Alta,Lunes,Baja,0
ORD-12475,2025-02-08,Lima,Lima y Callao,Terrestre,Estándar,100.3,3,4.62,4,2.83,Baja,Sábado,Media,0
ORD-12476,2025-06-04,La Libertad,Costa Norte,Terrestre,Estándar,563.13,4,5.82,3,3.22,Media,Miércoles,Alta,0
ORD-12477,2025-07-10,Lambayeque,Costa Norte,Terrestre,Express,806.11,3,6.75,4,2.86,Media,Jueves,Alta,0
ORD-12478,2025-03-06,Callao,Lima y Callao,Terrestre,Estándar,57.19,3,9.08,6,12.44,Media,Jueves,Media,0
ORD-12479,2025-01-29,Loreto,Selva Norte,Aéreo,Express,1168.23,4,5.12,4,3.47,Alta,Miércoles,Media,0
ORD-12480,2025-02-19,Puno,Sierra Sur,Terrestre,Express,1280.47,4,3.6,4,4.32,Media,Miércoles,Baja,0
ORD-12481,2025-08-26,Puno,Sierra Sur,Terrestre,Estándar,1320.25,8,2.71,3,4.34,Baja,Martes,Baja,0
ORD-12482,2025-11-11,Callao,Lima y Callao,Terrestre,Mismo Día,10.31,1,7.23,7,6.13,Media,Martes,Media,0
ORD-12483,2025-03-07,Ica,Costa Sur,Terrestre,Estándar,365.61,3,3.14,4,2.98,Alta,Viernes,Baja,0
ORD-12484,2025-04-27,Cajamarca,Sierra Norte,Terrestre,Express,905.21,3,6.8,5,6.77,Media,Domingo,Media,0
ORD-12485,2025-05-06,Huánuco,Sierra Centro,Terrestre,Estándar,480.73,4,9.34,9,4.77,Alta,Martes,Alta,0
ORD-12486,2025-05-12,Ica,Costa Sur,Terrestre,Estándar,355.32,3,6.43,4,8.64,Alta,Lunes,Media,0
ORD-12487,2025-03-31,Lima,Lima y Callao,Terrestre,Estándar,125.38,2,2.26,3,3.73,Alta,Lunes,Baja,0
ORD-12488,2025-01-21,Callao,Lima y Callao,Terrestre,Express,55.38,2,4.25,5,3.4,Media,Martes,Baja,0
ORD-12489,2025-07-11,Puno,Sierra Sur,Terrestre,Estándar,1332.16,6,9.17,6,6.56,Media,Viernes,Alta,0
ORD-12490,2025-05-11,Arequipa,Costa Sur,Terrestre,Estándar,993.76,6,8.7,5,7.78,Alta,Domingo,Alta,0
ORD-12491,2025-05-05,Amazonas,Selva Norte,Terrestre,Estándar,1057.52,6,3.62,4,3.59,Alta,Lunes,Media,0
ORD-12492,2025-04-07,Piura,Costa Norte,Terrestre,Estándar,945.4,4,4.31,3,1.81,Baja,Lunes,Baja,0
ORD-12493,2025-12-06,Lima,Lima y Callao,Terrestre,Mismo Día,73.94,1,6.68,2,2.47,Baja,Sábado,Alta,1
ORD-12494,2025-08-11,Junín,Sierra Centro,Terrestre,Express,310.62,2,8.48,6,10.16,Media,Lunes,Media,1
ORD-12495,2025-06-02,Lima,Lima y Callao,Terrestre,Express,72.66,2,7.32,5,6.85,Media,Lunes,Media,0
ORD-12496,2025-03-16,Callao,Lima y Callao,Terrestre,Estándar,37.51,3,9.69,9,12.87,Alta,Domingo,Media,0
ORD-12497,2025-10-20,Cajamarca,Sierra Norte,Terrestre,Estándar,858.14,6,6.16,5,9.32,Media,Lunes,Media,1
ORD-12498,2025-11-21,Lambayeque,Costa Norte,Terrestre,Estándar,747.43,5,10.4,7,16.31,Baja,Viernes,Media,0
ORD-12499,2025-01-12,Junín,Sierra Centro,Aéreo,Estándar,349.01,4,5.82,7,2.93,Media,Domingo,Baja,0
ORD-12500,2025-12-06,Lima,Lima y Callao,Terrestre,Express,83.98,2,11.26,11,7.13,Alta,Sábado,Alta,1
ORD-12501,2025-09-13,Callao,Lima y Callao,Terrestre,Estándar,49.82,3,8.08,5,6.78,Media,Sábado,Alta,0
ORD-12502,2025-02-06,Lima,Lima y Callao,Terrestre,Express,108.38,2,8.27,6,7.89,Baja,Jueves,Media,0
ORD-12503,2025-10-02,Lima,Lima y Callao,Terrestre,Express,56.06,2,5.49,4,2.96,Media,Jueves,Media,0
ORD-12504,2025-02-09,Cajamarca,Sierra Norte,Terrestre,Estándar,787.22,5,4.04,3,2.34,Alta,Domingo,Media,1
ORD-12505,2025-01-19,Áncash,Costa Norte,Aéreo,Express,389.3,2,6.97,5,12.89,Media,Domingo,Alta,0
ORD-12506,2025-02-12,La Libertad,Costa Norte,Terrestre,Express,571.38,3,3.44,2,2.24,Baja,Miércoles,Alta,0
ORD-12507,2025-06-17,Lima,Lima y Callao,Terrestre,Express,76.35,2,5.73,3,4.24,Media,Martes,Alta,0
ORD-12508,2025-08-15,Lima,Lima y Callao,Terrestre,Estándar,160.85,3,7.2,4,10.99,Alta,Viernes,Media,0
ORD-12509,2025-05-29,Lima,Lima y Callao,Terrestre,Express,53.26,2,4.93,5,6.4,Media,Jueves,Media,0
ORD-12510,2025-02-14,La Libertad,Costa Norte,Terrestre,Express,593.19,3,6.18,3,5.45,Media,Viernes,Alta,1
ORD-12511,2025-03-14,Callao,Lima y Callao,Terrestre,Mismo Día,50.05,1,9.02,7,11.07,Baja,Viernes,Media,1
ORD-12512,2025-11-08,Lima,Lima y Callao,Terrestre,Estándar,86.63,4,7.25,6,6.16,Media,Sábado,Media,0
ORD-12513,2025-12-18,Callao,Lima y Callao,Terrestre,Estándar,15.19,2,7.33,5,5.24,Alta,Jueves,Alta,0
ORD-12514,2025-10-03,Lima,Lima y Callao,Terrestre,Estándar,50.6,4,6.14,4,8.45,Media,Viernes,Alta,0
ORD-12515,2025-02-07,Callao,Lima y Callao,Terrestre,Estándar,65.47,4,10.11,10,11.88,Media,Viernes,Baja,0
ORD-12516,2025-10-27,Huánuco,Sierra Centro,Terrestre,Express,402.04,2,3.32,4,3.15,Alta,Lunes,Baja,0
ORD-12517,2025-09-10,Lima,Lima y Callao,Terrestre,Express,99.49,2,8.35,5,9.81,Media,Miércoles,Media,0
ORD-12518,2025-07-12,Lambayeque,Costa Norte,Terrestre,Estándar,817.53,5,3.66,3,1.33,Alta,Sábado,Baja,0
ORD-12519,2025-02-22,Lima,Lima y Callao,Terrestre,Express,63.43,2,11.5,9,21.51,Baja,Sábado,Baja,0
ORD-12520,2025-12-30,La Libertad,Costa Norte,Terrestre,Estándar,640.14,5,5.62,3,3.42,Media,Martes,Media,0
ORD-12521,2025-06-11,Puno,Sierra Sur,Terrestre,Express,1293.49,4,5.77,5,6.17,Alta,Miércoles,Media,0
ORD-12522,2025-01-17,Pasco,Sierra Centro,Terrestre,Estándar,319.17,3,5.64,4,5.1,Alta,Viernes,Media,0
ORD-12523,2025-03-18,Piura,Costa Norte,Terrestre,Estándar,940.47,5,4.73,2,4.44,Media,Martes,Alta,0
ORD-12524,2025-05-27,Lima,Lima y Callao,Terrestre,Estándar,172.04,3,5.56,5,6.83,Media,Martes,Media,0
ORD-12525,2025-01-23,Lima,Lima y Callao,Terrestre,Estándar,57.54,3,4.4,4,4.8,Alta,Jueves,Media,0
ORD-12526,2025-04-29,Lima,Lima y Callao,Terrestre,Express,45.77,2,5.75,7,5.44,Media,Martes,Baja,0
ORD-12527,2025-06-20,La Libertad,Costa Norte,Terrestre,Estándar,678.48,5,5.04,2,1.78,Baja,Viernes,Media,0
ORD-12528,2025-12-13,Ica,Costa Sur,Terrestre,Estándar,261.73,3,8.7,6,9.55,Media,Sábado,Alta,0
ORD-12529,2025-02-01,Lima,Lima y Callao,Terrestre,Estándar,133.69,2,9.84,7,9.22,Media,Sábado,Alta,1
ORD-12530,2025-07-30,Áncash,Costa Norte,Terrestre,Estándar,437.43,4,9.47,5,12.78,Media,Miércoles,Alta,1
ORD-12531,2025-12-01,Amazonas,Selva Norte,Terrestre,Estándar,1127.07,5,6.62,5,4.09,Alta,Lunes,Alta,1
ORD-12532,2025-10-22,Piura,Costa Norte,Terrestre,Estándar,1005.06,6,6.7,4,2.75,Media,Miércoles,Alta,0
ORD-12533,2025-12-04,Apurímac,Sierra Sur,Terrestre,Estándar,910.47,5,12.23,10,13.14,Baja,Jueves,Alta,0
ORD-12534,2025-03-04,Lima,Lima y Callao,Terrestre,Express,42.7,2,8.7,7,8.19,Baja,Martes,Alta,0
ORD-12535,2025-10-20,Lima,Lima y Callao,Terrestre,Estándar,176.92,3,4.08,3,2.57,Alta,Lunes,Baja,0
ORD-12536,2025-12-24,Callao,Lima y Callao,Terrestre,Express,66.23,2,9.99,8,7.82,Baja,Miércoles,Alta,0
ORD-12537,2025-04-30,Piura,Costa Norte,Aéreo,Express,1038.77,3,9.62,8,12.88,Alta,Miércoles,Media,0
ORD-12538,2025-07-02,Callao,Lima y Callao,Terrestre,Express,44.9,2,5.96,3,2.28,Baja,Miércoles,Alta,0
ORD-12539,2025-07-13,Piura,Costa Norte,Terrestre,Estándar,968.48,6,8.21,8,5.41,Media,Domingo,Media,0
ORD-12540,2025-06-30,Lima,Lima y Callao,Terrestre,Express,89.24,2,4.64,5,4.82,Alta,Lunes,Media,0
ORD-12541,2025-04-16,Cusco,Sierra Sur,Terrestre,Express,927.72,3,5.57,5,4.76,Media,Miércoles,Baja,0
ORD-12542,2025-12-21,Cajamarca,Sierra Norte,Aéreo,Express,888.36,3,6.94,3,5.46,Alta,Domingo,Alta,0
ORD-12543,2025-12-16,Ica,Costa Sur,Terrestre,Estándar,305.26,2,9.2,6,5.55,Baja,Martes,Alta,0
ORD-12544,2025-05-19,La Libertad,Costa Norte,Terrestre,Express,631.02,3,14.77,10,24.24,Media,Lunes,Alta,1
ORD-12545,2025-10-21,Cusco,Sierra Sur,Terrestre,Estándar,1030.72,6,8.54,6,4.63,Media,Martes,Alta,0
ORD-12546,2025-05-26,Ucayali,Selva Centro-Sur,Terrestre,Express,878.49,3,6.97,4,6.11,Alta,Lunes,Alta,0
ORD-12547,2025-10-18,Callao,Lima y Callao,Terrestre,Express,45.55,2,11.16,8,9.59,Baja,Sábado,Alta,0
ORD-12548,2025-08-02,Moquegua,Costa Sur,Terrestre,Express,1134.83,4,8.35,7,8.37,Media,Sábado,Alta,0
ORD-12549,2025-06-21,Cajamarca,Sierra Norte,Terrestre,Express,1005.54,3,6.52,6,2.75,Media,Sábado,Alta,0
ORD-12550,2025-02-16,Ucayali,Selva Centro-Sur,Terrestre,Estándar,934.67,5,4.76,2,1.57,Alta,Domingo,Media,0
ORD-12551,2025-08-27,Callao,Lima y Callao,Terrestre,Estándar,6.73,3,7.44,6,6.47,Alta,Miércoles,Media,0
ORD-12552,2025-04-28,La Libertad,Costa Norte,Terrestre,Estándar,539.78,3,4.75,2,1.28,Alta,Lunes,Media,0
ORD-12553,2025-03-21,Lima,Lima y Callao,Terrestre,Estándar,105.83,4,6.83,7,2.28,Media,Viernes,Media,0
ORD-12554,2025-03-12,Arequipa,Costa Sur,Terrestre,Express,1004.08,3,4.26,5,3.31,Media,Miércoles,Baja,0
ORD-12555,2025-12-25,Madre de Dios,Selva Centro-Sur,Terrestre,Estándar,1347.43,7,6.73,3,4.37,Alta,Jueves,Media,0
ORD-12556,2025-02-07,Cusco,Sierra Sur,Terrestre,Estándar,994.35,6,7.6,8,11.7,Alta,Viernes,Media,0
ORD-12557,2025-10-19,Lima,Lima y Callao,Terrestre,Estándar,18.34,3,6.72,4,2.8,Alta,Domingo,Alta,0
ORD-12558,2025-11-13,Lima,Lima y Callao,Terrestre,Express,75.65,2,6.6,6,6.57,Alta,Jueves,Alta,0
ORD-12559,2025-01-12,Lima,Lima y Callao,Terrestre,Express,111.53,2,9.0,5,7.38,Alta,Domingo,Alta,0
ORD-12560,2025-08-04,Apurímac,Sierra Sur,Terrestre,Express,1005.18,3,5.4,5,10.74,Baja,Lunes,Baja,0
ORD-12561,2025-07-30,Cajamarca,Sierra Norte,Terrestre,Express,972.07,3,15.33,11,22.94,Baja,Miércoles,Alta,1
ORD-12562,2025-05-11,Cajamarca,Sierra Norte,Terrestre,Estándar,885.89,5,9.28,7,12.45,Alta,Domingo,Alta,1
ORD-12563,2025-09-01,Huánuco,Sierra Centro,Terrestre,Estándar,517.63,5,7.7,5,5.21,Media,Lunes,Alta,0
ORD-12564,2025-05-30,Ayacucho,Sierra Sur,Terrestre,Estándar,542.97,4,5.94,5,6.24,Baja,Viernes,Media,0
ORD-12565,2025-06-10,Puno,Sierra Sur,Terrestre,Express,1375.67,4,10.37,7,8.69,Media,Martes,Alta,1
ORD-12566,2025-06-07,Lima,Lima y Callao,Terrestre,Estándar,143.33,3,6.17,6,6.45,Media,Sábado,Media,0
ORD-12567,2025-10-20,Lima,Lima y Callao,Terrestre,Express,76.4,2,3.56,2,1.48,Alta,Lunes,Alta,0
ORD-12568,2025-08-20,Junín,Sierra Centro,Aéreo,Express,461.97,2,6.0,3,6.69,Alta,Miércoles,Alta,0
ORD-12569,2025-05-19,Cusco,Sierra Sur,Terrestre,Estándar,1006.56,6,7.73,6,8.57,Baja,Lunes,Baja,0
ORD-12570,2025-12-05,Lima,Lima y Callao,Terrestre,Express,41.86,2,6.68,2,3.89,Media,Viernes,Alta,0
ORD-12571,2025-10-20,Huánuco,Sierra Centro,Terrestre,Estándar,468.75,5,7.55,6,9.52,Baja,Lunes,Baja,0
ORD-12572,2025-12-07,Ica,Costa Sur,Terrestre,Express,342.89,2,7.34,5,5.05,Alta,Domingo,Alta,0
ORD-12573,2025-09-24,Lambayeque,Costa Norte,Aéreo,Express,765.08,3,4.32,5,3.52,Baja,Miércoles,Media,0
ORD-12574,2025-05-23,Lima,Lima y Callao,Terrestre,Express,120.42,2,6.3,2,3.69,Media,Viernes,Alta,0
ORD-12575,2025-10-10,Ucayali,Selva Centro-Sur,Terrestre,Estándar,806.63,4,9.22,9,14.46,Media,Viernes,Media,1
ORD-12576,2025-05-01,Callao,Lima y Callao,Terrestre,Estándar,51.19,3,2.67,2,2.95,Media,Jueves,Baja,0
ORD-12577,2025-04-09,Lambayeque,Costa Norte,Terrestre,Express,788.76,3,13.02,8,24.55,Media,Miércoles,Alta,1
ORD-12578,2025-06-14,Cajamarca,Sierra Norte,Terrestre,Estándar,831.34,6,5.07,4,4.1,Media,Sábado,Media,0
ORD-12579,2025-12-20,Junín,Sierra Centro,Terrestre,Estándar,398.91,4,3.45,3,3.4,Media,Sábado,Media,0
ORD-12580,2025-07-27,Lima,Lima y Callao,Terrestre,Express,108.69,2,7.14,3,4.08,Baja,Domingo,Alta,0
ORD-12581,2025-05-21,Cajamarca,Sierra Norte,Terrestre,Express,890.96,3,6.64,3,2.85,Media,Miércoles,Alta,1
ORD-12582,2025-06-18,Lima,Lima y Callao,Terrestre,Mismo Día,58.85,1,7.66,6,6.65,Media,Miércoles,Media,0
ORD-12583,2025-04-17,La Libertad,Costa Norte,Terrestre,Express,567.14,3,4.93,4,7.74,Media,Jueves,Media,1
ORD-12584,2025-08-29,Apurímac,Sierra Sur,Terrestre,Estándar,994.89,6,5.22,4,3.47,Media,Viernes,Media,0
ORD-12585,2025-05-08,San Martín,Selva Norte,Terrestre,Estándar,1121.28,6,3.11,3,2.98,Media,Jueves,Baja,1
ORD-12586,2025-07-22,La Libertad,Costa Norte,Terrestre,Estándar,653.47,5,9.02,7,10.86,Alta,Martes,Media,0
ORD-12587,2025-05-15,Lima,Lima y Callao,Terrestre,Express,106.63,2,9.66,7,4.74,Baja,Jueves,Alta,0
ORD-12588,2025-04-28,La Libertad,Costa Norte,Terrestre,Estándar,657.1,6,4.89,4,5.15,Media,Lunes,Media,0
ORD-12589,2025-12-21,San Martín,Selva Norte,Terrestre,Express,1004.5,3,8.12,6,7.15,Baja,Domingo,Media,1
ORD-12590,2025-05-07,Huánuco,Sierra Centro,Terrestre,Express,464.96,2,5.92,6,9.25,Media,Miércoles,Media,0
ORD-12591,2025-01-26,La Libertad,Costa Norte,Terrestre,Express,632.12,3,9.04,6,10.21,Media,Domingo,Alta,0
ORD-12592,2025-05-19,Lima,Lima y Callao,Terrestre,Estándar,41.47,3,5.07,4,4.82,Media,Lunes,Baja,0
ORD-12593,2025-07-14,Ica,Costa Sur,Terrestre,Estándar,260.15,4,6.19,3,3.65,Baja,Lunes,Alta,0
ORD-12594,2025-02-04,Junín,Sierra Centro,Terrestre,Estándar,384.81,4,7.95,5,6.16,Media,Martes,Alta,0
ORD-12595,2025-04-22,Ucayali,Selva Centro-Sur,Aéreo,Estándar,989.62,6,6.52,5,5.23,Media,Martes,Alta,0
ORD-12596,2025-03-02,Lima,Lima y Callao,Terrestre,Express,102.33,2,9.1,6,12.38,Alta,Domingo,Alta,0
ORD-12597,2025-07-02,Lima,Lima y Callao,Terrestre,Express,26.58,2,7.41,4,6.25,Media,Miércoles,Alta,0
ORD-12598,2025-09-21,Lima,Lima y Callao,Terrestre,Estándar,157.08,4,14.4,11,22.65,Media,Domingo,Alta,0
ORD-12599,2025-12-20,Moquegua,Costa Sur,Terrestre,Estándar,1098.41,6,7.74,4,3.97,Alta,Sábado,Alta,1
ORD-12600,2025-05-23,Piura,Costa Norte,Terrestre,Estándar,928.13,5,8.37,4,8.62,Baja,Viernes,Alta,1
ORD-12601,2025-11-12,Lima,Lima y Callao,Terrestre,Express,158.91,2,7.77,4,4.99,Media,Miércoles,Alta,0
ORD-12602,2025-03-20,Huánuco,Sierra Centro,Terrestre,Estándar,508.9,4,0.67,2,3.61,Media,Jueves,Baja,0
ORD-12603,2025-10-12,Áncash,Costa Norte,Terrestre,Estándar,502.05,4,5.65,4,2.28,Media,Domingo,Alta,1
ORD-12604,2025-07-25,Lima,Lima y Callao,Terrestre,Express,121.39,2,9.14,4,10.02,Baja,Viernes,Alta,1
ORD-12605,2025-10-04,Moquegua,Costa Sur,Terrestre,Express,1160.11,4,8.03,7,10.02,Media,Sábado,Media,0
ORD-12606,2025-10-03,Lambayeque,Costa Norte,Terrestre,Express,762.23,3,5.26,3,8.39,Media,Viernes,Media,0
ORD-12607,2025-07-14,Cajamarca,Sierra Norte,Terrestre,Estándar,861.16,5,7.73,3,6.25,Media,Lunes,Alta,0
ORD-12608,2025-04-04,Huancavelica,Sierra Centro,Terrestre,Estándar,606.28,5,4.04,2,1.43,Baja,Viernes,Media,0
ORD-12609,2025-07-12,Lima,Lima y Callao,Terrestre,Express,130.24,2,9.98,5,11.97,Media,Sábado,Alta,0
ORD-12610,2025-10-29,Pasco,Sierra Centro,Terrestre,Express,327.71,2,3.31,3,4.73,Alta,Miércoles,Media,0
ORD-12611,2025-12-21,Cajamarca,Sierra Norte,Terrestre,Estándar,868.78,6,5.66,3,4.86,Baja,Domingo,Alta,1
ORD-12612,2025-12-05,Lima,Lima y Callao,Terrestre,Express,66.88,2,3.79,1,2.18,Media,Viernes,Media,0
ORD-12613,2025-03-08,Lima,Lima y Callao,Terrestre,Express,69.77,2,5.09,6,7.01,Alta,Sábado,Media,0
ORD-12614,2025-08-07,San Martín,Selva Norte,Terrestre,Express,1186.29,4,6.4,4,4.11,Alta,Jueves,Media,0
ORD-12615,2025-02-08,Arequipa,Costa Sur,Terrestre,Estándar,916.61,5,5.74,4,6.67,Baja,Sábado,Media,0
ORD-12616,2025-09-02,Puno,Sierra Sur,Terrestre,Estándar,1349.83,8,3.35,1,1.32,Media,Martes,Alta,0
ORD-12617,2025-12-29,Lima,Lima y Callao,Terrestre,Express,148.14,2,7.61,5,6.1,Baja,Lunes,Alta,0
ORD-12618,2025-01-20,Lima,Lima y Callao,Terrestre,Estándar,89.87,3,8.46,4,8.6,Alta,Lunes,Alta,0
ORD-12619,2025-08-28,Apurímac,Sierra Sur,Terrestre,Estándar,852.4,4,4.45,5,3.84,Media,Jueves,Media,0
ORD-12620,2025-12-12,Lima,Lima y Callao,Terrestre,Mismo Día,68.39,1,8.3,9,9.86,Media,Viernes,Media,1
ORD-12621,2025-11-06,Lima,Lima y Callao,Terrestre,Estándar,35.83,3,7.1,4,8.03,Baja,Jueves,Alta,0
ORD-12622,2025-05-24,Huánuco,Sierra Centro,Terrestre,Estándar,426.76,4,4.29,3,2.49,Media,Sábado,Media,0
ORD-12623,2025-02-07,La Libertad,Costa Norte,Aéreo,Estándar,558.98,5,6.65,5,2.87,Baja,Viernes,Media,0
ORD-12624,2025-12-04,Lima,Lima y Callao,Terrestre,Express,45.37,2,9.73,7,3.91,Media,Jueves,Alta,1
ORD-12625,2025-12-03,Lima,Lima y Callao,Terrestre,Express,50.86,2,6.58,4,3.89,Media,Miércoles,Alta,1
ORD-12626,2025-07-31,Áncash,Costa Norte,Terrestre,Estándar,389.04,4,10.87,7,17.58,Media,Jueves,Media,1
ORD-12627,2025-12-24,La Libertad,Costa Norte,Terrestre,Estándar,533.6,4,7.29,4,4.06,Alta,Miércoles,Alta,0
ORD-12628,2025-01-02,Callao,Lima y Callao,Terrestre,Mismo Día,67.25,1,6.95,6,6.6,Baja,Jueves,Media,0
ORD-12629,2025-08-14,Puno,Sierra Sur,Terrestre,Estándar,1279.82,6,4.91,4,5.06,Baja,Jueves,Alta,0
ORD-12630,2025-01-15,Tumbes,Costa Norte,Terrestre,Estándar,1250.29,6,6.82,6,11.68,Media,Miércoles,Baja,0
ORD-12631,2025-12-08,Huánuco,Sierra Centro,Terrestre,Estándar,533.92,4,12.32,8,13.79,Media,Lunes,Alta,0
ORD-12632,2025-09-06,Cajamarca,Sierra Norte,Terrestre,Estándar,813.47,6,5.05,2,2.51,Baja,Sábado,Media,0
ORD-12633,2025-11-30,Callao,Lima y Callao,Terrestre,Mismo Día,38.95,1,3.74,2,3.28,Media,Domingo,Baja,0
ORD-12634,2025-07-25,Lambayeque,Costa Norte,Terrestre,Estándar,825.99,4,8.8,4,7.71,Media,Viernes,Alta,1
ORD-12635,2025-01-31,Piura,Costa Norte,Aéreo,Express,973.27,3,2.34,1,0.88,Media,Viernes,Baja,0
ORD-12636,2025-01-10,Lima,Lima y Callao,Terrestre,Estándar,57.01,2,3.01,2,1.97,Media,Viernes,Media,0
ORD-12637,2025-05-03,Apurímac,Sierra Sur,Terrestre,Estándar,912.92,4,4.21,3,2.33,Baja,Sábado,Alta,0
ORD-12638,2025-09-29,Áncash,Costa Norte,Aéreo,Estándar,442.52,4,6.77,5,5.04,Baja,Lunes,Media,0
ORD-12639,2025-02-25,Callao,Lima y Callao,Terrestre,Mismo Día,34.25,1,6.19,4,6.24,Media,Martes,Baja,0
ORD-12640,2025-11-08,Pasco,Sierra Centro,Terrestre,Estándar,277.89,3,7.95,6,4.69,Media,Sábado,Alta,0
ORD-12641,2025-03-29,Lima,Lima y Callao,Terrestre,Estándar,15.06,3,11.01,6,20.08,Media,Sábado,Media,0
ORD-12642,2025-07-01,Lima,Lima y Callao,Terrestre,Estándar,124.31,3,8.3,6,9.77,Alta,Martes,Media,0
ORD-12643,2025-03-16,Ica,Costa Sur,Terrestre,Estándar,278.8,3,5.11,4,3.79,Baja,Domingo,Alta,0
ORD-12644,2025-06-20,San Martín,Selva Norte,Multimodal,Estándar,996.22,7,6.01,6,7.05,Media,Viernes,Baja,0
ORD-12645,2025-06-15,Ica,Costa Sur,Terrestre,Express,295.45,2,5.8,6,4.6,Media,Domingo,Media,0
ORD-12646,2025-01-02,Moquegua,Costa Sur,Terrestre,Express,1207.14,4,7.18,5,3.54,Baja,Jueves,Alta,0
ORD-12647,2025-07-27,Piura,Costa Norte,Terrestre,Express,864.92,3,9.29,8,8.15,Alta,Domingo,Media,0
ORD-12648,2025-10-15,Lambayeque,Costa Norte,Terrestre,Express,727.64,3,10.13,7,14.88,Alta,Miércoles,Alta,0
ORD-12649,2025-12-08,Piura,Costa Norte,Terrestre,Estándar,954.63,5,7.11,8,5.13,Media,Lunes,Media,0
ORD-12650,2025-05-01,Cusco,Sierra Sur,Terrestre,Estándar,1098.27,6,8.06,5,10.4,Alta,Jueves,Alta,0
ORD-12651,2025-11-18,Lima,Lima y Callao,Terrestre,Mismo Día,83.53,1,10.13,6,6.82,Baja,Martes,Alta,0
ORD-12652,2025-11-17,Arequipa,Costa Sur,Terrestre,Express,1089.06,3,4.99,4,5.5,Alta,Lunes,Media,0
ORD-12653,2025-12-27,Lambayeque,Costa Norte,Terrestre,Estándar,724.49,6,7.38,5,6.3,Alta,Sábado,Media,1
ORD-12654,2025-05-17,Callao,Lima y Callao,Terrestre,Estándar,33.35,4,4.24,2,3.62,Baja,Sábado,Media,0
ORD-12655,2025-11-07,Arequipa,Costa Sur,Terrestre,Estándar,996.04,6,7.54,4,8.28,Media,Viernes,Alta,0
ORD-12656,2025-07-26,Amazonas,Selva Norte,Terrestre,Estándar,1070.08,5,4.22,3,3.54,Media,Sábado,Media,0
ORD-12657,2025-01-22,Ica,Costa Sur,Terrestre,Estándar,292.78,3,6.04,5,7.65,Media,Miércoles,Baja,1
ORD-12658,2025-04-09,Lima,Lima y Callao,Terrestre,Estándar,119.01,4,5.15,2,4.02,Media,Miércoles,Alta,1
ORD-12659,2025-09-03,Lambayeque,Costa Norte,Aéreo,Estándar,765.77,5,2.46,2,3.88,Media,Miércoles,Baja,0
ORD-12660,2025-02-28,Huánuco,Sierra Centro,Terrestre,Estándar,503.76,4,4.64,3,3.35,Baja,Viernes,Media,1
ORD-12661,2025-06-08,Ucayali,Selva Centro-Sur,Multimodal,Estándar,799.21,7,7.36,5,5.75,Baja,Domingo,Media,0
ORD-12662,2025-10-10,San Martín,Selva Norte,Multimodal,Estándar,1098.1,7,5.9,4,3.44,Baja,Viernes,Media,0
ORD-12663,2025-02-24,Arequipa,Costa Sur,Terrestre,Estándar,999.23,6,11.64,7,18.42,Media,Lunes,Alta,1
ORD-12664,2025-07-01,La Libertad,Costa Norte,Terrestre,Estándar,616.61,4,4.49,4,5.59,Media,Martes,Alta,0
ORD-12665,2025-03-20,Lima,Lima y Callao,Terrestre,Mismo Día,42.23,1,6.03,6,4.39,Media,Jueves,Media,0
ORD-12666,2025-07-15,Lima,Lima y Callao,Terrestre,Estándar,151.25,3,7.67,8,6.4,Baja,Martes,Media,0
ORD-12667,2025-03-29,Junín,Sierra Centro,Terrestre,Estándar,441.69,4,5.74,5,5.47,Baja,Sábado,Media,0
ORD-12668,2025-12-19,Lima,Lima y Callao,Terrestre,Estándar,124.47,3,6.41,4,8.49,Media,Viernes,Media,0
ORD-12669,2025-01-28,Arequipa,Costa Sur,Terrestre,Estándar,1087.66,7,5.68,5,5.61,Baja,Martes,Media,0
ORD-12670,2025-12-18,Ica,Costa Sur,Terrestre,Estándar,259.71,3,10.43,6,9.74,Media,Jueves,Alta,0
ORD-12671,2025-10-17,Lima,Lima y Callao,Terrestre,Estándar,86.11,3,6.29,6,5.43,Media,Viernes,Media,0
ORD-12672,2025-11-09,Lima,Lima y Callao,Terrestre,Estándar,68.95,4,7.95,6,9.81,Media,Domingo,Media,0
ORD-12673,2025-11-07,Pasco,Sierra Centro,Terrestre,Express,398.89,2,11.63,7,14.43,Media,Viernes,Alta,1
ORD-12674,2025-03-10,Apurímac,Sierra Sur,Terrestre,Express,798.72,3,2.87,3,5.12,Alta,Lunes,Baja,0
ORD-12675,2025-12-06,Cajamarca,Sierra Norte,Terrestre,Estándar,841.18,6,8.84,8,3.28,Baja,Sábado,Alta,0
ORD-12676,2025-08-05,Apurímac,Sierra Sur,Terrestre,Estándar,900.81,5,7.08,6,7.13,Alta,Martes,Alta,1
ORD-12677,2025-12-18,Callao,Lima y Callao,Terrestre,Estándar,19.49,2,5.83,2,1.83,Baja,Jueves,Alta,0
ORD-12678,2025-11-17,Amazonas,Selva Norte,Multimodal,Estándar,1172.71,6,6.84,3,5.03,Baja,Lunes,Alta,1
ORD-12679,2025-07-31,Lima,Lima y Callao,Terrestre,Mismo Día,63.73,1,8.15,3,3.97,Media,Jueves,Alta,0
ORD-12680,2025-05-17,Lima,Lima y Callao,Terrestre,Estándar,102.39,3,5.27,3,7.78,Baja,Sábado,Alta,1
ORD-12681,2025-02-12,Lima,Lima y Callao,Terrestre,Estándar,132.51,3,5.98,4,4.73,Media,Miércoles,Media,0
ORD-12682,2025-02-06,Junín,Sierra Centro,Terrestre,Estándar,381.04,4,6.45,7,9.08,Alta,Jueves,Media,0
ORD-12683,2025-05-23,Amazonas,Selva Norte,Terrestre,Estándar,1034.49,6,2.68,2,2.77,Media,Viernes,Media,0
ORD-12684,2025-10-24,Lima,Lima y Callao,Terrestre,Express,30.15,2,6.17,5,8.52,Media,Viernes,Alta,0
ORD-12685,2025-07-04,Apurímac,Sierra Sur,Terrestre,Estándar,747.91,5,7.02,6,4.72,Alta,Viernes,Media,0
ORD-12686,2025-06-25,Piura,Costa Norte,Terrestre,Estándar,898.28,5,4.17,4,3.4,Media,Miércoles,Baja,1
ORD-12687,2025-03-31,Áncash,Costa Norte,Terrestre,Express,426.58,2,7.77,8,7.11,Baja,Lunes,Media,1
ORD-12688,2025-07-26,Lima,Lima y Callao,Terrestre,Mismo Día,71.92,1,4.73,3,4.77,Alta,Sábado,Alta,0
ORD-12689,2025-08-21,Piura,Costa Norte,Terrestre,Express,929.88,3,4.44,4,7.4,Baja,Jueves,Baja,0
ORD-12690,2025-12-25,Lima,Lima y Callao,Terrestre,Express,58.11,2,7.3,4,4.88,Baja,Jueves,Alta,1
ORD-12691,2025-09-24,Lima,Lima y Callao,Terrestre,Estándar,149.78,3,8.0,6,9.35,Baja,Miércoles,Alta,0
ORD-12692,2025-08-10,Lima,Lima y Callao,Terrestre,Express,44.09,2,8.71,6,9.2,Media,Domingo,Alta,0
ORD-12693,2025-11-29,Arequipa,Costa Sur,Terrestre,Estándar,989.45,6,7.29,3,3.86,Media,Sábado,Alta,1
ORD-12694,2025-06-05,Lima,Lima y Callao,Terrestre,Mismo Día,83.11,1,4.74,4,5.03,Media,Jueves,Media,0
ORD-12695,2025-12-08,Piura,Costa Norte,Terrestre,Express,853.44,3,7.67,5,8.32,Media,Lunes,Alta,0
ORD-12696,2025-05-16,Tumbes,Costa Norte,Terrestre,Estándar,1346.47,7,5.33,3,8.18,Media,Viernes,Media,1
ORD-12697,2025-02-16,La Libertad,Costa Norte,Terrestre,Estándar,560.8,5,6.8,2,4.35,Alta,Domingo,Alta,0
ORD-12698,2025-06-02,Ica,Costa Sur,Terrestre,Estándar,311.34,4,10.92,7,14.09,Baja,Lunes,Alta,0
ORD-12699,2025-02-16,Lima,Lima y Callao,Terrestre,Estándar,98.81,3,6.94,4,11.88,Baja,Domingo,Alta,0
ORD-12700,2025-02-13,Lima,Lima y Callao,Terrestre,Estándar,121.76,3,7.57,7,6.47,Media,Jueves,Baja,0
ORD-12701,2025-11-18,Cusco,Sierra Sur,Terrestre,Estándar,1092.62,6,8.78,7,11.35,Baja,Martes,Media,1
ORD-12702,2025-10-18,Cajamarca,Sierra Norte,Terrestre,Estándar,940.28,5,7.09,5,11.22,Media,Sábado,Media,0
ORD-12703,2025-03-22,Cajamarca,Sierra Norte,Terrestre,Estándar,876.19,5,7.15,5,9.57,Media,Sábado,Alta,0
ORD-12704,2025-11-02,Lambayeque,Costa Norte,Terrestre,Express,781.98,3,9.42,7,6.41,Media,Domingo,Alta,1
ORD-12705,2025-01-26,Cajamarca,Sierra Norte,Aéreo,Estándar,925.21,5,6.2,6,5.56,Baja,Domingo,Alta,1
ORD-12706,2025-04-14,Áncash,Costa Norte,Terrestre,Estándar,424.92,4,7.78,6,14.83,Media,Lunes,Media,0
ORD-12707,2025-09-15,Apurímac,Sierra Sur,Terrestre,Express,863.71,3,4.18,2,3.35,Media,Lunes,Media,0
ORD-12708,2025-04-21,San Martín,Selva Norte,Terrestre,Express,1017.53,3,4.63,4,5.85,Alta,Lunes,Baja,0
ORD-12709,2025-09-24,Arequipa,Costa Sur,Terrestre,Estándar,982.31,6,5.05,3,3.77,Media,Miércoles,Alta,0
ORD-12710,2025-11-16,Arequipa,Costa Sur,Terrestre,Express,997.01,3,5.9,2,5.03,Media,Domingo,Alta,0
ORD-12711,2025-01-25,Lambayeque,Costa Norte,Aéreo,Estándar,711.24,5,6.62,5,9.68,Media,Sábado,Baja,0
ORD-12712,2025-01-09,Cusco,Sierra Sur,Terrestre,Estándar,1046.54,6,8.85,8,9.1,Baja,Jueves,Media,0
ORD-12713,2025-12-10,Tacna,Costa Sur,Terrestre,Estándar,1208.52,6,7.04,4,7.54,Media,Miércoles,Media,0
ORD-12714,2025-07-09,Puno,Sierra Sur,Aéreo,Express,1374.2,4,4.1,3,4.25,Media,Miércoles,Media,0
ORD-12715,2025-07-04,La Libertad,Costa Norte,Terrestre,Estándar,637.14,4,9.12,6,10.57,Baja,Viernes,Alta,1
ORD-12716,2025-06-19,Lambayeque,Costa Norte,Terrestre,Estándar,789.29,6,5.76,3,6.55,Media,Jueves,Baja,0
ORD-12717,2025-06-08,Junín,Sierra Centro,Aéreo,Express,394.6,2,6.84,5,10.72,Media,Domingo,Media,0
ORD-12718,2025-09-09,Áncash,Costa Norte,Terrestre,Estándar,300.59,3,5.42,7,3.96,Media,Martes,Baja,0
ORD-12719,2025-07-31,Huánuco,Sierra Centro,Terrestre,Express,389.5,2,7.16,5,7.52,Baja,Jueves,Media,0
ORD-12720,2025-03-01,Arequipa,Costa Sur,Terrestre,Estándar,1045.45,6,8.89,7,16.03,Media,Sábado,Baja,0
ORD-12721,2025-08-17,Arequipa,Costa Sur,Terrestre,Estándar,1065.47,6,2.43,2,1.75,Baja,Domingo,Media,0
ORD-12722,2025-09-01,Lima,Lima y Callao,Terrestre,Estándar,109.19,2,2.52,3,8.74,Media,Lunes,Baja,0
ORD-12723,2025-02-11,Arequipa,Costa Sur,Terrestre,Estándar,1039.47,6,9.04,8,12.39,Media,Martes,Media,0
ORD-12724,2025-05-18,Arequipa,Costa Sur,Aéreo,Estándar,1047.01,6,7.73,6,10.71,Media,Domingo,Media,0
ORD-12725,2025-10-16,Lambayeque,Costa Norte,Terrestre,Estándar,810.05,5,8.61,7,12.51,Media,Jueves,Alta,1
ORD-12726,2025-08-14,La Libertad,Costa Norte,Terrestre,Estándar,640.03,5,8.48,7,4.76,Media,Jueves,Alta,0
ORD-12727,2025-02-19,Ayacucho,Sierra Sur,Terrestre,Express,652.55,3,5.16,3,5.98,Media,Miércoles,Media,0
ORD-12728,2025-01-15,Amazonas,Selva Norte,Terrestre,Estándar,979.34,5,4.46,2,3.23,Media,Miércoles,Media,0
ORD-12729,2025-08-01,Callao,Lima y Callao,Terrestre,Estándar,17.23,3,4.03,4,3.91,Baja,Viernes,Media,0
ORD-12730,2025-06-18,Callao,Lima y Callao,Terrestre,Express,34.21,2,6.68,4,9.79,Media,Miércoles,Media,0
ORD-12731,2025-12-17,Loreto,Selva Norte,Multimodal,Estándar,1381.24,8,6.37,3,1.91,Media,Miércoles,Alta,1
ORD-12732,2025-07-10,Puno,Sierra Sur,Terrestre,Express,1420.13,4,8.26,4,4.09,Alta,Jueves,Alta,0
ORD-12733,2025-12-06,La Libertad,Costa Norte,Terrestre,Express,594.99,3,10.99,7,16.05,Baja,Sábado,Media,0
ORD-12734,2025-03-20,La Libertad,Costa Norte,Terrestre,Express,587.99,3,10.14,6,11.29,Media,Jueves,Alta,0
ORD-12735,2025-06-13,Lima,Lima y Callao,Terrestre,Estándar,117.69,3,6.77,6,6.09,Baja,Viernes,Media,0
ORD-12736,2025-02-20,Lima,Lima y Callao,Terrestre,Mismo Día,61.63,1,6.63,5,4.44,Alta,Jueves,Alta,0
ORD-12737,2025-07-29,Callao,Lima y Callao,Terrestre,Mismo Día,55.82,1,9.83,6,6.55,Media,Martes,Alta,1
ORD-12738,2025-03-10,Arequipa,Costa Sur,Terrestre,Estándar,968.19,6,3.42,3,4.43,Media,Lunes,Media,1
ORD-12739,2025-06-29,La Libertad,Costa Norte,Terrestre,Estándar,597.71,3,6.13,2,2.59,Media,Domingo,Alta,0
ORD-12740,2025-05-06,Lima,Lima y Callao,Terrestre,Estándar,76.83,3,3.31,2,2.83,Baja,Martes,Baja,0
ORD-12741,2025-03-09,Ayacucho,Sierra Sur,Terrestre,Express,588.67,3,7.31,5,6.86,Media,Domingo,Alta,1
ORD-12742,2025-02-05,Huánuco,Sierra Centro,Terrestre,Express,359.39,2,4.51,6,6.6,Alta,Miércoles,Baja,0
ORD-12743,2025-07-06,Huánuco,Sierra Centro,Terrestre,Estándar,428.63,3,7.83,5,5.36,Baja,Domingo,Alta,0
ORD-12744,2025-12-12,Cusco,Sierra Sur,Terrestre,Estándar,1031.8,5,6.25,4,3.2,Alta,Viernes,Alta,0
ORD-12745,2025-03-14,Lambayeque,Costa Norte,Terrestre,Estándar,765.33,5,3.49,2,2.61,Alta,Viernes,Alta,0
ORD-12746,2025-05-28,Lima,Lima y Callao,Terrestre,Estándar,118.28,3,4.77,4,5.15,Alta,Miércoles,Media,0
ORD-12747,2025-03-23,Lima,Lima y Callao,Terrestre,Express,29.68,2,4.73,4,3.52,Alta,Domingo,Baja,0
ORD-12748,2025-10-23,Callao,Lima y Callao,Terrestre,Express,35.31,2,6.32,5,7.19,Baja,Jueves,Media,0
ORD-12749,2025-06-01,Arequipa,Costa Sur,Terrestre,Estándar,931.38,5,7.0,5,10.84,Media,Domingo,Media,1
ORD-12750,2025-12-22,Madre de Dios,Selva Centro-Sur,Aéreo,Express,1399.72,4,2.86,3,4.16,Baja,Lunes,Baja,0
ORD-12751,2025-03-31,Lambayeque,Costa Norte,Terrestre,Estándar,817.21,5,4.5,3,5.08,Media,Lunes,Media,0
ORD-12752,2025-01-30,Arequipa,Costa Sur,Terrestre,Estándar,1124.57,6,6.33,4,7.79,Baja,Jueves,Baja,0
ORD-12753,2025-08-01,Cusco,Sierra Sur,Terrestre,Express,1170.11,4,5.27,4,5.09,Alta,Viernes,Media,0
ORD-12754,2025-08-26,Loreto,Selva Norte,Multimodal,Estándar,1291.36,8,4.45,3,5.48,Baja,Martes,Media,0
ORD-12755,2025-12-28,Lima,Lima y Callao,Terrestre,Express,105.98,2,8.48,6,2.77,Baja,Domingo,Alta,1
ORD-12756,2025-11-15,Piura,Costa Norte,Terrestre,Estándar,939.71,6,6.48,2,2.27,Baja,Sábado,Alta,1
ORD-12757,2025-11-19,Lima,Lima y Callao,Terrestre,Estándar,135.44,3,6.52,2,2.02,Media,Miércoles,Alta,0
ORD-12758,2025-08-20,La Libertad,Costa Norte,Aéreo,Estándar,603.07,4,8.9,6,14.29,Baja,Miércoles,Media,1
ORD-12759,2025-05-12,La Libertad,Costa Norte,Terrestre,Estándar,599.47,4,0.52,1,2.25,Baja,Lunes,Baja,0
ORD-12760,2025-06-06,Callao,Lima y Callao,Terrestre,Estándar,63.26,3,7.16,6,4.72,Baja,Viernes,Media,0
ORD-12761,2025-02-18,Lima,Lima y Callao,Terrestre,Estándar,126.15,3,5.88,4,3.52,Media,Martes,Alta,1
ORD-12762,2025-06-07,Lima,Lima y Callao,Terrestre,Mismo Día,155.58,1,4.94,3,2.48,Alta,Sábado,Alta,0
ORD-12763,2025-05-14,Cajamarca,Sierra Norte,Terrestre,Express,800.13,3,4.6,4,5.86,Media,Miércoles,Media,0
ORD-12764,2025-01-14,Piura,Costa Norte,Terrestre,Express,929.92,3,9.36,9,11.99,Baja,Martes,Baja,0
ORD-12765,2025-03-16,Junín,Sierra Centro,Terrestre,Express,338.87,2,8.86,6,6.33,Baja,Domingo,Alta,1
ORD-12766,2025-07-15,Apurímac,Sierra Sur,Terrestre,Estándar,847.76,5,7.09,5,4.42,Baja,Martes,Alta,0
ORD-12767,2025-05-15,Ica,Costa Sur,Terrestre,Estándar,291.55,3,6.3,3,4.0,Media,Jueves,Alta,0
ORD-12768,2025-12-29,Piura,Costa Norte,Terrestre,Estándar,937.47,5,12.4,6,23.49,Baja,Lunes,Media,0
ORD-12769,2025-06-24,Puno,Sierra Sur,Aéreo,Estándar,1427.98,8,6.95,7,7.42,Baja,Martes,Baja,0
ORD-12770,2025-12-16,Lima,Lima y Callao,Terrestre,Mismo Día,58.59,1,9.17,5,10.71,Baja,Martes,Alta,0
ORD-12771,2025-08-30,Tacna,Costa Sur,Terrestre,Estándar,1345.11,7,8.28,8,8.64,Media,Sábado,Media,0
ORD-12772,2025-01-15,Piura,Costa Norte,Terrestre,Estándar,1026.7,6,9.8,7,13.52,Media,Miércoles,Alta,0
ORD-12773,2025-03-16,Moquegua,Costa Sur,Terrestre,Express,1154.11,4,8.18,6,9.82,Baja,Domingo,Media,0
ORD-12774,2025-09-15,Piura,Costa Norte,Terrestre,Express,946.42,3,4.41,2,2.43,Media,Lunes,Media,0
ORD-12775,2025-07-18,Junín,Sierra Centro,Terrestre,Estándar,320.23,4,5.82,2,3.54,Media,Viernes,Alta,0
ORD-12776,2025-04-21,Lima,Lima y Callao,Terrestre,Express,46.57,2,11.09,9,18.95,Alta,Lunes,Media,0
ORD-12777,2025-07-10,Lima,Lima y Callao,Terrestre,Estándar,112.59,3,9.88,8,10.31,Baja,Jueves,Media,0
ORD-12778,2025-11-26,Lima,Lima y Callao,Terrestre,Estándar,82.89,2,8.12,6,7.11,Media,Miércoles,Alta,0
ORD-12779,2025-05-22,Callao,Lima y Callao,Terrestre,Estándar,15.46,4,2.83,1,1.58,Alta,Jueves,Baja,0
ORD-12780,2025-01-17,Lima,Lima y Callao,Terrestre,Estándar,163.06,3,8.75,5,13.24,Alta,Viernes,Media,0
ORD-12781,2025-04-24,Tacna,Costa Sur,Aéreo,Estándar,1340.84,7,7.39,5,4.23,Alta,Jueves,Alta,0
ORD-12782,2025-12-08,Huánuco,Sierra Centro,Terrestre,Estándar,524.84,4,9.34,8,5.68,Baja,Lunes,Alta,0
ORD-12783,2025-10-06,Ucayali,Selva Centro-Sur,Terrestre,Express,871.67,3,8.39,6,14.04,Alta,Lunes,Media,0
ORD-12784,2025-11-02,Junín,Sierra Centro,Terrestre,Estándar,459.81,3,6.31,5,4.97,Alta,Domingo,Alta,0
ORD-12785,2025-11-29,Callao,Lima y Callao,Terrestre,Express,26.71,2,7.19,5,10.8,Baja,Sábado,Media,0
ORD-12786,2025-02-12,Arequipa,Costa Sur,Terrestre,Estándar,969.71,7,7.84,5,5.26,Baja,Miércoles,Alta,1
ORD-12787,2025-04-14,Lima,Lima y Callao,Terrestre,Express,135.86,2,6.02,6,6.22,Alta,Lunes,Media,0
ORD-12788,2025-01-22,Lima,Lima y Callao,Terrestre,Estándar,136.14,4,9.39,4,8.28,Baja,Miércoles,Alta,0
ORD-12789,2025-01-02,Huánuco,Sierra Centro,Terrestre,Estándar,465.24,4,6.72,4,7.37,Media,Jueves,Alta,0
ORD-12790,2025-11-01,Lima,Lima y Callao,Terrestre,Express,45.22,2,3.82,4,3.5,Media,Sábado,Baja,0
ORD-12791,2025-12-08,Ica,Costa Sur,Terrestre,Estándar,277.29,3,8.94,5,8.55,Media,Lunes,Alta,0
ORD-12792,2025-02-26,Lambayeque,Costa Norte,Terrestre,Estándar,812.03,5,3.64,2,1.91,Baja,Miércoles,Media,0
ORD-12793,2025-09-21,Piura,Costa Norte,Terrestre,Estándar,1025.28,6,11.41,9,13.86,Media,Domingo,Media,1
ORD-12794,2025-07-15,Lima,Lima y Callao,Terrestre,Estándar,71.87,3,7.07,4,5.3,Media,Martes,Alta,0
ORD-12795,2025-01-26,Lima,Lima y Callao,Terrestre,Express,33.06,2,3.62,4,5.21,Alta,Domingo,Baja,0
ORD-12796,2025-12-01,Lima,Lima y Callao,Terrestre,Express,102.94,2,5.65,3,2.96,Baja,Lunes,Alta,0
ORD-12797,2025-11-15,Ucayali,Selva Centro-Sur,Multimodal,Estándar,944.52,6,8.43,7,4.15,Baja,Sábado,Media,0
ORD-12798,2025-07-27,Cusco,Sierra Sur,Terrestre,Estándar,1047.7,6,8.38,4,4.03,Baja,Domingo,Alta,1
ORD-12799,2025-09-16,Cusco,Sierra Sur,Terrestre,Estándar,1077.89,7,5.6,3,5.48,Baja,Martes,Alta,0
ORD-12800,2025-05-25,Arequipa,Costa Sur,Terrestre,Estándar,1128.6,7,3.45,2,2.99,Alta,Domingo,Media,0
ORD-12801,2025-10-17,Lima,Lima y Callao,Terrestre,Express,61.14,2,7.63,6,5.3,Baja,Viernes,Media,0
ORD-12802,2025-06-12,Lima,Lima y Callao,Terrestre,Estándar,92.91,3,8.72,6,12.15,Baja,Jueves,Media,0
ORD-12803,2025-12-28,Lima,Lima y Callao,Terrestre,Estándar,96.87,2,7.53,6,9.16,Alta,Domingo,Media,0
ORD-12804,2025-01-24,Ica,Costa Sur,Terrestre,Estándar,298.18,3,8.55,9,14.75,Baja,Viernes,Baja,0
ORD-12805,2025-03-04,Áncash,Costa Norte,Terrestre,Estándar,481.12,3,5.09,5,4.42,Baja,Martes,Media,0
ORD-12806,2025-12-20,Lima,Lima y Callao,Terrestre,Estándar,96.24,2,11.9,6,16.74,Media,Sábado,Alta,0
ORD-12807,2025-04-16,Ucayali,Selva Centro-Sur,Terrestre,Estándar,886.3,5,8.07,8,12.58,Media,Miércoles,Media,0
ORD-12808,2025-04-24,Huánuco,Sierra Centro,Terrestre,Estándar,406.83,5,8.87,6,14.77,Alta,Jueves,Media,0
ORD-12809,2025-10-16,Callao,Lima y Callao,Terrestre,Express,48.88,2,4.66,4,4.04,Media,Jueves,Media,0
ORD-12810,2025-03-11,Cusco,Sierra Sur,Terrestre,Estándar,982.44,5,1.61,2,1.22,Baja,Martes,Baja,0
ORD-12811,2025-07-07,La Libertad,Costa Norte,Terrestre,Express,541.13,2,7.29,5,4.68,Media,Lunes,Alta,0
ORD-12812,2025-04-15,Cusco,Sierra Sur,Terrestre,Estándar,1059.37,6,7.96,6,12.35,Alta,Martes,Baja,0
ORD-12813,2025-03-14,Junín,Sierra Centro,Terrestre,Estándar,375.51,4,6.01,5,4.1,Media,Viernes,Media,1
ORD-12814,2025-12-18,Lima,Lima y Callao,Terrestre,Express,175.9,2,5.66,2,5.38,Media,Jueves,Media,0
ORD-12815,2025-03-14,Junín,Sierra Centro,Terrestre,Express,397.88,2,4.22,4,3.81,Media,Viernes,Media,0
ORD-12816,2025-02-04,La Libertad,Costa Norte,Terrestre,Express,660.73,3,6.89,7,10.73,Media,Martes,Media,0
ORD-12817,2025-09-03,Áncash,Costa Norte,Terrestre,Estándar,395.36,4,5.99,3,4.45,Media,Miércoles,Alta,0
ORD-12818,2025-11-13,Puno,Sierra Sur,Terrestre,Estándar,1363.21,7,7.12,4,4.74,Baja,Jueves,Alta,0
ORD-12819,2025-02-16,La Libertad,Costa Norte,Terrestre,Express,695.57,3,6.05,4,4.68,Media,Domingo,Alta,0
ORD-12820,2025-09-16,Ica,Costa Sur,Aéreo,Express,286.99,2,2.39,3,2.72,Baja,Martes,Media,0
ORD-12821,2025-07-17,Arequipa,Costa Sur,Terrestre,Estándar,1066.42,6,5.64,2,5.94,Media,Jueves,Media,0
ORD-12822,2025-10-30,Lima,Lima y Callao,Terrestre,Express,88.24,2,9.14,9,14.19,Media,Jueves,Alta,0
ORD-12823,2025-02-16,Piura,Costa Norte,Terrestre,Estándar,926.67,5,4.44,4,3.09,Media,Domingo,Baja,0
ORD-12824,2025-12-23,Áncash,Costa Norte,Terrestre,Estándar,426.67,4,5.81,2,1.68,Baja,Martes,Alta,0
ORD-12825,2025-08-14,Ayacucho,Sierra Sur,Terrestre,Estándar,575.66,5,6.06,4,6.46,Alta,Jueves,Media,0
ORD-12826,2025-11-04,Ayacucho,Sierra Sur,Aéreo,Estándar,508.91,4,8.95,6,7.7,Media,Martes,Alta,0
ORD-12827,2025-05-13,Lima,Lima y Callao,Terrestre,Mismo Día,60.08,1,2.6,4,2.23,Baja,Martes,Media,0
ORD-12828,2025-12-11,Puno,Sierra Sur,Terrestre,Estándar,1299.69,7,10.04,6,23.35,Baja,Jueves,Media,1
ORD-12829,2025-08-17,La Libertad,Costa Norte,Terrestre,Express,598.94,3,5.05,6,2.5,Media,Domingo,Media,0
ORD-12830,2025-02-16,Ica,Costa Sur,Terrestre,Estándar,339.33,4,8.27,6,6.44,Baja,Domingo,Media,0
ORD-12831,2025-12-03,Lima,Lima y Callao,Terrestre,Mismo Día,75.63,1,6.35,2,2.91,Alta,Miércoles,Alta,0
ORD-12832,2025-10-18,Lima,Lima y Callao,Terrestre,Express,127.56,2,6.22,4,4.28,Media,Sábado,Alta,0
ORD-12833,2025-04-20,Cusco,Sierra Sur,Terrestre,Estándar,1072.31,6,5.26,4,7.43,Baja,Domingo,Media,0
ORD-12834,2025-07-19,Cajamarca,Sierra Norte,Terrestre,Estándar,766.97,4,6.66,3,4.7,Media,Sábado,Alta,0
ORD-12835,2025-05-22,Junín,Sierra Centro,Terrestre,Estándar,320.39,4,7.39,4,5.52,Baja,Jueves,Alta,0
ORD-12836,2025-07-18,Lima,Lima y Callao,Terrestre,Estándar,145.06,3,5.24,3,3.82,Baja,Viernes,Media,0
ORD-12837,2025-12-19,Lima,Lima y Callao,Terrestre,Estándar,96.15,3,5.06,4,6.65,Media,Viernes,Media,0
ORD-12838,2025-11-25,Lima,Lima y Callao,Terrestre,Express,144.62,2,5.26,3,3.66,Baja,Martes,Baja,0
ORD-12839,2025-03-20,Moquegua,Costa Sur,Terrestre,Express,1122.18,4,7.28,7,4.74,Alta,Jueves,Media,0
ORD-12840,2025-12-21,Cusco,Sierra Sur,Terrestre,Estándar,1108.09,5,8.51,5,9.87,Media,Domingo,Alta,0
ORD-12841,2025-06-09,Ica,Costa Sur,Terrestre,Express,321.82,2,9.8,7,19.42,Baja,Lunes,Baja,0
ORD-12842,2025-09-15,Áncash,Costa Norte,Terrestre,Express,520.32,2,10.34,7,9.28,Alta,Lunes,Alta,1
ORD-12843,2025-10-06,Piura,Costa Norte,Terrestre,Estándar,871.84,6,3.87,3,4.26,Media,Lunes,Baja,1
ORD-12844,2025-06-26,Lima,Lima y Callao,Terrestre,Express,150.87,2,5.7,4,5.55,Baja,Jueves,Media,0
ORD-12845,2025-06-16,Huánuco,Sierra Centro,Terrestre,Express,451.39,2,5.96,4,2.75,Media,Lunes,Media,0
ORD-12846,2025-06-16,Arequipa,Costa Sur,Aéreo,Estándar,1073.37,5,6.65,5,5.21,Alta,Lunes,Alta,1
ORD-12847,2025-11-11,Lima,Lima y Callao,Terrestre,Estándar,90.07,3,8.6,7,12.63,Media,Martes,Media,1
ORD-12848,2025-05-22,Lima,Lima y Callao,Terrestre,Express,92.06,2,5.03,4,5.88,Media,Jueves,Media,0
ORD-12849,2025-04-13,Lima,Lima y Callao,Terrestre,Express,72.99,2,7.54,3,8.46,Media,Domingo,Alta,0
ORD-12850,2025-05-12,Callao,Lima y Callao,Terrestre,Estándar,56.34,3,4.55,2,3.64,Baja,Lunes,Media,0
ORD-12851,2025-03-13,Puno,Sierra Sur,Terrestre,Express,1316.55,4,7.68,7,7.41,Baja,Jueves,Media,1
ORD-12852,2025-05-23,Lima,Lima y Callao,Terrestre,Estándar,85.03,3,8.33,6,10.5,Media,Viernes,Alta,0
ORD-12853,2025-02-11,Lima,Lima y Callao,Terrestre,Express,91.61,2,4.99,2,2.58,Alta,Martes,Media,0
ORD-12854,2025-02-02,Lima,Lima y Callao,Terrestre,Estándar,112.37,3,4.99,4,2.52,Media,Domingo,Alta,0
ORD-12855,2025-09-22,Puno,Sierra Sur,Terrestre,Express,1356.25,4,6.7,5,10.37,Baja,Lunes,Media,1
ORD-12856,2025-01-29,San Martín,Selva Norte,Terrestre,Estándar,1127.75,6,5.97,5,8.22,Media,Miércoles,Media,0
ORD-12857,2025-07-27,Lima,Lima y Callao,Terrestre,Estándar,84.38,3,9.77,3,14.27,Baja,Domingo,Alta,1
ORD-12858,2025-10-12,La Libertad,Costa Norte,Terrestre,Estándar,631.1,5,7.34,7,7.21,Media,Domingo,Media,0
ORD-12859,2025-09-22,Junín,Sierra Centro,Terrestre,Express,391.32,2,10.15,7,12.47,Media,Lunes,Media,0
ORD-12860,2025-06-12,Madre de Dios,Selva Centro-Sur,Terrestre,Estándar,1294.74,6,5.52,5,4.76,Baja,Jueves,Baja,0
ORD-12861,2025-03-12,Lima,Lima y Callao,Terrestre,Estándar,123.98,3,7.82,7,6.26,Alta,Miércoles,Alta,0
ORD-12862,2025-12-06,Arequipa,Costa Sur,Terrestre,Estándar,1020.97,5,13.43,7,24.73,Media,Sábado,Alta,1
ORD-12863,2025-11-01,Ayacucho,Sierra Sur,Aéreo,Express,571.23,3,6.81,5,2.76,Media,Sábado,Alta,0
ORD-12864,2025-08-12,Puno,Sierra Sur,Terrestre,Express,1399.13,4,6.49,4,5.39,Alta,Martes,Media,0
ORD-12865,2025-02-01,Piura,Costa Norte,Terrestre,Estándar,894.99,6,11.19,7,19.63,Media,Sábado,Media,0
ORD-12866,2025-01-13,San Martín,Selva Norte,Multimodal,Express,1021.3,4,4.08,5,3.45,Alta,Lunes,Media,0
ORD-12867,2025-04-26,La Libertad,Costa Norte,Terrestre,Express,650.56,3,4.63,3,3.11,Alta,Sábado,Media,0
ORD-12868,2025-02-27,Lima,Lima y Callao,Terrestre,Mismo Día,79.83,1,11.95,10,18.75,Media,Jueves,Media,0
ORD-12869,2025-11-11,Moquegua,Costa Sur,Aéreo,Express,1142.09,4,3.39,4,2.93,Baja,Martes,Baja,0
ORD-12870,2025-03-17,Ica,Costa Sur,Terrestre,Estándar,366.32,4,6.64,6,9.03,Baja,Lunes,Media,1
ORD-12871,2025-04-14,Ayacucho,Sierra Sur,Terrestre,Estándar,578.57,4,4.75,4,3.81,Alta,Lunes,Media,0
ORD-12872,2025-12-23,Ucayali,Selva Centro-Sur,Terrestre,Express,736.25,3,7.45,5,11.37,Baja,Martes,Alta,1
ORD-12873,2025-10-26,Áncash,Costa Norte,Terrestre,Express,354.07,2,7.51,5,11.34,Alta,Domingo,Media,0
ORD-12874,2025-03-21,Lima,Lima y Callao,Terrestre,Mismo Día,61.08,1,6.8,6,6.43,Media,Viernes,Media,0
ORD-12875,2025-05-20,Lima,Lima y Callao,Terrestre,Mismo Día,110.23,1,5.57,4,1.72,Media,Martes,Alta,0
ORD-12876,2025-07-08,Lima,Lima y Callao,Terrestre,Express,116.9,2,7.59,4,6.41,Media,Martes,Alta,0
ORD-12877,2025-08-31,Cusco,Sierra Sur,Terrestre,Estándar,1074.3,5,7.18,4,8.34,Alta,Domingo,Alta,0
ORD-12878,2025-12-08,Lima,Lima y Callao,Terrestre,Mismo Día,62.28,1,7.61,5,8.19,Baja,Lunes,Alta,0
ORD-12879,2025-11-14,Callao,Lima y Callao,Terrestre,Express,40.5,2,10.24,9,13.41,Media,Viernes,Media,1
ORD-12880,2025-12-23,Moquegua,Costa Sur,Terrestre,Estándar,1065.85,6,5.86,3,4.51,Alta,Martes,Alta,0
ORD-12881,2025-01-15,Callao,Lima y Callao,Terrestre,Estándar,47.78,2,7.98,8,8.35,Baja,Miércoles,Baja,0
ORD-12882,2025-03-28,Lima,Lima y Callao,Terrestre,Estándar,97.23,3,6.98,6,5.63,Baja,Viernes,Alta,0
ORD-12883,2025-07-25,Lima,Lima y Callao,Terrestre,Estándar,21.74,3,8.72,6,8.39,Alta,Viernes,Alta,0
ORD-12884,2025-01-18,Callao,Lima y Callao,Terrestre,Express,55.57,2,10.8,9,10.46,Alta,Sábado,Alta,0
ORD-12885,2025-05-10,Cusco,Sierra Sur,Terrestre,Express,1120.35,4,6.43,7,11.94,Baja,Sábado,Baja,1
ORD-12886,2025-02-26,Lima,Lima y Callao,Terrestre,Mismo Día,67.96,1,4.4,5,4.55,Media,Miércoles,Baja,0
ORD-12887,2025-12-07,Arequipa,Costa Sur,Terrestre,Express,1035.03,3,5.47,2,2.47,Baja,Domingo,Alta,0
ORD-12888,2025-01-24,Callao,Lima y Callao,Terrestre,Estándar,43.94,4,9.0,8,10.54,Baja,Viernes,Media,0
ORD-12889,2025-02-24,Lambayeque,Costa Norte,Terrestre,Estándar,744.14,5,6.78,6,5.49,Media,Lunes,Media,0
ORD-12890,2025-03-13,San Martín,Selva Norte,Terrestre,Estándar,1013.96,6,6.17,7,4.44,Baja,Jueves,Media,0
ORD-12891,2025-02-24,Lima,Lima y Callao,Terrestre,Estándar,104.99,3,3.73,3,5.13,Media,Lunes,Media,1
ORD-12892,2025-07-27,La Libertad,Costa Norte,Terrestre,Estándar,680.74,6,5.7,5,3.59,Baja,Domingo,Media,0
ORD-12893,2025-05-13,Tumbes,Costa Norte,Terrestre,Estándar,1276.07,5,6.41,5,6.9,Alta,Martes,Media,0
ORD-12894,2025-11-30,Lambayeque,Costa Norte,Terrestre,Estándar,789.88,5,6.88,5,7.87,Media,Domingo,Media,1
ORD-12895,2025-04-06,La Libertad,Costa Norte,Terrestre,Estándar,629.46,4,7.85,7,16.47,Baja,Domingo,Baja,1
ORD-12896,2025-07-16,La Libertad,Costa Norte,Terrestre,Express,606.08,3,8.6,3,10.97,Alta,Miércoles,Media,0
ORD-12897,2025-08-29,Ica,Costa Sur,Terrestre,Estándar,244.13,2,6.67,5,11.45,Alta,Viernes,Media,0
ORD-12898,2025-08-17,Ica,Costa Sur,Terrestre,Estándar,285.29,4,6.74,6,5.6,Baja,Domingo,Alta,0
ORD-12899,2025-10-18,Lima,Lima y Callao,Terrestre,Estándar,137.91,3,6.77,5,5.93,Alta,Sábado,Alta,0
ORD-12900,2025-03-15,Áncash,Costa Norte,Terrestre,Estándar,465.91,3,7.56,4,6.06,Baja,Sábado,Alta,0
ORD-12901,2025-07-05,Lima,Lima y Callao,Terrestre,Estándar,144.1,3,10.33,7,8.7,Baja,Sábado,Alta,0
ORD-12902,2025-10-20,Callao,Lima y Callao,Terrestre,Express,24.0,2,6.83,4,5.4,Media,Lunes,Media,0
ORD-12903,2025-11-12,Junín,Sierra Centro,Terrestre,Estándar,366.18,3,8.35,5,10.87,Baja,Miércoles,Alta,1
ORD-12904,2025-08-14,Ayacucho,Sierra Sur,Terrestre,Express,627.31,3,3.31,3,4.3,Media,Jueves,Baja,0
ORD-12905,2025-08-26,Lima,Lima y Callao,Terrestre,Mismo Día,56.96,1,7.83,5,9.86,Media,Martes,Media,0
ORD-12906,2025-11-12,Lima,Lima y Callao,Terrestre,Express,55.84,2,3.87,3,2.82,Alta,Miércoles,Media,0
ORD-12907,2025-08-17,Junín,Sierra Centro,Terrestre,Estándar,411.11,4,6.96,3,4.95,Baja,Domingo,Alta,1
ORD-12908,2025-12-13,Cajamarca,Sierra Norte,Terrestre,Estándar,919.12,5,6.05,5,3.22,Baja,Sábado,Media,1
ORD-12909,2025-02-16,Callao,Lima y Callao,Terrestre,Express,46.07,2,8.83,6,12.42,Media,Domingo,Alta,0
ORD-12910,2025-05-07,Madre de Dios,Selva Centro-Sur,Aéreo,Express,1167.43,4,5.42,6,7.09,Baja,Miércoles,Media,1
ORD-12911,2025-02-10,Cusco,Sierra Sur,Aéreo,Express,1062.8,3,8.8,7,5.18,Alta,Lunes,Alta,1
ORD-12912,2025-02-03,Lima,Lima y Callao,Terrestre,Estándar,22.23,2,7.67,4,4.37,Media,Lunes,Alta,0
ORD-12913,2025-06-22,Ica,Costa Sur,Terrestre,Estándar,257.38,3,5.3,2,3.34,Media,Domingo,Alta,1
ORD-12914,2025-03-24,Callao,Lima y Callao,Terrestre,Express,40.36,2,3.65,2,1.88,Media,Lunes,Media,0
ORD-12915,2025-05-29,Lima,Lima y Callao,Terrestre,Mismo Día,68.11,1,7.49,7,6.29,Baja,Jueves,Media,0
ORD-12916,2025-06-09,Lambayeque,Costa Norte,Terrestre,Express,854.6,3,6.69,6,6.76,Baja,Lunes,Baja,0
ORD-12917,2025-08-15,Áncash,Costa Norte,Terrestre,Estándar,411.59,4,11.84,10,17.49,Media,Viernes,Baja,0
ORD-12918,2025-12-12,Tacna,Costa Sur,Terrestre,Estándar,1246.84,6,3.39,3,1.67,Alta,Viernes,Alta,0
ORD-12919,2025-11-07,Cajamarca,Sierra Norte,Aéreo,Express,775.97,3,5.9,4,6.24,Media,Viernes,Media,0
ORD-12920,2025-05-19,Junín,Sierra Centro,Aéreo,Express,400.2,2,7.06,7,7.59,Baja,Lunes,Media,0
ORD-12921,2025-04-29,Junín,Sierra Centro,Aéreo,Express,317.1,2,6.21,4,8.45,Media,Martes,Media,0
ORD-12922,2025-10-09,Lambayeque,Costa Norte,Terrestre,Express,750.55,3,11.13,9,13.3,Baja,Jueves,Alta,1
ORD-12923,2025-02-15,Lima,Lima y Callao,Terrestre,Mismo Día,78.83,1,6.87,5,11.63,Media,Sábado,Baja,0
ORD-12924,2025-07-17,Amazonas,Selva Norte,Terrestre,Estándar,1049.86,6,7.77,4,6.09,Baja,Jueves,Alta,1
ORD-12925,2025-06-04,San Martín,Selva Norte,Terrestre,Express,1111.37,4,1.67,2,1.83,Media,Miércoles,Media,0
ORD-12926,2025-03-08,Lima,Lima y Callao,Terrestre,Express,84.42,2,2.66,3,4.45,Media,Sábado,Media,0
ORD-12927,2025-08-14,San Martín,Selva Norte,Terrestre,Estándar,986.54,6,5.19,3,4.63,Alta,Jueves,Media,0
ORD-12928,2025-04-28,Madre de Dios,Selva Centro-Sur,Terrestre,Estándar,1323.33,7,3.96,2,1.9,Media,Lunes,Alta,0
ORD-12929,2025-03-09,Puno,Sierra Sur,Aéreo,Estándar,1348.03,7,6.93,3,2.83,Baja,Domingo,Alta,1
ORD-12930,2025-08-27,Lima,Lima y Callao,Terrestre,Estándar,96.86,3,4.59,3,1.78,Media,Miércoles,Media,0
ORD-12931,2025-03-05,Junín,Sierra Centro,Terrestre,Express,260.17,2,4.26,5,8.65,Media,Miércoles,Baja,0
ORD-12932,2025-09-03,La Libertad,Costa Norte,Terrestre,Estándar,626.9,4,7.04,8,9.51,Media,Miércoles,Baja,0
ORD-12933,2025-03-01,Lima,Lima y Callao,Terrestre,Express,65.32,2,5.74,3,3.1,Alta,Sábado,Alta,0
ORD-12934,2025-06-08,La Libertad,Costa Norte,Terrestre,Express,611.69,3,5.13,6,5.12,Alta,Domingo,Baja,1
ORD-12935,2025-10-22,Lima,Lima y Callao,Terrestre,Mismo Día,66.88,1,3.3,2,2.45,Baja,Miércoles,Media,0
ORD-12936,2025-03-25,Arequipa,Costa Sur,Terrestre,Estándar,1138.36,6,7.75,6,9.0,Media,Martes,Alta,0
ORD-12937,2025-10-08,Moquegua,Costa Sur,Terrestre,Estándar,1112.27,6,5.64,4,5.54,Media,Miércoles,Media,0
ORD-12938,2025-09-21,Callao,Lima y Callao,Terrestre,Estándar,63.14,3,7.29,5,5.53,Media,Domingo,Alta,0
ORD-12939,2025-11-26,San Martín,Selva Norte,Terrestre,Express,1212.75,4,6.85,5,4.0,Alta,Miércoles,Media,1
ORD-12940,2025-03-03,Cajamarca,Sierra Norte,Terrestre,Estándar,876.15,5,3.31,3,3.4,Media,Lunes,Baja,0
ORD-12941,2025-09-19,Ayacucho,Sierra Sur,Terrestre,Express,589.33,3,6.49,5,4.49,Media,Viernes,Alta,0
ORD-12942,2025-12-08,Loreto,Selva Norte,Aéreo,Express,1320.03,4,6.66,5,5.41,Alta,Lunes,Media,1
ORD-12943,2025-10-06,Madre de Dios,Selva Centro-Sur,Terrestre,Estándar,1460.68,7,7.22,4,6.42,Media,Lunes,Alta,0
ORD-12944,2025-03-10,Lima,Lima y Callao,Terrestre,Mismo Día,97.71,1,5.76,5,4.83,Baja,Lunes,Media,0
ORD-12945,2025-10-28,Tacna,Costa Sur,Terrestre,Estándar,1321.54,8,11.28,6,15.44,Alta,Martes,Alta,1
ORD-12946,2025-02-09,Cusco,Sierra Sur,Terrestre,Estándar,942.99,5,4.02,4,3.86,Media,Domingo,Media,0
ORD-12947,2025-08-03,Moquegua,Costa Sur,Terrestre,Estándar,1190.59,6,4.69,3,2.01,Media,Domingo,Media,0
ORD-12948,2025-07-01,Junín,Sierra Centro,Terrestre,Estándar,296.9,4,4.73,4,4.58,Media,Martes,Media,0
ORD-12949,2025-07-13,Lima,Lima y Callao,Terrestre,Mismo Día,29.58,1,6.72,3,3.04,Alta,Domingo,Alta,0
ORD-12950,2025-07-09,Lambayeque,Costa Norte,Terrestre,Express,761.16,3,7.74,3,16.88,Baja,Miércoles,Alta,1
ORD-12951,2025-01-12,Amazonas,Selva Norte,Terrestre,Estándar,1101.87,6,2.26,2,2.3,Media,Domingo,Baja,0
ORD-12952,2025-07-05,Lima,Lima y Callao,Terrestre,Express,136.87,2,7.47,4,2.67,Media,Sábado,Alta,0
ORD-12953,2025-12-08,Lima,Lima y Callao,Terrestre,Express,118.94,2,6.9,4,5.13,Alta,Lunes,Alta,0
ORD-12954,2025-06-09,Cajamarca,Sierra Norte,Terrestre,Estándar,836.43,5,7.31,5,6.03,Baja,Lunes,Alta,1
ORD-12955,2025-04-12,San Martín,Selva Norte,Terrestre,Estándar,1058.13,6,4.83,5,3.78,Baja,Sábado,Baja,0
ORD-12956,2025-12-30,Lima,Lima y Callao,Terrestre,Estándar,117.52,3,6.72,7,9.57,Alta,Martes,Media,1
ORD-12957,2025-02-06,Callao,Lima y Callao,Terrestre,Mismo Día,40.72,1,5.18,2,3.05,Media,Jueves,Alta,0
ORD-12958,2025-06-27,Lima,Lima y Callao,Terrestre,Express,52.38,2,5.28,5,6.26,Media,Viernes,Media,0
ORD-12959,2025-07-07,Callao,Lima y Callao,Terrestre,Express,35.59,2,9.46,6,6.24,Media,Lunes,Alta,0
ORD-12960,2025-06-24,Arequipa,Costa Sur,Terrestre,Express,1033.55,3,6.98,5,4.74,Media,Martes,Alta,0
ORD-12961,2025-12-03,Lima,Lima y Callao,Terrestre,Estándar,158.19,3,7.36,6,5.5,Media,Miércoles,Media,0
ORD-12962,2025-06-03,Arequipa,Costa Sur,Terrestre,Express,1039.28,3,3.54,5,3.66,Media,Martes,Baja,0
ORD-12963,2025-12-22,Arequipa,Costa Sur,Terrestre,Express,920.62,3,6.5,3,7.36,Media,Lunes,Media,0
ORD-12964,2025-01-25,Lima,Lima y Callao,Terrestre,Estándar,107.61,3,15.73,9,31.34,Baja,Sábado,Alta,1
ORD-12965,2025-09-25,Apurímac,Sierra Sur,Terrestre,Estándar,813.61,5,4.09,3,2.59,Alta,Jueves,Alta,0
ORD-12966,2025-08-05,Loreto,Selva Norte,Multimodal,Express,1573.8,5,9.8,9,8.34,Baja,Martes,Alta,1
ORD-12967,2025-03-29,Loreto,Selva Norte,Aéreo,Estándar,1321.23,7,3.06,1,1.07,Alta,Sábado,Media,0
ORD-12968,2025-03-25,Ayacucho,Sierra Sur,Terrestre,Estándar,572.39,4,6.15,3,5.37,Baja,Martes,Alta,0
ORD-12969,2025-09-20,Lima,Lima y Callao,Terrestre,Estándar,82.79,3,5.47,4,3.7,Baja,Sábado,Media,0
ORD-12970,2025-08-21,Arequipa,Costa Sur,Terrestre,Estándar,981.85,7,4.26,3,4.88,Baja,Jueves,Media,0
ORD-12971,2025-08-12,Lima,Lima y Callao,Terrestre,Estándar,60.07,3,10.54,7,10.19,Baja,Martes,Alta,0
ORD-12972,2025-01-19,Arequipa,Costa Sur,Terrestre,Express,1025.62,3,6.76,3,3.41,Media,Domingo,Alta,0
ORD-12973,2025-08-07,San Martín,Selva Norte,Terrestre,Estándar,1153.06,7,8.96,8,17.34,Media,Jueves,Media,1
ORD-12974,2025-12-25,Callao,Lima y Callao,Terrestre,Mismo Día,56.8,1,6.99,5,5.34,Alta,Jueves,Media,0
ORD-12975,2025-01-07,Lima,Lima y Callao,Terrestre,Express,76.52,2,6.08,2,2.61,Media,Martes,Alta,0
ORD-12976,2025-06-21,Ayacucho,Sierra Sur,Terrestre,Estándar,541.88,4,7.13,5,3.43,Media,Sábado,Alta,0
ORD-12977,2025-06-30,Callao,Lima y Callao,Terrestre,Mismo Día,38.97,1,3.03,2,1.05,Media,Lunes,Media,0
ORD-12978,2025-11-24,Lambayeque,Costa Norte,Aéreo,Estándar,776.85,5,7.46,6,11.69,Alta,Lunes,Media,0
ORD-12979,2025-04-14,Lima,Lima y Callao,Terrestre,Express,55.34,2,5.12,3,2.66,Baja,Lunes,Alta,0
ORD-12980,2025-06-23,Ucayali,Selva Centro-Sur,Aéreo,Express,1001.83,3,4.66,4,8.42,Media,Lunes,Baja,0
ORD-12981,2025-09-19,Áncash,Costa Norte,Aéreo,Estándar,519.39,4,6.48,6,6.26,Baja,Viernes,Baja,0
ORD-12982,2025-01-23,Amazonas,Selva Norte,Terrestre,Estándar,966.34,6,5.15,3,3.78,Baja,Jueves,Media,0
ORD-12983,2025-10-20,Junín,Sierra Centro,Terrestre,Estándar,413.95,4,4.19,3,3.92,Media,Lunes,Media,0
ORD-12984,2025-10-28,Junín,Sierra Centro,Terrestre,Estándar,386.67,5,6.4,8,7.54,Baja,Martes,Baja,0
ORD-12985,2025-09-20,Piura,Costa Norte,Terrestre,Express,932.84,3,2.75,4,2.44,Baja,Sábado,Media,0
ORD-12986,2025-08-25,Puno,Sierra Sur,Aéreo,Express,1389.0,4,5.32,4,3.52,Alta,Lunes,Media,0
ORD-12987,2025-09-30,Piura,Costa Norte,Aéreo,Estándar,908.11,5,4.39,3,2.38,Baja,Martes,Media,0
ORD-12988,2025-10-13,Ayacucho,Sierra Sur,Terrestre,Estándar,542.68,4,4.69,4,4.76,Media,Lunes,Alta,1
ORD-12989,2025-11-26,La Libertad,Costa Norte,Terrestre,Estándar,707.71,5,7.39,3,6.47,Media,Miércoles,Alta,1
ORD-12990,2025-06-06,Lima,Lima y Callao,Terrestre,Estándar,99.63,3,5.42,2,2.14,Alta,Viernes,Alta,0
ORD-12991,2025-06-16,Ica,Costa Sur,Terrestre,Estándar,272.18,3,0.5,2,2.63,Media,Lunes,Baja,0
ORD-12992,2025-08-21,Lima,Lima y Callao,Terrestre,Mismo Día,81.16,1,3.55,4,5.54,Baja,Jueves,Baja,0
ORD-12993,2025-03-12,Cusco,Sierra Sur,Terrestre,Estándar,1190.45,6,9.33,7,6.27,Alta,Miércoles,Media,0
ORD-12994,2025-11-09,Ica,Costa Sur,Terrestre,Estándar,288.71,3,8.34,5,7.16,Media,Domingo,Alta,0
ORD-12995,2025-10-09,Piura,Costa Norte,Terrestre,Estándar,1039.93,6,10.07,7,13.75,Baja,Jueves,Baja,0
ORD-12996,2025-08-19,Cusco,Sierra Sur,Terrestre,Estándar,1153.45,7,8.2,7,9.49,Media,Martes,Media,0
ORD-12997,2025-04-21,Tacna,Costa Sur,Aéreo,Estándar,1295.05,7,10.29,10,11.57,Media,Lunes,Baja,0
ORD-12998,2025-05-07,Huánuco,Sierra Centro,Terrestre,Estándar,495.03,4,5.97,7,5.8,Media,Miércoles,Baja,0
ORD-12999,2025-06-08,Áncash,Costa Norte,Terrestre,Estándar,439.06,4,7.91,8,8.97,Media,Domingo,Media,0
ORD-13000,2025-08-30,Cusco,Sierra Sur,Terrestre,Estándar,1122.5,6,5.1,6,5.42,Baja,Sábado,Media,0
ORD-13001,2025-10-11,Cajamarca,Sierra Norte,Terrestre,Estándar,867.61,4,5.28,5,4.74,Media,Sábado,Baja,0
ORD-13002,2025-09-03,Lima,Lima y Callao,Terrestre,Express,30.92,2,6.03,7,7.94,Alta,Miércoles,Baja,0
ORD-13003,2025-12-06,Arequipa,Costa Sur,Terrestre,Estándar,967.01,7,5.65,6,6.48,Media,Sábado,Baja,0
ORD-13004,2025-12-17,Lima,Lima y Callao,Terrestre,Estándar,97.47,3,6.5,4,7.59,Alta,Miércoles,Alta,0
ORD-13005,2025-09-15,Piura,Costa Norte,Terrestre,Estándar,1009.71,6,4.08,3,2.6,Baja,Lunes,Media,0
ORD-13006,2025-05-16,Junín,Sierra Centro,Terrestre,Estándar,405.96,3,7.86,6,8.51,Media,Viernes,Media,0
ORD-13007,2025-08-07,Cajamarca,Sierra Norte,Terrestre,Estándar,902.58,5,2.21,2,1.93,Alta,Jueves,Baja,0
ORD-13008,2025-06-05,La Libertad,Costa Norte,Terrestre,Estándar,557.74,4,8.26,7,6.0,Media,Jueves,Alta,0
ORD-13009,2025-08-18,Lima,Lima y Callao,Terrestre,Estándar,19.91,4,11.6,9,14.1,Baja,Lunes,Media,0
ORD-13010,2025-10-24,Lima,Lima y Callao,Terrestre,Express,117.79,2,6.84,7,10.25,Media,Viernes,Media,0
ORD-13011,2025-05-15,Arequipa,Costa Sur,Terrestre,Express,1022.19,3,6.42,4,3.6,Baja,Jueves,Media,0
ORD-13012,2025-07-04,Lima,Lima y Callao,Terrestre,Estándar,117.87,3,3.26,3,1.36,Media,Viernes,Media,0
ORD-13013,2025-01-17,Lambayeque,Costa Norte,Terrestre,Express,747.07,3,8.91,7,13.55,Alta,Viernes,Media,1
ORD-13014,2025-09-26,Ica,Costa Sur,Aéreo,Express,286.19,2,6.37,3,5.3,Media,Viernes,Alta,0
ORD-13015,2025-06-28,Arequipa,Costa Sur,Terrestre,Estándar,1095.87,6,11.26,7,13.84,Baja,Sábado,Alta,1
ORD-13016,2025-06-17,Ucayali,Selva Centro-Sur,Terrestre,Express,807.38,3,3.52,3,6.02,Baja,Martes,Media,0
ORD-13017,2025-07-14,Cajamarca,Sierra Norte,Terrestre,Estándar,798.23,5,9.02,6,7.09,Media,Lunes,Alta,1
ORD-13018,2025-03-20,Callao,Lima y Callao,Terrestre,Estándar,46.38,2,8.48,10,10.02,Media,Jueves,Baja,0
ORD-13019,2025-08-07,Ayacucho,Sierra Sur,Terrestre,Express,628.76,3,9.69,10,5.61,Baja,Jueves,Media,0
ORD-13020,2025-09-29,Lima,Lima y Callao,Terrestre,Estándar,150.81,3,4.65,5,6.19,Media,Lunes,Baja,0
ORD-13021,2025-05-08,La Libertad,Costa Norte,Terrestre,Express,673.42,3,4.22,5,5.27,Baja,Jueves,Media,0
ORD-13022,2025-02-17,Cusco,Sierra Sur,Terrestre,Estándar,1116.57,6,5.75,3,2.7,Media,Lunes,Alta,0
ORD-13023,2025-05-22,La Libertad,Costa Norte,Terrestre,Estándar,537.94,5,6.8,7,4.46,Media,Jueves,Media,0
ORD-13024,2025-03-14,Lima,Lima y Callao,Terrestre,Estándar,83.93,3,8.38,5,3.86,Baja,Viernes,Alta,0
ORD-13025,2025-05-17,Cusco,Sierra Sur,Terrestre,Estándar,1164.08,5,6.19,5,3.22,Media,Sábado,Media,0
ORD-13026,2025-08-17,Puno,Sierra Sur,Terrestre,Estándar,1349.4,7,5.05,4,7.4,Media,Domingo,Media,0
ORD-13027,2025-02-11,Huánuco,Sierra Centro,Terrestre,Estándar,562.96,4,7.9,6,11.65,Media,Martes,Baja,0
ORD-13028,2025-09-30,Callao,Lima y Callao,Terrestre,Express,46.33,2,10.24,9,7.86,Media,Martes,Alta,0
ORD-13029,2025-03-23,Tacna,Costa Sur,Terrestre,Express,1253.6,4,10.9,8,16.48,Media,Domingo,Media,1
ORD-13030,2025-11-23,Loreto,Selva Norte,Multimodal,Estándar,1373.2,8,8.79,8,10.2,Baja,Domingo,Media,1
ORD-13031,2025-09-25,Ica,Costa Sur,Terrestre,Estándar,312.77,4,5.96,4,9.41,Alta,Jueves,Media,0
ORD-13032,2025-04-10,Pasco,Sierra Centro,Terrestre,Estándar,283.14,2,7.89,6,8.99,Alta,Jueves,Media,0
ORD-13033,2025-07-25,Lima,Lima y Callao,Terrestre,Mismo Día,71.58,1,10.96,7,10.76,Baja,Viernes,Alta,0
ORD-13034,2025-02-10,Junín,Sierra Centro,Terrestre,Estándar,398.73,5,4.49,5,6.99,Alta,Lunes,Media,0
ORD-13035,2025-02-06,Pasco,Sierra Centro,Terrestre,Estándar,301.37,3,11.4,10,8.57,Media,Jueves,Alta,1
ORD-13036,2025-12-15,Lima,Lima y Callao,Terrestre,Express,71.94,2,4.64,4,2.86,Baja,Lunes,Media,0
ORD-13037,2025-10-20,Huánuco,Sierra Centro,Aéreo,Estándar,493.98,4,7.31,6,8.04,Media,Lunes,Media,0
ORD-13038,2025-02-26,Lima,Lima y Callao,Terrestre,Express,116.86,2,2.97,3,3.91,Baja,Miércoles,Media,0
ORD-13039,2025-04-14,Junín,Sierra Centro,Terrestre,Estándar,367.89,4,8.43,4,15.26,Media,Lunes,Media,0
ORD-13040,2025-03-14,Amazonas,Selva Norte,Terrestre,Estándar,1278.82,6,8.5,5,8.23,Alta,Viernes,Alta,0
ORD-13041,2025-05-25,Tacna,Costa Sur,Terrestre,Estándar,1397.97,6,3.2,4,3.25,Media,Domingo,Baja,0
ORD-13042,2025-04-17,Lima,Lima y Callao,Terrestre,Estándar,83.29,3,5.4,5,5.67,Media,Jueves,Baja,0
ORD-13043,2025-04-30,Lima,Lima y Callao,Terrestre,Express,50.4,2,7.51,7,7.42,Baja,Miércoles,Media,0
ORD-13044,2025-07-13,Lima,Lima y Callao,Terrestre,Express,116.49,2,8.59,5,6.17,Media,Domingo,Alta,1
ORD-13045,2025-03-11,Lima,Lima y Callao,Terrestre,Estándar,60.92,4,3.38,5,3.55,Alta,Martes,Baja,0
ORD-13046,2025-11-19,Huánuco,Sierra Centro,Terrestre,Estándar,524.52,5,7.4,7,12.18,Baja,Miércoles,Baja,0
ORD-13047,2025-09-23,Tumbes,Costa Norte,Terrestre,Express,1277.66,4,7.42,6,6.3,Media,Martes,Alta,0
ORD-13048,2025-10-05,Lima,Lima y Callao,Terrestre,Express,76.2,2,5.55,4,6.56,Media,Domingo,Media,0
ORD-13049,2025-03-03,Lima,Lima y Callao,Terrestre,Express,91.23,2,9.46,8,7.21,Media,Lunes,Media,0
ORD-13050,2025-09-16,Lambayeque,Costa Norte,Terrestre,Estándar,786.3,4,7.33,5,5.15,Media,Martes,Alta,1
ORD-13051,2025-11-02,Huancavelica,Sierra Centro,Terrestre,Express,597.77,3,6.49,2,3.46,Media,Domingo,Alta,0
ORD-13052,2025-03-05,Arequipa,Costa Sur,Terrestre,Estándar,975.01,6,5.81,5,2.53,Media,Miércoles,Alta,1
ORD-13053,2025-10-02,Junín,Sierra Centro,Terrestre,Estándar,448.97,4,4.39,4,7.32,Media,Jueves,Baja,0
ORD-13054,2025-05-11,Cajamarca,Sierra Norte,Terrestre,Estándar,784.42,5,2.55,2,4.84,Media,Domingo,Baja,0
ORD-13055,2025-10-15,Lima,Lima y Callao,Terrestre,Estándar,115.97,2,2.74,1,2.61,Media,Miércoles,Media,0
ORD-13056,2025-06-24,Piura,Costa Norte,Terrestre,Estándar,1046.04,7,6.95,6,5.0,Media,Martes,Media,0
ORD-13057,2025-10-20,Huánuco,Sierra Centro,Terrestre,Estándar,451.7,4,3.74,1,1.65,Alta,Lunes,Alta,0
ORD-13058,2025-02-23,Ica,Costa Sur,Terrestre,Estándar,248.03,3,1.39,1,1.12,Baja,Domingo,Baja,0
ORD-13059,2025-05-23,Lima,Lima y Callao,Terrestre,Estándar,121.1,3,7.35,7,4.57,Baja,Viernes,Media,0
ORD-13060,2025-04-10,Cajamarca,Sierra Norte,Terrestre,Estándar,959.43,5,4.36,2,2.4,Alta,Jueves,Alta,0
ORD-13061,2025-04-01,San Martín,Selva Norte,Terrestre,Express,1050.32,3,3.86,2,1.29,Baja,Martes,Alta,0
ORD-13062,2025-04-23,Junín,Sierra Centro,Terrestre,Estándar,367.9,4,2.33,1,1.39,Alta,Miércoles,Media,0
ORD-13063,2025-05-20,Arequipa,Costa Sur,Terrestre,Express,1066.89,3,8.25,5,8.74,Media,Martes,Media,0
ORD-13064,2025-02-16,Cajamarca,Sierra Norte,Terrestre,Estándar,835.2,4,8.9,6,12.39,Alta,Domingo,Media,0
ORD-13065,2025-09-16,San Martín,Selva Norte,Multimodal,Express,1114.44,5,10.75,8,11.67,Media,Martes,Media,1
ORD-13066,2025-07-20,Cusco,Sierra Sur,Terrestre,Estándar,1048.87,6,6.18,6,6.06,Alta,Domingo,Media,0
ORD-13067,2025-10-30,Lima,Lima y Callao,Terrestre,Estándar,52.36,4,3.71,3,3.49,Media,Jueves,Baja,0
ORD-13068,2025-09-15,Cajamarca,Sierra Norte,Terrestre,Estándar,956.2,5,4.99,4,5.34,Media,Lunes,Media,0
ORD-13069,2025-02-24,Callao,Lima y Callao,Terrestre,Express,32.7,2,6.01,4,9.38,Media,Lunes,Media,0
ORD-13070,2025-01-26,Piura,Costa Norte,Terrestre,Estándar,1051.24,6,1.64,1,2.81,Baja,Domingo,Media,0
ORD-13071,2025-06-04,Cajamarca,Sierra Norte,Terrestre,Estándar,899.99,5,6.3,5,6.21,Baja,Miércoles,Baja,0
ORD-13072,2025-06-25,Áncash,Costa Norte,Terrestre,Express,417.34,2,8.87,7,13.09,Alta,Miércoles,Alta,0
ORD-13073,2025-03-29,Lima,Lima y Callao,Terrestre,Express,78.79,2,6.55,5,4.97,Baja,Sábado,Media,0
ORD-13074,2025-10-13,Piura,Costa Norte,Aéreo,Estándar,952.56,6,6.95,6,8.79,Media,Lunes,Media,1
ORD-13075,2025-08-01,Ica,Costa Sur,Aéreo,Express,328.01,2,5.03,6,6.37,Media,Viernes,Baja,0
ORD-13076,2025-10-01,Ayacucho,Sierra Sur,Aéreo,Estándar,641.88,5,7.55,6,7.65,Media,Miércoles,Alta,0
ORD-13077,2025-02-09,Ucayali,Selva Centro-Sur,Aéreo,Estándar,955.08,5,7.21,7,5.88,Alta,Domingo,Media,0
ORD-13078,2025-10-25,Lima,Lima y Callao,Terrestre,Estándar,78.59,3,4.29,4,2.41,Baja,Sábado,Media,0
ORD-13079,2025-03-17,Piura,Costa Norte,Terrestre,Estándar,932.84,5,3.96,3,2.17,Media,Lunes,Media,0
ORD-13080,2025-06-13,Lima,Lima y Callao,Terrestre,Estándar,38.43,4,6.07,5,7.53,Media,Viernes,Alta,0
ORD-13081,2025-06-10,Lima,Lima y Callao,Terrestre,Express,117.01,2,1.39,3,2.52,Baja,Martes,Baja,0
ORD-13082,2025-10-27,Junín,Sierra Centro,Terrestre,Estándar,354.41,5,5.08,7,7.37,Baja,Lunes,Baja,0
ORD-13083,2025-04-12,Ica,Costa Sur,Aéreo,Estándar,294.64,3,6.49,4,7.46,Media,Sábado,Media,1
ORD-13084,2025-03-29,Lima,Lima y Callao,Terrestre,Estándar,82.91,3,11.26,8,15.39,Baja,Sábado,Media,0
ORD-13085,2025-05-04,Lima,Lima y Callao,Terrestre,Express,79.48,2,4.39,2,1.7,Alta,Domingo,Alta,0
ORD-13086,2025-05-12,San Martín,Selva Norte,Multimodal,Express,1128.73,5,5.84,5,2.52,Media,Lunes,Media,1
ORD-13087,2025-03-08,Lima,Lima y Callao,Terrestre,Estándar,96.63,3,7.26,5,4.25,Baja,Sábado,Alta,0
ORD-13088,2025-03-06,Huánuco,Sierra Centro,Terrestre,Estándar,568.17,4,7.62,4,5.24,Baja,Jueves,Alta,0
ORD-13089,2025-03-26,Lambayeque,Costa Norte,Terrestre,Estándar,743.48,5,4.75,2,3.6,Baja,Miércoles,Media,0
ORD-13090,2025-06-20,Lima,Lima y Callao,Terrestre,Estándar,92.96,3,4.31,6,4.51,Media,Viernes,Baja,0
ORD-13091,2025-05-06,La Libertad,Costa Norte,Terrestre,Estándar,552.6,4,6.03,7,4.18,Media,Martes,Baja,0
ORD-13092,2025-05-24,Loreto,Selva Norte,Aéreo,Express,1532.98,4,6.18,3,2.74,Baja,Sábado,Alta,1
ORD-13093,2025-09-20,Lima,Lima y Callao,Terrestre,Estándar,97.45,3,7.04,4,3.91,Media,Sábado,Alta,1
ORD-13094,2025-03-29,Amazonas,Selva Norte,Terrestre,Express,1090.89,3,8.93,5,15.34,Media,Sábado,Media,1
ORD-13095,2025-11-29,Lima,Lima y Callao,Terrestre,Express,120.73,2,5.54,2,2.94,Media,Sábado,Alta,0
ORD-13096,2025-10-02,Lima,Lima y Callao,Terrestre,Estándar,81.61,3,6.56,3,4.97,Baja,Jueves,Alta,0
ORD-13097,2025-03-05,Puno,Sierra Sur,Terrestre,Express,1308.26,4,4.03,2,4.3,Baja,Miércoles,Alta,0
ORD-13098,2025-04-25,La Libertad,Costa Norte,Terrestre,Express,609.37,3,1.33,2,2.23,Media,Viernes,Baja,0
ORD-13099,2025-03-08,Lima,Lima y Callao,Terrestre,Express,35.18,2,7.37,5,6.18,Media,Sábado,Media,0
ORD-13100,2025-04-10,Lambayeque,Costa Norte,Terrestre,Estándar,836.19,5,6.73,3,4.24,Media,Jueves,Alta,0
ORD-13101,2025-05-14,Lima,Lima y Callao,Terrestre,Estándar,110.87,3,6.05,3,5.27,Baja,Miércoles,Media,0
ORD-13102,2025-02-17,Arequipa,Costa Sur,Terrestre,Express,1056.79,3,6.42,4,4.9,Baja,Lunes,Alta,1
ORD-13103,2025-01-06,Piura,Costa Norte,Terrestre,Estándar,1032.55,5,9.14,8,15.15,Media,Lunes,Media,1
ORD-13104,2025-06-10,Puno,Sierra Sur,Terrestre,Estándar,1428.31,7,5.72,4,7.73,Baja,Martes,Media,0
ORD-13105,2025-09-13,Lima,Lima y Callao,Terrestre,Estándar,79.54,3,9.14,7,7.2,Media,Sábado,Media,0
ORD-13106,2025-04-21,Lima,Lima y Callao,Terrestre,Express,44.06,2,11.71,11,18.1,Media,Lunes,Media,1
ORD-13107,2025-11-11,Arequipa,Costa Sur,Terrestre,Estándar,999.0,7,9.06,6,8.45,Baja,Martes,Alta,0
ORD-13108,2025-05-15,Lima,Lima y Callao,Terrestre,Estándar,145.78,4,15.37,9,34.64,Media,Jueves,Baja,1
ORD-13109,2025-11-25,La Libertad,Costa Norte,Terrestre,Express,685.63,3,5.49,3,5.54,Baja,Martes,Media,0
ORD-13110,2025-03-28,Lima,Lima y Callao,Terrestre,Estándar,115.79,3,5.03,5,6.91,Media,Viernes,Baja,0
ORD-13111,2025-07-16,Apurímac,Sierra Sur,Aéreo,Express,802.56,3,5.42,3,2.85,Baja,Miércoles,Media,0
ORD-13112,2025-10-06,Lima,Lima y Callao,Terrestre,Estándar,55.01,3,3.48,4,3.17,Media,Lunes,Baja,0
ORD-13113,2025-01-22,Huancavelica,Sierra Centro,Terrestre,Estándar,583.98,4,11.93,9,13.56,Media,Miércoles,Alta,1
ORD-13114,2025-12-06,Lima,Lima y Callao,Terrestre,Estándar,47.72,4,5.29,5,3.11,Baja,Sábado,Alta,0
ORD-13115,2025-05-14,Lima,Lima y Callao,Terrestre,Estándar,94.05,3,6.01,5,12.08,Media,Miércoles,Media,0
ORD-13116,2025-07-01,Callao,Lima y Callao,Terrestre,Mismo Día,34.89,1,5.62,5,2.38,Media,Martes,Media,0
ORD-13117,2025-08-18,La Libertad,Costa Norte,Terrestre,Express,591.23,3,7.39,6,4.5,Alta,Lunes,Media,0
ORD-13118,2025-08-23,Pasco,Sierra Centro,Terrestre,Estándar,363.49,4,4.83,4,7.72,Baja,Sábado,Baja,0
ORD-13119,2025-01-09,Lima,Lima y Callao,Terrestre,Estándar,153.2,3,5.12,4,4.78,Baja,Jueves,Media,0
ORD-13120,2025-11-13,Arequipa,Costa Sur,Terrestre,Estándar,1060.22,7,6.64,3,4.12,Media,Jueves,Alta,0
ORD-13121,2025-08-16,La Libertad,Costa Norte,Terrestre,Estándar,610.82,4,3.59,1,1.28,Alta,Sábado,Alta,0
ORD-13122,2025-12-31,Ica,Costa Sur,Terrestre,Estándar,288.87,3,7.52,6,7.11,Media,Miércoles,Alta,0
ORD-13123,2025-06-22,Lima,Lima y Callao,Terrestre,Express,139.5,2,8.44,5,7.93,Media,Domingo,Alta,0
ORD-13124,2025-08-12,Lima,Lima y Callao,Terrestre,Express,93.43,2,5.92,5,4.55,Media,Martes,Media,1
ORD-13125,2025-06-10,Áncash,Costa Norte,Terrestre,Express,414.92,2,5.4,4,4.55,Baja,Martes,Media,0
ORD-13126,2025-11-21,Lima,Lima y Callao,Terrestre,Estándar,104.94,3,8.06,6,7.6,Media,Viernes,Alta,0
ORD-13127,2025-10-31,Lima,Lima y Callao,Terrestre,Express,60.23,2,11.09,8,8.78,Media,Viernes,Alta,1
ORD-13128,2025-11-28,Lima,Lima y Callao,Terrestre,Express,33.63,2,5.94,4,6.82,Media,Viernes,Media,0
ORD-13129,2025-07-04,Arequipa,Costa Sur,Aéreo,Estándar,1077.53,6,11.4,7,10.1,Media,Viernes,Alta,0
ORD-13130,2025-10-16,Huánuco,Sierra Centro,Terrestre,Express,480.68,2,5.08,6,7.06,Media,Jueves,Media,0
ORD-13131,2025-05-11,La Libertad,Costa Norte,Terrestre,Express,572.63,3,4.72,6,3.33,Media,Domingo,Baja,0
ORD-13132,2025-06-18,Callao,Lima y Callao,Terrestre,Mismo Día,31.54,1,7.29,4,8.22,Media,Miércoles,Media,0
ORD-13133,2025-10-05,La Libertad,Costa Norte,Terrestre,Express,704.72,3,3.01,3,2.48,Baja,Domingo,Baja,0
ORD-13134,2025-01-30,Arequipa,Costa Sur,Terrestre,Estándar,1034.88,6,3.27,3,7.97,Alta,Jueves,Media,0
ORD-13135,2025-09-17,Arequipa,Costa Sur,Terrestre,Estándar,1035.15,7,3.04,4,3.06,Media,Miércoles,Baja,0
ORD-13136,2025-01-06,Lima,Lima y Callao,Terrestre,Estándar,35.47,3,6.46,6,8.07,Alta,Lunes,Baja,0
ORD-13137,2025-07-31,Cusco,Sierra Sur,Terrestre,Estándar,1203.06,6,10.29,7,11.09,Media,Jueves,Media,1
ORD-13138,2025-06-24,Lima,Lima y Callao,Terrestre,Estándar,136.36,2,7.03,5,5.51,Baja,Martes,Alta,0
ORD-13139,2025-06-21,Apurímac,Sierra Sur,Terrestre,Express,870.75,3,7.2,5,6.95,Media,Sábado,Media,1
ORD-13140,2025-06-30,Lima,Lima y Callao,Terrestre,Express,68.08,2,5.28,5,5.2,Media,Lunes,Baja,0
ORD-13141,2025-06-29,La Libertad,Costa Norte,Terrestre,Express,636.3,3,6.37,4,11.27,Baja,Domingo,Media,0
ORD-13142,2025-05-29,Loreto,Selva Norte,Aéreo,Express,1551.3,4,6.86,5,6.65,Media,Jueves,Media,1
ORD-13143,2025-06-14,Lima,Lima y Callao,Terrestre,Estándar,118.36,3,6.58,3,4.07,Media,Sábado,Alta,1
ORD-13144,2025-07-27,Junín,Sierra Centro,Terrestre,Estándar,471.16,3,8.42,7,9.39,Baja,Domingo,Media,0
ORD-13145,2025-10-06,Lima,Lima y Callao,Terrestre,Estándar,99.69,4,5.35,4,8.08,Alta,Lunes,Media,0
ORD-13146,2025-07-21,Callao,Lima y Callao,Terrestre,Estándar,32.55,2,6.02,4,5.74,Baja,Lunes,Alta,0
ORD-13147,2025-08-23,Lima,Lima y Callao,Terrestre,Mismo Día,85.56,1,5.71,4,5.58,Media,Sábado,Media,0
ORD-13148,2025-11-02,Arequipa,Costa Sur,Terrestre,Estándar,1068.4,6,6.9,5,3.28,Media,Domingo,Alta,0
ORD-13149,2025-12-28,La Libertad,Costa Norte,Terrestre,Express,586.77,3,7.14,4,8.43,Media,Domingo,Media,0
ORD-13150,2025-02-09,Callao,Lima y Callao,Terrestre,Estándar,28.38,3,9.34,9,12.81,Baja,Domingo,Baja,0
ORD-13151,2025-09-18,Piura,Costa Norte,Terrestre,Estándar,1000.13,6,6.89,6,5.89,Media,Jueves,Media,0
ORD-13152,2025-03-24,La Libertad,Costa Norte,Terrestre,Express,606.47,3,7.03,6,8.29,Media,Lunes,Media,1
ORD-13153,2025-03-13,Lima,Lima y Callao,Terrestre,Express,122.92,2,3.95,3,6.66,Alta,Jueves,Media,0
ORD-13154,2025-10-17,Junín,Sierra Centro,Terrestre,Express,311.41,2,6.93,5,8.02,Media,Viernes,Media,0
ORD-13155,2025-01-26,Huancavelica,Sierra Centro,Terrestre,Estándar,493.87,5,5.36,3,8.78,Baja,Domingo,Baja,0
ORD-13156,2025-11-06,Callao,Lima y Callao,Terrestre,Express,30.17,2,11.7,6,10.58,Media,Jueves,Alta,0
ORD-13157,2025-10-09,Puno,Sierra Sur,Terrestre,Estándar,1403.49,8,1.8,2,1.45,Baja,Jueves,Baja,0
ORD-13158,2025-12-30,Loreto,Selva Norte,Multimodal,Estándar,1501.11,8,5.81,4,8.45,Media,Martes,Media,1
ORD-13159,2025-09-01,Ayacucho,Sierra Sur,Terrestre,Estándar,609.57,5,2.95,3,2.1,Media,Lunes,Media,0
ORD-13160,2025-11-15,Lima,Lima y Callao,Terrestre,Express,83.71,2,7.0,3,6.68,Media,Sábado,Alta,0
ORD-13161,2025-02-13,La Libertad,Costa Norte,Terrestre,Estándar,567.1,4,7.5,6,10.59,Alta,Jueves,Baja,0
ORD-13162,2025-11-21,Áncash,Costa Norte,Terrestre,Estándar,446.03,3,11.55,6,15.06,Media,Viernes,Alta,1
ORD-13163,2025-02-28,Lima,Lima y Callao,Terrestre,Express,168.32,2,7.74,5,7.52,Alta,Viernes,Media,0
ORD-13164,2025-04-25,Ayacucho,Sierra Sur,Terrestre,Express,660.28,3,4.78,3,4.2,Media,Viernes,Media,0
ORD-13165,2025-02-16,Callao,Lima y Callao,Terrestre,Express,27.96,2,6.4,4,8.56,Baja,Domingo,Alta,0
ORD-13166,2025-05-27,Lima,Lima y Callao,Terrestre,Estándar,98.18,3,7.89,8,5.62,Media,Martes,Media,0
ORD-13167,2025-10-01,Cusco,Sierra Sur,Terrestre,Estándar,1023.19,6,8.22,8,9.66,Media,Miércoles,Alta,1
ORD-13168,2025-04-08,Piura,Costa Norte,Terrestre,Express,878.14,3,7.72,6,6.2,Alta,Martes,Alta,1
ORD-13169,2025-10-28,Lima,Lima y Callao,Terrestre,Estándar,53.09,3,9.22,8,7.86,Baja,Martes,Alta,0
ORD-13170,2025-08-10,Moquegua,Costa Sur,Terrestre,Estándar,1091.52,6,6.88,6,5.46,Media,Domingo,Media,0
ORD-13171,2025-08-18,Lima,Lima y Callao,Terrestre,Estándar,55.2,3,6.57,5,6.63,Alta,Lunes,Media,0
ORD-13172,2025-12-09,Piura,Costa Norte,Terrestre,Express,1013.92,3,7.6,6,9.98,Baja,Martes,Media,1
ORD-13173,2025-06-07,Junín,Sierra Centro,Terrestre,Express,337.67,2,5.93,5,11.82,Media,Sábado,Baja,0
ORD-13174,2025-05-06,Lima,Lima y Callao,Terrestre,Estándar,114.31,4,4.39,3,3.72,Media,Martes,Media,0
ORD-13175,2025-12-30,Lima,Lima y Callao,Terrestre,Estándar,149.86,3,9.07,6,6.17,Baja,Martes,Alta,0
ORD-13176,2025-07-23,Puno,Sierra Sur,Terrestre,Estándar,1376.08,7,5.0,3,1.17,Baja,Miércoles,Media,0
ORD-13177,2025-08-13,Cajamarca,Sierra Norte,Terrestre,Estándar,886.1,5,9.19,7,16.0,Alta,Miércoles,Media,1
ORD-13178,2025-04-19,Lima,Lima y Callao,Terrestre,Mismo Día,113.38,1,2.28,2,1.52,Baja,Sábado,Baja,0
ORD-13179,2025-03-20,Lima,Lima y Callao,Terrestre,Estándar,40.34,4,4.56,4,5.94,Media,Jueves,Media,0
ORD-13180,2025-03-03,Junín,Sierra Centro,Terrestre,Estándar,356.03,4,6.73,5,6.91,Media,Lunes,Alta,0
ORD-13181,2025-03-23,Piura,Costa Norte,Terrestre,Estándar,965.21,7,6.52,5,9.21,Media,Domingo,Alta,1
ORD-13182,2025-03-13,Junín,Sierra Centro,Terrestre,Estándar,421.74,4,5.94,6,5.41,Media,Jueves,Media,0
ORD-13183,2025-09-30,Cajamarca,Sierra Norte,Terrestre,Estándar,951.52,6,6.61,4,6.25,Baja,Martes,Media,0
ORD-13184,2025-01-22,Lima,Lima y Callao,Terrestre,Express,128.08,2,11.07,7,17.1,Alta,Miércoles,Media,1
ORD-13185,2025-08-18,La Libertad,Costa Norte,Terrestre,Estándar,636.28,4,4.06,3,4.34,Baja,Lunes,Baja,0
ORD-13186,2025-12-13,Áncash,Costa Norte,Terrestre,Estándar,419.55,5,7.81,4,3.89,Baja,Sábado,Alta,0
ORD-13187,2025-10-07,Arequipa,Costa Sur,Aéreo,Estándar,1071.01,6,3.73,3,2.09,Alta,Martes,Baja,0
ORD-13188,2025-05-28,Callao,Lima y Callao,Terrestre,Estándar,59.67,3,10.8,8,17.96,Media,Miércoles,Media,0
ORD-13189,2025-01-22,Lima,Lima y Callao,Terrestre,Express,83.94,2,3.74,5,5.05,Baja,Miércoles,Media,0
ORD-13190,2025-11-01,Piura,Costa Norte,Aéreo,Estándar,1077.2,6,7.59,4,4.14,Alta,Sábado,Media,1
ORD-13191,2025-01-02,Lima,Lima y Callao,Terrestre,Estándar,132.85,3,11.58,6,21.77,Baja,Jueves,Alta,0
ORD-13192,2025-09-06,Arequipa,Costa Sur,Terrestre,Estándar,1016.79,6,8.02,5,9.36,Baja,Sábado,Alta,1
ORD-13193,2025-09-02,Lima,Lima y Callao,Terrestre,Estándar,34.85,3,10.59,6,11.74,Media,Martes,Alta,1
ORD-13194,2025-03-12,Piura,Costa Norte,Aéreo,Estándar,926.77,5,10.23,8,19.4,Media,Miércoles,Baja,0
ORD-13195,2025-09-28,Lima,Lima y Callao,Terrestre,Estándar,116.98,4,6.75,2,1.66,Alta,Domingo,Alta,1
ORD-13196,2025-03-06,Huánuco,Sierra Centro,Terrestre,Express,404.02,2,6.72,5,11.78,Media,Jueves,Media,0
ORD-13197,2025-03-24,Arequipa,Costa Sur,Terrestre,Estándar,1011.36,7,12.31,9,22.54,Alta,Lunes,Baja,0
ORD-13198,2025-10-24,Puno,Sierra Sur,Terrestre,Estándar,1382.44,7,3.17,2,2.18,Baja,Viernes,Media,0
ORD-13199,2025-12-24,Piura,Costa Norte,Terrestre,Estándar,1033.59,7,8.73,5,8.54,Media,Miércoles,Alta,0
ORD-13200,2025-04-07,Apurímac,Sierra Sur,Terrestre,Estándar,945.78,5,7.0,6,10.71,Baja,Lunes,Media,0
ORD-13201,2025-12-03,Madre de Dios,Selva Centro-Sur,Terrestre,Express,1315.12,4,9.45,8,6.85,Alta,Miércoles,Alta,1
ORD-13202,2025-11-30,Arequipa,Costa Sur,Terrestre,Express,1003.45,3,9.85,5,8.99,Alta,Domingo,Alta,0
ORD-13203,2025-10-08,Arequipa,Costa Sur,Terrestre,Estándar,961.11,6,5.24,5,4.59,Media,Miércoles,Baja,1
ORD-13204,2025-02-21,Lima,Lima y Callao,Terrestre,Estándar,103.4,3,8.13,4,15.62,Alta,Viernes,Media,0
ORD-13205,2025-04-20,Lima,Lima y Callao,Terrestre,Express,53.29,2,3.05,4,5.5,Media,Domingo,Baja,0
ORD-13206,2025-09-05,La Libertad,Costa Norte,Terrestre,Express,619.12,3,7.43,6,9.45,Baja,Viernes,Alta,1
ORD-13207,2025-12-31,Puno,Sierra Sur,Terrestre,Estándar,1512.95,7,3.78,3,1.97,Media,Miércoles,Media,0
ORD-13208,2025-10-25,Pasco,Sierra Centro,Terrestre,Estándar,347.86,5,2.29,1,1.45,Alta,Sábado,Media,1
ORD-13209,2025-06-03,Arequipa,Costa Sur,Terrestre,Express,1036.65,3,7.22,6,12.63,Media,Martes,Baja,0
ORD-13210,2025-03-27,Lima,Lima y Callao,Terrestre,Estándar,104.32,3,3.37,3,2.33,Baja,Jueves,Baja,0
ORD-13211,2025-12-17,Lima,Lima y Callao,Terrestre,Estándar,125.11,3,8.86,7,6.6,Alta,Miércoles,Media,0
ORD-13212,2025-04-11,Lima,Lima y Callao,Terrestre,Express,79.82,2,7.74,6,5.48,Media,Viernes,Media,0
ORD-13213,2025-05-05,Ucayali,Selva Centro-Sur,Aéreo,Estándar,884.06,4,4.31,3,2.92,Media,Lunes,Media,0
ORD-13214,2025-12-19,Lima,Lima y Callao,Terrestre,Estándar,52.58,3,5.35,3,2.62,Media,Viernes,Alta,0
ORD-13215,2025-07-25,Arequipa,Costa Sur,Terrestre,Express,1031.81,3,8.3,6,11.44,Media,Viernes,Baja,1
ORD-13216,2025-04-07,Callao,Lima y Callao,Terrestre,Mismo Día,31.43,1,4.99,4,3.38,Media,Lunes,Media,0
ORD-13217,2025-01-02,Moquegua,Costa Sur,Terrestre,Express,1143.12,4,5.48,6,3.34,Baja,Jueves,Baja,1
ORD-13218,2025-06-06,Ucayali,Selva Centro-Sur,Aéreo,Estándar,952.81,5,5.22,3,3.16,Alta,Viernes,Media,0
ORD-13219,2025-12-26,Arequipa,Costa Sur,Terrestre,Estándar,921.48,5,6.49,5,6.52,Media,Viernes,Media,0
ORD-13220,2025-06-07,Arequipa,Costa Sur,Terrestre,Estándar,1024.27,6,5.77,3,4.55,Media,Sábado,Media,0
ORD-13221,2025-09-13,Lima,Lima y Callao,Terrestre,Estándar,52.23,3,4.42,5,4.28,Alta,Sábado,Media,0
ORD-13222,2025-04-03,Arequipa,Costa Sur,Terrestre,Estándar,985.64,5,6.15,3,3.09,Baja,Jueves,Alta,0
ORD-13223,2025-10-11,Arequipa,Costa Sur,Terrestre,Estándar,930.19,5,5.01,5,7.77,Alta,Sábado,Baja,0
ORD-13224,2025-10-11,Piura,Costa Norte,Terrestre,Express,916.7,3,6.9,5,8.78,Media,Sábado,Media,0
ORD-13225,2025-08-11,Loreto,Selva Norte,Multimodal,Estándar,1729.55,9,7.4,5,10.5,Alta,Lunes,Media,1
ORD-13226,2025-10-09,Piura,Costa Norte,Aéreo,Estándar,1092.68,7,7.96,7,10.4,Baja,Jueves,Media,0
ORD-13227,2025-07-31,Lima,Lima y Callao,Terrestre,Estándar,109.46,3,4.71,4,2.42,Media,Jueves,Media,0
ORD-13228,2025-05-19,Ica,Costa Sur,Terrestre,Estándar,304.08,3,2.5,3,2.83,Media,Lunes,Baja,0
ORD-13229,2025-09-27,Puno,Sierra Sur,Terrestre,Estándar,1424.13,7,6.35,4,8.71,Alta,Sábado,Media,0
ORD-13230,2025-11-01,Huánuco,Sierra Centro,Terrestre,Estándar,538.76,4,7.71,4,10.41,Alta,Sábado,Media,0
ORD-13231,2025-11-03,Cusco,Sierra Sur,Terrestre,Estándar,1065.19,6,8.74,4,4.87,Media,Lunes,Alta,1
ORD-13232,2025-03-19,Piura,Costa Norte,Terrestre,Estándar,880.43,6,4.65,2,2.75,Media,Miércoles,Alta,0
ORD-13233,2025-09-04,Lima,Lima y Callao,Terrestre,Estándar,108.15,3,1.3,1,1.36,Baja,Jueves,Media,0
ORD-13234,2025-01-02,Piura,Costa Norte,Terrestre,Estándar,1076.37,6,4.59,3,6.86,Media,Jueves,Baja,0
ORD-13235,2025-07-28,Cajamarca,Sierra Norte,Terrestre,Estándar,848.76,4,3.86,2,1.99,Alta,Lunes,Alta,0
ORD-13236,2025-07-28,San Martín,Selva Norte,Terrestre,Estándar,1076.86,6,7.53,3,8.64,Media,Lunes,Media,1
ORD-13237,2025-05-13,Lima,Lima y Callao,Terrestre,Express,73.17,2,5.01,3,3.84,Media,Martes,Media,0
ORD-13238,2025-12-29,Lima,Lima y Callao,Terrestre,Estándar,75.87,3,6.91,7,5.67,Alta,Lunes,Media,0
ORD-13239,2025-11-19,Puno,Sierra Sur,Terrestre,Estándar,1409.31,7,3.12,3,1.59,Baja,Miércoles,Media,0
ORD-13240,2025-01-15,Junín,Sierra Centro,Terrestre,Estándar,349.67,4,3.55,3,3.51,Media,Miércoles,Media,0
ORD-13241,2025-03-18,Lima,Lima y Callao,Terrestre,Express,147.65,2,3.06,2,2.7,Media,Martes,Baja,0
ORD-13242,2025-03-17,Lima,Lima y Callao,Terrestre,Express,118.88,2,5.18,6,6.47,Media,Lunes,Baja,0
ORD-13243,2025-11-24,Lima,Lima y Callao,Terrestre,Estándar,23.86,3,8.66,5,5.95,Media,Lunes,Alta,0
ORD-13244,2025-07-09,Piura,Costa Norte,Terrestre,Estándar,1018.9,6,13.22,8,17.02,Media,Miércoles,Alta,0
ORD-13245,2025-09-24,Lima,Lima y Callao,Terrestre,Estándar,116.48,3,7.95,7,11.16,Baja,Miércoles,Media,0
ORD-13246,2025-10-23,Arequipa,Costa Sur,Terrestre,Express,1017.61,3,4.35,3,4.41,Baja,Jueves,Baja,0
ORD-13247,2025-10-08,Callao,Lima y Callao,Terrestre,Express,39.48,2,8.24,4,7.66,Media,Miércoles,Alta,0
ORD-13248,2025-02-02,Tacna,Costa Sur,Terrestre,Express,1372.79,4,6.06,5,4.1,Media,Domingo,Media,0
ORD-13249,2025-02-21,Tumbes,Costa Norte,Terrestre,Estándar,1255.6,7,8.36,5,8.09,Media,Viernes,Alta,1
ORD-13250,2025-05-25,Tacna,Costa Sur,Terrestre,Estándar,1264.7,7,7.06,6,9.83,Media,Domingo,Media,0
ORD-13251,2025-05-04,Áncash,Costa Norte,Terrestre,Express,390.63,2,10.31,6,14.17,Baja,Domingo,Media,1
ORD-13252,2025-09-30,Junín,Sierra Centro,Terrestre,Estándar,333.44,4,2.23,3,2.17,Media,Martes,Baja,0
ORD-13253,2025-02-27,Lima,Lima y Callao,Terrestre,Estándar,104.73,3,4.27,2,1.81,Media,Jueves,Alta,0
ORD-13254,2025-05-16,Lima,Lima y Callao,Terrestre,Express,52.97,2,6.26,3,2.82,Media,Viernes,Alta,0
ORD-13255,2025-03-28,Arequipa,Costa Sur,Terrestre,Estándar,1036.52,6,7.32,5,7.06,Media,Viernes,Alta,0
ORD-13256,2025-03-10,Lima,Lima y Callao,Terrestre,Estándar,82.61,4,5.57,3,4.33,Baja,Lunes,Alta,0
ORD-13257,2025-03-05,Ayacucho,Sierra Sur,Terrestre,Estándar,673.76,6,6.3,6,9.47,Baja,Miércoles,Media,0
ORD-13258,2025-03-13,Lima,Lima y Callao,Terrestre,Estándar,84.36,4,8.23,8,3.92,Baja,Jueves,Alta,0
ORD-13259,2025-07-25,Cusco,Sierra Sur,Terrestre,Estándar,1179.38,6,6.7,2,4.72,Media,Viernes,Media,0
ORD-13260,2025-05-30,Apurímac,Sierra Sur,Terrestre,Estándar,965.91,7,3.24,2,2.85,Baja,Viernes,Media,0
ORD-13261,2025-06-08,Arequipa,Costa Sur,Terrestre,Estándar,969.74,7,8.46,6,9.14,Baja,Domingo,Media,0
ORD-13262,2025-06-24,Puno,Sierra Sur,Terrestre,Express,1400.68,4,4.98,4,5.77,Alta,Martes,Media,0
ORD-13263,2025-09-28,Lima,Lima y Callao,Terrestre,Express,57.54,2,5.53,6,5.24,Media,Domingo,Media,0
ORD-13264,2025-11-11,San Martín,Selva Norte,Terrestre,Estándar,1171.95,6,4.58,3,4.79,Media,Martes,Media,0
ORD-13265,2025-07-12,Lambayeque,Costa Norte,Terrestre,Estándar,797.26,4,6.98,3,3.85,Media,Sábado,Alta,0
ORD-13266,2025-08-23,La Libertad,Costa Norte,Terrestre,Express,590.29,3,4.25,5,6.27,Baja,Sábado,Media,0
ORD-13267,2025-09-27,Junín,Sierra Centro,Terrestre,Estándar,330.87,5,8.78,7,10.28,Baja,Sábado,Baja,0
ORD-13268,2025-09-09,Lima,Lima y Callao,Terrestre,Mismo Día,79.34,1,5.58,4,4.82,Alta,Martes,Media,0
ORD-13269,2025-02-19,Junín,Sierra Centro,Terrestre,Estándar,415.01,5,5.91,6,4.36,Media,Miércoles,Media,0
ORD-13270,2025-12-25,Lima,Lima y Callao,Terrestre,Estándar,119.83,3,8.13,6,6.75,Media,Jueves,Alta,0
ORD-13271,2025-03-02,Loreto,Selva Norte,Aéreo,Estándar,1094.72,6,10.49,8,19.14,Alta,Domingo,Media,0
ORD-13272,2025-05-31,Piura,Costa Norte,Terrestre,Estándar,939.08,5,6.5,3,3.04,Baja,Sábado,Alta,0
ORD-13273,2025-08-27,Cusco,Sierra Sur,Terrestre,Express,1047.5,3,4.79,5,6.39,Media,Miércoles,Media,0
ORD-13274,2025-05-28,Lima,Lima y Callao,Terrestre,Estándar,94.2,3,8.61,7,12.06,Baja,Miércoles,Media,0
ORD-13275,2025-03-30,Callao,Lima y Callao,Terrestre,Estándar,23.8,4,7.89,4,12.14,Media,Domingo,Media,0
ORD-13276,2025-12-04,Áncash,Costa Norte,Terrestre,Express,393.81,2,3.19,3,3.42,Alta,Jueves,Media,0
ORD-13277,2025-01-27,Lima,Lima y Callao,Terrestre,Express,134.92,2,8.68,10,7.14,Baja,Lunes,Media,0
ORD-13278,2025-03-31,Lima,Lima y Callao,Terrestre,Estándar,83.57,2,4.3,4,6.52,Alta,Lunes,Media,0
ORD-13279,2025-12-29,Lima,Lima y Callao,Terrestre,Express,112.59,2,5.26,5,4.62,Media,Lunes,Media,0
ORD-13280,2025-09-24,Arequipa,Costa Sur,Terrestre,Estándar,1013.34,6,6.41,5,6.79,Media,Miércoles,Media,0
ORD-13281,2025-02-01,Ucayali,Selva Centro-Sur,Terrestre,Estándar,877.18,5,8.88,7,10.72,Baja,Sábado,Media,0
ORD-13282,2025-10-03,Ucayali,Selva Centro-Sur,Terrestre,Estándar,912.69,6,3.73,4,4.01,Media,Viernes,Baja,0
ORD-13283,2025-12-20,Lambayeque,Costa Norte,Terrestre,Estándar,759.41,5,6.53,5,5.03,Media,Sábado,Alta,1
ORD-13284,2025-02-05,Piura,Costa Norte,Terrestre,Estándar,930.98,4,3.09,3,5.34,Baja,Miércoles,Baja,0
ORD-13285,2025-06-01,Cusco,Sierra Sur,Terrestre,Estándar,1222.5,7,5.52,2,4.04,Media,Domingo,Alta,0
ORD-13286,2025-06-20,Lima,Lima y Callao,Terrestre,Estándar,131.76,3,6.96,6,7.53,Baja,Viernes,Media,0
ORD-13287,2025-02-17,Piura,Costa Norte,Terrestre,Estándar,1002.5,6,7.31,6,7.45,Alta,Lunes,Alta,0
ORD-13288,2025-03-15,Loreto,Selva Norte,Aéreo,Estándar,1192.0,7,3.49,4,3.28,Media,Sábado,Baja,0
ORD-13289,2025-03-05,Loreto,Selva Norte,Aéreo,Express,1090.14,3,6.42,3,4.02,Media,Miércoles,Alta,0
ORD-13290,2025-03-09,Lambayeque,Costa Norte,Terrestre,Estándar,748.86,5,5.82,3,3.56,Media,Domingo,Alta,0
ORD-13291,2025-05-28,Madre de Dios,Selva Centro-Sur,Terrestre,Estándar,1404.98,7,2.62,2,2.7,Media,Miércoles,Media,0
ORD-13292,2025-06-19,Lima,Lima y Callao,Terrestre,Express,122.88,2,11.94,9,20.01,Alta,Jueves,Media,0
ORD-13293,2025-03-28,Ayacucho,Sierra Sur,Terrestre,Estándar,618.51,4,5.66,7,5.33,Alta,Viernes,Baja,0
ORD-13294,2025-04-16,Arequipa,Costa Sur,Terrestre,Estándar,1116.36,6,5.48,5,9.7,Baja,Miércoles,Baja,0
ORD-13295,2025-03-12,Lima,Lima y Callao,Terrestre,Express,48.42,2,6.34,6,8.1,Media,Miércoles,Baja,0
ORD-13296,2025-10-18,Lima,Lima y Callao,Terrestre,Estándar,91.51,2,1.65,2,2.6,Media,Sábado,Baja,0
ORD-13297,2025-03-19,Lima,Lima y Callao,Terrestre,Mismo Día,53.55,1,7.3,6,4.76,Baja,Miércoles,Alta,0
ORD-13298,2025-11-28,Puno,Sierra Sur,Aéreo,Express,1325.56,4,6.89,5,6.86,Media,Viernes,Baja,0
ORD-13299,2025-07-16,Lima,Lima y Callao,Terrestre,Express,147.39,2,11.19,4,12.81,Baja,Miércoles,Alta,1
ORD-13300,2025-10-20,La Libertad,Costa Norte,Terrestre,Estándar,664.72,4,4.32,6,2.47,Alta,Lunes,Media,0
ORD-13301,2025-08-21,La Libertad,Costa Norte,Terrestre,Estándar,561.35,5,3.82,4,2.28,Media,Jueves,Media,0
ORD-13302,2025-04-08,Lima,Lima y Callao,Terrestre,Express,61.65,2,6.82,5,5.26,Media,Martes,Media,0
ORD-13303,2025-08-08,Lima,Lima y Callao,Terrestre,Estándar,95.13,3,5.63,4,5.51,Media,Viernes,Alta,0
ORD-13304,2025-04-11,Lima,Lima y Callao,Terrestre,Estándar,33.09,3,5.71,4,7.51,Alta,Viernes,Media,0
ORD-13305,2025-02-13,Lima,Lima y Callao,Terrestre,Express,90.6,2,7.04,4,6.2,Media,Jueves,Media,0
ORD-13306,2025-04-03,Lima,Lima y Callao,Terrestre,Express,94.09,2,4.03,4,2.6,Alta,Jueves,Media,0
ORD-13307,2025-04-11,Lima,Lima y Callao,Terrestre,Express,66.18,2,7.67,5,8.05,Alta,Viernes,Alta,1
ORD-13308,2025-02-19,Moquegua,Costa Sur,Terrestre,Express,1120.17,4,5.36,4,4.53,Baja,Miércoles,Alta,0
ORD-13309,2025-01-09,Arequipa,Costa Sur,Terrestre,Estándar,977.55,6,3.45,2,3.78,Baja,Jueves,Baja,0
ORD-13310,2025-12-11,Lima,Lima y Callao,Terrestre,Express,146.2,2,3.86,5,4.3,Baja,Jueves,Baja,0
ORD-13311,2025-07-07,Lima,Lima y Callao,Terrestre,Express,75.72,2,6.77,5,3.14,Media,Lunes,Alta,0
ORD-13312,2025-05-27,Arequipa,Costa Sur,Terrestre,Estándar,1027.39,6,7.67,7,6.92,Media,Martes,Alta,0
ORD-13313,2025-12-06,Lima,Lima y Callao,Terrestre,Estándar,67.28,3,7.13,4,5.77,Media,Sábado,Alta,0
ORD-13314,2025-03-24,Lima,Lima y Callao,Terrestre,Estándar,107.33,3,5.29,2,3.56,Alta,Lunes,Media,0
ORD-13315,2025-05-28,Lima,Lima y Callao,Terrestre,Express,41.12,2,11.15,9,10.64,Baja,Miércoles,Alta,0
ORD-13316,2025-11-06,Loreto,Selva Norte,Aéreo,Express,1138.77,4,6.37,3,3.01,Media,Jueves,Alta,0
ORD-13317,2025-08-19,Huánuco,Sierra Centro,Terrestre,Estándar,503.72,4,6.68,4,4.43,Media,Martes,Alta,0
ORD-13318,2025-05-26,Callao,Lima y Callao,Terrestre,Mismo Día,50.14,1,7.44,4,8.71,Media,Lunes,Alta,0
ORD-13319,2025-04-04,Junín,Sierra Centro,Aéreo,Express,333.4,2,6.41,3,11.57,Baja,Viernes,Baja,0
ORD-13320,2025-01-13,La Libertad,Costa Norte,Terrestre,Estándar,597.23,4,8.84,7,10.11,Media,Lunes,Media,0
ORD-13321,2025-02-01,Lima,Lima y Callao,Terrestre,Express,152.45,2,4.64,4,7.21,Media,Sábado,Media,0
ORD-13322,2025-03-01,Piura,Costa Norte,Terrestre,Express,902.33,3,6.46,5,4.29,Media,Sábado,Media,0
ORD-13323,2025-10-15,Lima,Lima y Callao,Terrestre,Express,53.54,2,6.43,4,9.22,Media,Miércoles,Media,0
ORD-13324,2025-08-22,Cajamarca,Sierra Norte,Terrestre,Estándar,877.51,5,7.62,5,5.36,Media,Viernes,Alta,0
ORD-13325,2025-06-08,Junín,Sierra Centro,Terrestre,Estándar,336.05,4,1.42,2,1.13,Media,Domingo,Media,0
ORD-13326,2025-10-13,Cajamarca,Sierra Norte,Terrestre,Express,914.64,3,5.2,2,4.11,Media,Lunes,Alta,0
ORD-13327,2025-02-28,Lima,Lima y Callao,Terrestre,Express,105.87,2,4.26,3,3.91,Media,Viernes,Media,0
ORD-13328,2025-03-18,Cusco,Sierra Sur,Terrestre,Estándar,1066.56,7,3.61,3,6.91,Alta,Martes,Baja,0
ORD-13329,2025-05-24,Lima,Lima y Callao,Terrestre,Estándar,96.9,3,4.74,3,5.35,Media,Sábado,Baja,0
ORD-13330,2025-12-01,Loreto,Selva Norte,Aéreo,Estándar,1341.4,6,0.8,1,0.65,Baja,Lunes,Baja,0
ORD-13331,2025-08-13,Lima,Lima y Callao,Terrestre,Estándar,114.76,4,7.85,4,5.22,Media,Miércoles,Media,0
ORD-13332,2025-11-07,Huánuco,Sierra Centro,Terrestre,Estándar,383.24,3,4.32,2,1.7,Media,Viernes,Alta,1
ORD-13333,2025-04-01,Ica,Costa Sur,Terrestre,Express,278.0,2,3.45,2,4.56,Alta,Martes,Baja,0
ORD-13334,2025-11-06,Lima,Lima y Callao,Terrestre,Express,105.13,2,5.16,4,5.02,Media,Jueves,Baja,0
ORD-13335,2025-01-27,Lima,Lima y Callao,Terrestre,Estándar,70.12,2,4.32,2,1.95,Baja,Lunes,Media,0
ORD-13336,2025-03-25,Arequipa,Costa Sur,Terrestre,Express,945.4,3,5.95,4,2.14,Media,Martes,Media,0
ORD-13337,2025-07-10,Piura,Costa Norte,Terrestre,Estándar,945.17,6,11.44,9,17.67,Baja,Jueves,Media,0
ORD-13338,2025-01-19,Lima,Lima y Callao,Terrestre,Estándar,108.41,2,9.27,10,10.51,Alta,Domingo,Baja,0
ORD-13339,2025-11-10,Lambayeque,Costa Norte,Terrestre,Express,740.74,3,4.6,3,3.64,Alta,Lunes,Media,0
ORD-13340,2025-11-13,Callao,Lima y Callao,Terrestre,Express,50.03,2,4.86,2,3.44,Media,Jueves,Alta,0
ORD-13341,2025-07-17,Junín,Sierra Centro,Terrestre,Estándar,409.78,3,7.0,6,4.74,Media,Jueves,Media,1
ORD-13342,2025-04-22,Ica,Costa Sur,Aéreo,Estándar,306.41,2,4.47,5,3.32,Media,Martes,Baja,0
ORD-13343,2025-02-06,Cusco,Sierra Sur,Terrestre,Estándar,1012.1,7,6.24,5,6.78,Media,Jueves,Media,0
ORD-13344,2025-08-14,Lima,Lima y Callao,Terrestre,Express,121.19,2,5.81,4,3.17,Baja,Jueves,Alta,0
ORD-13345,2025-07-16,Lambayeque,Costa Norte,Terrestre,Estándar,754.02,5,5.71,2,2.34,Alta,Miércoles,Alta,0
ORD-13346,2025-10-05,Piura,Costa Norte,Terrestre,Estándar,1041.57,6,6.24,5,4.05,Media,Domingo,Media,0
ORD-13347,2025-08-08,San Martín,Selva Norte,Terrestre,Estándar,1135.01,5,2.15,2,1.31,Media,Viernes,Media,0
ORD-13348,2025-02-16,Callao,Lima y Callao,Terrestre,Estándar,16.37,3,3.59,3,2.21,Baja,Domingo,Baja,0
ORD-13349,2025-02-14,Arequipa,Costa Sur,Aéreo,Express,1064.7,3,5.73,4,5.35,Alta,Viernes,Baja,0
ORD-13350,2025-10-13,Lima,Lima y Callao,Terrestre,Express,86.37,2,3.91,4,7.82,Alta,Lunes,Baja,0
ORD-13351,2025-02-28,Ucayali,Selva Centro-Sur,Multimodal,Estándar,874.62,6,5.28,2,3.91,Media,Viernes,Alta,0
ORD-13352,2025-12-09,Piura,Costa Norte,Terrestre,Estándar,955.06,5,7.58,4,4.87,Baja,Martes,Alta,1
ORD-13353,2025-02-08,Áncash,Costa Norte,Terrestre,Estándar,430.59,4,8.08,5,11.73,Alta,Sábado,Media,0
ORD-13354,2025-09-23,Cusco,Sierra Sur,Terrestre,Express,1110.11,4,7.31,6,5.68,Media,Martes,Media,0
ORD-13355,2025-12-22,Áncash,Costa Norte,Terrestre,Estándar,488.59,4,10.66,6,10.22,Alta,Lunes,Alta,0
ORD-13356,2025-06-11,Madre de Dios,Selva Centro-Sur,Terrestre,Estándar,1169.29,6,5.0,5,4.93,Alta,Miércoles,Baja,0
ORD-13357,2025-01-21,Lima,Lima y Callao,Terrestre,Estándar,99.02,2,1.65,1,0.92,Media,Martes,Media,0
ORD-13358,2025-11-16,Lima,Lima y Callao,Terrestre,Express,105.36,2,8.01,6,10.34,Baja,Domingo,Media,0
ORD-13359,2025-03-10,Lima,Lima y Callao,Terrestre,Express,104.0,2,8.09,4,6.22,Media,Lunes,Alta,0
ORD-13360,2025-07-12,Cusco,Sierra Sur,Aéreo,Estándar,1060.2,5,7.76,5,7.95,Alta,Sábado,Alta,1
ORD-13361,2025-12-26,Lima,Lima y Callao,Terrestre,Express,75.92,2,9.31,7,4.63,Media,Viernes,Alta,0
ORD-13362,2025-09-29,Áncash,Costa Norte,Terrestre,Express,457.19,2,10.89,7,12.75,Alta,Lunes,Alta,1
ORD-13363,2025-01-17,Lima,Lima y Callao,Terrestre,Mismo Día,67.12,1,6.47,3,4.84,Media,Viernes,Alta,0
ORD-13364,2025-10-27,Lima,Lima y Callao,Terrestre,Express,56.73,2,4.11,3,3.25,Alta,Lunes,Baja,0
ORD-13365,2025-02-28,Lima,Lima y Callao,Terrestre,Express,90.18,2,5.42,4,5.96,Media,Viernes,Media,0
ORD-13366,2025-10-01,Ica,Costa Sur,Terrestre,Estándar,273.64,3,9.97,8,15.48,Baja,Miércoles,Media,0
ORD-13367,2025-08-15,Moquegua,Costa Sur,Aéreo,Estándar,1073.63,6,7.98,6,5.24,Media,Viernes,Media,0
ORD-13368,2025-04-16,Lima,Lima y Callao,Terrestre,Express,30.76,2,8.15,6,5.38,Baja,Miércoles,Media,0
ORD-13369,2025-06-04,Ayacucho,Sierra Sur,Terrestre,Estándar,644.85,5,7.11,5,5.35,Media,Miércoles,Media,0
ORD-13370,2025-02-13,Callao,Lima y Callao,Terrestre,Estándar,70.64,3,7.01,7,3.28,Alta,Jueves,Media,0
ORD-13371,2025-12-27,Lima,Lima y Callao,Terrestre,Estándar,81.58,2,13.07,11,14.5,Baja,Sábado,Alta,1
ORD-13372,2025-03-28,Huancavelica,Sierra Centro,Terrestre,Estándar,462.13,4,2.94,2,3.6,Alta,Viernes,Baja,0
ORD-13373,2025-04-23,Arequipa,Costa Sur,Terrestre,Estándar,1068.79,6,7.32,6,9.37,Baja,Miércoles,Media,0
ORD-13374,2025-07-03,Cajamarca,Sierra Norte,Aéreo,Estándar,849.41,5,6.09,4,5.77,Media,Jueves,Baja,0
ORD-13375,2025-09-03,Cajamarca,Sierra Norte,Terrestre,Express,1034.89,3,8.29,7,12.91,Alta,Miércoles,Baja,1
ORD-13376,2025-07-04,Lambayeque,Costa Norte,Terrestre,Estándar,789.41,5,11.01,8,9.06,Media,Viernes,Alta,1
ORD-13377,2025-07-04,Lima,Lima y Callao,Terrestre,Express,59.7,2,5.89,3,1.98,Alta,Viernes,Alta,0
ORD-13378,2025-08-01,Cajamarca,Sierra Norte,Terrestre,Estándar,887.8,5,2.32,3,4.15,Alta,Viernes,Media,0
ORD-13379,2025-11-10,Lima,Lima y Callao,Terrestre,Express,70.68,2,11.37,6,12.79,Media,Lunes,Alta,0
ORD-13380,2025-05-25,Cusco,Sierra Sur,Terrestre,Estándar,1124.83,7,11.19,9,12.39,Media,Domingo,Alta,1
ORD-13381,2025-10-31,Ica,Costa Sur,Terrestre,Estándar,253.73,4,8.22,7,6.82,Baja,Viernes,Media,0
ORD-13382,2025-10-15,Callao,Lima y Callao,Terrestre,Express,58.4,2,5.53,4,7.51,Media,Miércoles,Media,0
ORD-13383,2025-12-17,Lima,Lima y Callao,Terrestre,Express,115.71,2,11.08,8,11.3,Baja,Miércoles,Media,1
ORD-13384,2025-11-30,Tacna,Costa Sur,Terrestre,Estándar,1379.11,7,7.53,5,5.75,Alta,Domingo,Alta,0
ORD-13385,2025-10-19,Lima,Lima y Callao,Terrestre,Estándar,136.81,3,5.94,6,7.15,Media,Domingo,Baja,0
ORD-13386,2025-04-01,Áncash,Costa Norte,Terrestre,Express,377.66,2,6.41,4,4.26,Media,Martes,Alta,0
ORD-13387,2025-10-10,Cusco,Sierra Sur,Terrestre,Estándar,1065.52,6,4.66,3,4.82,Alta,Viernes,Alta,0
ORD-13388,2025-09-26,Cajamarca,Sierra Norte,Terrestre,Express,961.49,3,5.03,5,4.09,Baja,Viernes,Baja,0
ORD-13389,2025-04-16,Pasco,Sierra Centro,Terrestre,Estándar,329.62,4,7.92,7,9.84,Alta,Miércoles,Baja,0
ORD-13390,2025-09-05,Arequipa,Costa Sur,Terrestre,Express,939.82,3,7.07,5,8.8,Baja,Viernes,Media,0
ORD-13391,2025-04-03,Tacna,Costa Sur,Terrestre,Express,1287.5,4,9.06,6,7.94,Media,Jueves,Media,1
ORD-13392,2025-07-10,Lima,Lima y Callao,Terrestre,Estándar,60.78,3,5.69,3,4.21,Media,Jueves,Alta,0
ORD-13393,2025-10-18,Lima,Lima y Callao,Terrestre,Express,131.96,2,4.64,5,6.29,Media,Sábado,Media,0
ORD-13394,2025-03-10,Piura,Costa Norte,Terrestre,Estándar,960.59,6,5.79,4,5.96,Media,Lunes,Alta,0
ORD-13395,2025-05-03,Áncash,Costa Norte,Terrestre,Estándar,442.89,3,2.72,1,1.53,Media,Sábado,Media,0
ORD-13396,2025-10-18,Lima,Lima y Callao,Terrestre,Express,154.06,2,8.33,5,5.66,Alta,Sábado,Alta,0
ORD-13397,2025-06-15,Arequipa,Costa Sur,Aéreo,Estándar,988.62,6,6.33,4,3.4,Baja,Domingo,Alta,1
ORD-13398,2025-12-17,Pasco,Sierra Centro,Terrestre,Express,375.57,2,4.56,3,3.7,Baja,Miércoles,Media,0
ORD-13399,2025-01-03,Lima,Lima y Callao,Terrestre,Express,22.11,2,7.31,4,2.8,Baja,Viernes,Alta,0
ORD-13400,2025-09-21,Arequipa,Costa Sur,Terrestre,Estándar,952.28,6,7.36,5,6.27,Media,Domingo,Alta,0
ORD-13401,2025-10-25,Moquegua,Costa Sur,Terrestre,Estándar,1102.15,6,6.2,6,9.11,Baja,Sábado,Media,0
ORD-13402,2025-12-02,Áncash,Costa Norte,Terrestre,Express,390.56,2,12.25,9,10.34,Media,Martes,Alta,0
ORD-13403,2025-02-27,Ayacucho,Sierra Sur,Terrestre,Estándar,602.85,5,2.51,1,2.43,Alta,Jueves,Baja,0
ORD-13404,2025-12-26,Loreto,Selva Norte,Aéreo,Estándar,1359.4,8,4.98,3,6.6,Alta,Viernes,Baja,0
ORD-13405,2025-05-24,Lambayeque,Costa Norte,Terrestre,Estándar,757.78,5,5.76,3,3.94,Alta,Sábado,Media,0
ORD-13406,2025-05-09,Piura,Costa Norte,Terrestre,Estándar,891.69,5,7.62,6,4.92,Baja,Viernes,Alta,0
ORD-13407,2025-05-10,Lima,Lima y Callao,Terrestre,Express,104.32,2,8.18,6,11.49,Media,Sábado,Media,0
ORD-13408,2025-08-21,Lima,Lima y Callao,Terrestre,Express,22.45,2,7.36,5,9.31,Baja,Jueves,Alta,0
ORD-13409,2025-08-29,Huánuco,Sierra Centro,Terrestre,Estándar,516.89,4,5.31,3,4.66,Media,Viernes,Alta,0
ORD-13410,2025-06-22,Ayacucho,Sierra Sur,Terrestre,Express,699.32,3,5.37,5,4.89,Media,Domingo,Media,0
ORD-13411,2025-01-26,Tacna,Costa Sur,Terrestre,Estándar,1347.53,8,8.25,5,7.13,Alta,Domingo,Alta,0
ORD-13412,2025-12-27,Arequipa,Costa Sur,Terrestre,Express,1028.98,3,4.79,2,2.11,Media,Sábado,Alta,0
ORD-13413,2025-03-23,Lima,Lima y Callao,Terrestre,Mismo Día,101.95,1,4.78,4,3.5,Baja,Domingo,Media,0
ORD-13414,2025-02-04,Cusco,Sierra Sur,Terrestre,Estándar,1092.81,7,3.35,2,2.85,Media,Martes,Media,0
ORD-13415,2025-08-07,Cusco,Sierra Sur,Terrestre,Express,1180.34,4,4.88,4,3.77,Alta,Jueves,Media,0
ORD-13416,2025-05-31,Lima,Lima y Callao,Terrestre,Estándar,154.82,3,6.09,6,10.25,Baja,Sábado,Baja,0
ORD-13417,2025-08-13,Loreto,Selva Norte,Multimodal,Estándar,1338.69,8,3.35,2,2.76,Alta,Miércoles,Media,0
ORD-13418,2025-11-16,Lima,Lima y Callao,Terrestre,Express,97.53,2,4.58,2,2.91,Baja,Domingo,Alta,0
ORD-13419,2025-02-05,Piura,Costa Norte,Terrestre,Express,1015.45,3,3.52,2,2.88,Baja,Miércoles,Media,0
ORD-13420,2025-04-14,Huánuco,Sierra Centro,Terrestre,Express,355.22,2,6.98,7,5.19,Alta,Lunes,Media,0
ORD-13421,2025-07-08,Lambayeque,Costa Norte,Terrestre,Estándar,785.72,5,6.14,3,2.64,Baja,Martes,Alta,1
ORD-13422,2025-10-15,Amazonas,Selva Norte,Terrestre,Estándar,1148.08,6,11.97,9,22.79,Media,Miércoles,Baja,1
ORD-13423,2025-08-08,Lima,Lima y Callao,Terrestre,Estándar,109.13,3,8.07,4,4.85,Baja,Viernes,Alta,0
ORD-13424,2025-05-20,Huánuco,Sierra Centro,Terrestre,Estándar,448.39,5,3.3,4,2.87,Media,Martes,Media,0
ORD-13425,2025-08-11,Lima,Lima y Callao,Terrestre,Express,66.67,2,7.43,6,10.7,Media,Lunes,Media,0
ORD-13426,2025-12-24,Cajamarca,Sierra Norte,Terrestre,Express,832.98,3,5.96,4,3.0,Alta,Miércoles,Alta,1
ORD-13427,2025-06-25,Madre de Dios,Selva Centro-Sur,Terrestre,Estándar,1246.79,6,12.77,10,15.24,Alta,Miércoles,Alta,1
ORD-13428,2025-11-19,Madre de Dios,Selva Centro-Sur,Aéreo,Estándar,1391.83,7,9.99,5,11.61,Media,Miércoles,Alta,0
ORD-13429,2025-10-12,Piura,Costa Norte,Terrestre,Estándar,1038.59,7,5.49,4,4.78,Media,Domingo,Alta,0
ORD-13430,2025-04-20,Apurímac,Sierra Sur,Terrestre,Estándar,836.09,4,7.45,6,12.09,Baja,Domingo,Baja,0
ORD-13431,2025-04-02,Ucayali,Selva Centro-Sur,Aéreo,Express,831.64,3,8.35,6,10.14,Media,Miércoles,Media,0
ORD-13432,2025-10-09,Cusco,Sierra Sur,Terrestre,Express,1127.5,4,6.88,3,7.2,Media,Jueves,Alta,1
ORD-13433,2025-03-17,Huánuco,Sierra Centro,Terrestre,Estándar,500.15,4,3.32,3,4.44,Baja,Lunes,Baja,0
ORD-13434,2025-05-03,Cusco,Sierra Sur,Terrestre,Estándar,1062.53,6,6.16,6,5.45,Alta,Sábado,Baja,0
ORD-13435,2025-03-27,Cusco,Sierra Sur,Terrestre,Estándar,1041.48,6,8.44,10,4.8,Media,Jueves,Media,1
ORD-13436,2025-08-10,Lima,Lima y Callao,Terrestre,Express,44.9,2,6.38,5,4.22,Baja,Domingo,Media,0
ORD-13437,2025-04-18,Cusco,Sierra Sur,Terrestre,Express,1126.44,4,6.08,5,4.91,Alta,Viernes,Media,0
ORD-13438,2025-08-29,La Libertad,Costa Norte,Terrestre,Estándar,625.79,5,5.82,5,9.48,Media,Viernes,Baja,0
ORD-13439,2025-12-08,Lima,Lima y Callao,Terrestre,Express,74.62,2,4.72,4,8.42,Media,Lunes,Baja,0
ORD-13440,2025-10-30,Pasco,Sierra Centro,Terrestre,Estándar,406.59,4,7.53,6,4.09,Baja,Jueves,Alta,1
ORD-13441,2025-12-13,Lima,Lima y Callao,Terrestre,Express,102.25,2,5.88,4,8.84,Media,Sábado,Media,0
ORD-13442,2025-01-09,Lima,Lima y Callao,Terrestre,Express,144.55,2,2.43,2,2.05,Media,Jueves,Media,0
ORD-13443,2025-06-16,Cajamarca,Sierra Norte,Terrestre,Estándar,884.36,5,2.91,3,2.78,Baja,Lunes,Baja,0
ORD-13444,2025-03-22,Madre de Dios,Selva Centro-Sur,Aéreo,Express,1218.79,4,6.7,5,3.41,Media,Sábado,Alta,0
ORD-13445,2025-12-02,Áncash,Costa Norte,Terrestre,Estándar,502.3,4,8.16,6,8.33,Baja,Martes,Alta,0
ORD-13446,2025-09-17,Cusco,Sierra Sur,Terrestre,Express,1196.55,4,4.07,3,3.22,Baja,Miércoles,Media,0
ORD-13447,2025-04-27,Arequipa,Costa Sur,Terrestre,Estándar,1112.29,6,6.93,5,10.54,Baja,Domingo,Media,0
ORD-13448,2025-07-25,Lima,Lima y Callao,Terrestre,Express,123.28,2,3.33,3,2.7,Baja,Viernes,Baja,0
ORD-13449,2025-08-09,Junín,Sierra Centro,Terrestre,Estándar,360.4,4,5.56,5,8.65,Baja,Sábado,Baja,0
ORD-13450,2025-06-30,Lima,Lima y Callao,Terrestre,Express,57.01,2,6.04,5,3.72,Media,Lunes,Media,0
ORD-13451,2025-06-23,Junín,Sierra Centro,Terrestre,Estándar,350.33,4,4.66,4,7.77,Media,Lunes,Baja,0
ORD-13452,2025-01-21,Lambayeque,Costa Norte,Terrestre,Estándar,845.95,5,4.82,3,3.71,Baja,Martes,Media,0
ORD-13453,2025-06-15,Lambayeque,Costa Norte,Terrestre,Estándar,770.34,6,8.02,7,9.7,Media,Domingo,Media,0
ORD-13454,2025-05-08,Apurímac,Sierra Sur,Terrestre,Estándar,918.53,5,7.28,4,4.34,Baja,Jueves,Alta,1
ORD-13455,2025-10-26,La Libertad,Costa Norte,Terrestre,Estándar,677.74,5,4.81,4,4.15,Media,Domingo,Baja,0
ORD-13456,2025-11-12,Lima,Lima y Callao,Terrestre,Express,157.07,2,11.04,8,12.0,Alta,Miércoles,Alta,0
ORD-13457,2025-10-01,Lima,Lima y Callao,Terrestre,Express,149.51,2,7.17,5,13.1,Media,Miércoles,Media,0
ORD-13458,2025-01-12,Arequipa,Costa Sur,Terrestre,Estándar,1023.0,6,3.64,3,2.86,Media,Domingo,Baja,0
ORD-13459,2025-11-04,Lima,Lima y Callao,Terrestre,Express,85.0,2,4.58,3,3.89,Baja,Martes,Media,0
ORD-13460,2025-05-25,Huánuco,Sierra Centro,Terrestre,Estándar,578.83,5,2.79,3,2.85,Baja,Domingo,Media,0
ORD-13461,2025-06-01,Áncash,Costa Norte,Terrestre,Estándar,375.68,5,7.5,7,4.66,Media,Domingo,Media,0
ORD-13462,2025-12-11,Cajamarca,Sierra Norte,Terrestre,Estándar,834.19,5,7.57,6,3.8,Media,Jueves,Alta,0
ORD-13463,2025-11-13,Lima,Lima y Callao,Terrestre,Mismo Día,154.43,1,4.3,3,2.59,Media,Jueves,Alta,0
ORD-13464,2025-01-19,Ica,Costa Sur,Terrestre,Estándar,312.07,3,5.84,5,5.42,Alta,Domingo,Media,0
ORD-13465,2025-05-12,Lima,Lima y Callao,Terrestre,Estándar,89.25,4,7.18,5,11.17,Media,Lunes,Baja,0
ORD-13466,2025-10-01,Cusco,Sierra Sur,Terrestre,Estándar,982.43,5,6.37,5,9.45,Alta,Miércoles,Media,0
ORD-13467,2025-07-16,Lima,Lima y Callao,Terrestre,Express,87.02,2,7.43,5,4.71,Media,Miércoles,Alta,0
ORD-13468,2025-04-05,Huancavelica,Sierra Centro,Terrestre,Express,605.03,3,7.16,6,10.23,Baja,Sábado,Baja,0
ORD-13469,2025-07-11,Lima,Lima y Callao,Terrestre,Express,96.01,2,9.59,8,6.81,Baja,Viernes,Alta,1
ORD-13470,2025-11-13,Loreto,Selva Norte,Multimodal,Express,1329.79,5,5.34,2,2.37,Media,Jueves,Alta,0
ORD-13471,2025-03-23,La Libertad,Costa Norte,Terrestre,Express,617.95,3,6.1,4,5.48,Baja,Domingo,Media,0
ORD-13472,2025-09-30,Apurímac,Sierra Sur,Terrestre,Estándar,960.06,7,5.33,3,9.24,Media,Martes,Baja,0
ORD-13473,2025-09-26,Lima,Lima y Callao,Terrestre,Express,140.66,2,3.73,3,4.17,Media,Viernes,Baja,0
ORD-13474,2025-11-20,Ucayali,Selva Centro-Sur,Multimodal,Express,863.97,4,1.59,2,1.67,Media,Jueves,Baja,0
ORD-13475,2025-04-19,Tumbes,Costa Norte,Terrestre,Estándar,1280.8,7,8.41,5,8.17,Media,Sábado,Alta,0
ORD-13476,2025-03-20,Callao,Lima y Callao,Terrestre,Express,30.68,2,5.57,4,7.87,Media,Jueves,Media,0
ORD-13477,2025-07-19,Lima,Lima y Callao,Terrestre,Express,81.26,2,6.81,4,7.18,Media,Sábado,Media,0
ORD-13478,2025-07-13,Ica,Costa Sur,Terrestre,Express,268.62,2,5.69,6,4.78,Alta,Domingo,Media,0
ORD-13479,2025-05-30,Cajamarca,Sierra Norte,Terrestre,Estándar,893.61,6,8.69,7,8.87,Baja,Viernes,Media,1
ORD-13480,2025-10-12,Lima,Lima y Callao,Terrestre,Estándar,93.45,4,3.62,3,3.73,Alta,Domingo,Media,0
ORD-13481,2025-10-19,Lima,Lima y Callao,Terrestre,Mismo Día,70.92,1,9.42,5,12.94,Baja,Domingo,Alta,0
ORD-13482,2025-03-31,Lima,Lima y Callao,Terrestre,Estándar,64.16,3,8.31,7,11.09,Baja,Lunes,Baja,0
ORD-13483,2025-10-18,Moquegua,Costa Sur,Terrestre,Estándar,1100.37,6,2.45,1,3.08,Media,Sábado,Baja,0
ORD-13484,2025-03-26,Ica,Costa Sur,Terrestre,Express,258.73,2,6.81,6,5.43,Baja,Miércoles,Media,0
ORD-13485,2025-05-29,Lima,Lima y Callao,Terrestre,Estándar,108.41,2,2.66,1,1.28,Baja,Jueves,Media,0
ORD-13486,2025-01-10,Junín,Sierra Centro,Terrestre,Estándar,326.28,5,4.64,5,4.48,Baja,Viernes,Media,0
ORD-13487,2025-05-05,Áncash,Costa Norte,Terrestre,Estándar,355.65,4,5.01,2,4.25,Media,Lunes,Media,0
ORD-13488,2025-12-16,Junín,Sierra Centro,Terrestre,Express,493.6,2,7.83,3,6.08,Media,Martes,Alta,0
ORD-13489,2025-06-11,San Martín,Selva Norte,Terrestre,Estándar,1032.16,6,6.98,6,8.84,Baja,Miércoles,Media,0
ORD-13490,2025-09-17,Lambayeque,Costa Norte,Aéreo,Express,835.8,3,0.5,1,1.88,Media,Miércoles,Baja,0
ORD-13491,2025-02-09,Arequipa,Costa Sur,Terrestre,Express,1030.97,3,5.43,4,6.06,Baja,Domingo,Baja,0
ORD-13492,2025-08-20,Lima,Lima y Callao,Terrestre,Estándar,108.86,3,1.57,3,2.39,Alta,Miércoles,Baja,0
ORD-13493,2025-05-16,Tacna,Costa Sur,Terrestre,Estándar,1323.84,7,6.23,6,6.26,Baja,Viernes,Baja,0
ORD-13494,2025-09-29,Puno,Sierra Sur,Terrestre,Estándar,1296.45,8,3.61,3,3.28,Media,Lunes,Media,0
ORD-13495,2025-12-05,Lima,Lima y Callao,Terrestre,Express,127.88,2,5.3,4,4.69,Media,Viernes,Baja,0
ORD-13496,2025-07-14,Junín,Sierra Centro,Terrestre,Estándar,421.03,4,4.76,4,3.94,Media,Lunes,Media,0
ORD-13497,2025-02-07,Lima,Lima y Callao,Terrestre,Express,72.07,2,4.02,3,2.4,Alta,Viernes,Media,0
ORD-13498,2025-06-23,Madre de Dios,Selva Centro-Sur,Terrestre,Express,1314.96,4,3.89,5,3.07,Media,Lunes,Media,0
ORD-13499,2025-02-14,Piura,Costa Norte,Terrestre,Estándar,971.3,6,6.34,5,7.21,Media,Viernes,Media,0
ORD-13500,2025-06-14,Madre de Dios,Selva Centro-Sur,Aéreo,Express,1385.16,4,4.72,4,2.95,Media,Sábado,Media,0
ORD-13501,2025-01-23,Lambayeque,Costa Norte,Terrestre,Express,819.13,3,5.56,4,7.61,Media,Jueves,Baja,0
ORD-13502,2025-08-22,Arequipa,Costa Sur,Terrestre,Estándar,932.8,5,4.49,2,2.88,Media,Viernes,Alta,0
ORD-13503,2025-04-24,Lima,Lima y Callao,Terrestre,Estándar,133.69,2,4.98,3,5.41,Baja,Jueves,Media,0
ORD-13504,2025-03-15,Cajamarca,Sierra Norte,Terrestre,Estándar,1009.49,6,5.95,4,3.82,Baja,Sábado,Alta,0
ORD-13505,2025-01-07,Arequipa,Costa Sur,Terrestre,Express,1053.32,3,5.79,3,8.17,Baja,Martes,Media,0
ORD-13506,2025-11-21,Lima,Lima y Callao,Terrestre,Express,44.27,2,9.42,4,12.8,Alta,Viernes,Alta,0
ORD-13507,2025-11-02,Lima,Lima y Callao,Terrestre,Estándar,121.51,3,6.28,2,2.8,Media,Domingo,Alta,0
ORD-13508,2025-10-24,Piura,Costa Norte,Aéreo,Express,986.96,3,8.98,9,12.72,Baja,Viernes,Media,1
ORD-13509,2025-01-22,Lima,Lima y Callao,Terrestre,Estándar,71.02,3,6.01,5,6.19,Media,Miércoles,Media,0
ORD-13510,2025-05-08,Piura,Costa Norte,Terrestre,Estándar,1035.16,7,5.12,3,6.0,Media,Jueves,Media,0
ORD-13511,2025-12-21,Lima,Lima y Callao,Terrestre,Estándar,92.16,3,10.27,5,8.85,Media,Domingo,Alta,0
ORD-13512,2025-07-31,Lima,Lima y Callao,Terrestre,Express,128.89,2,8.99,5,2.95,Media,Jueves,Alta,1
ORD-13513,2025-02-16,Áncash,Costa Norte,Terrestre,Estándar,440.65,4,6.62,6,5.19,Media,Domingo,Alta,0
ORD-13514,2025-02-21,Lima,Lima y Callao,Terrestre,Express,65.92,2,4.01,4,5.88,Baja,Viernes,Baja,0
ORD-13515,2025-04-07,Arequipa,Costa Sur,Terrestre,Estándar,1119.91,6,1.63,3,5.06,Media,Lunes,Baja,0
ORD-13516,2025-12-21,Arequipa,Costa Sur,Terrestre,Express,1025.3,3,10.04,5,6.54,Baja,Domingo,Alta,1
ORD-13517,2025-03-03,Cajamarca,Sierra Norte,Terrestre,Estándar,891.18,6,6.87,5,2.7,Baja,Lunes,Alta,0
ORD-13518,2025-11-26,Madre de Dios,Selva Centro-Sur,Aéreo,Estándar,1205.84,6,7.62,5,7.81,Media,Miércoles,Media,1
ORD-13519,2025-09-05,Lima,Lima y Callao,Terrestre,Mismo Día,46.88,1,2.93,2,5.15,Media,Viernes,Baja,0
ORD-13520,2025-12-03,San Martín,Selva Norte,Terrestre,Estándar,1129.36,6,4.41,1,0.56,Alta,Miércoles,Alta,0
ORD-13521,2025-10-29,Tumbes,Costa Norte,Terrestre,Express,1256.36,4,9.79,7,12.81,Baja,Miércoles,Media,0
ORD-13522,2025-05-02,Piura,Costa Norte,Terrestre,Estándar,1051.31,6,7.1,4,10.93,Media,Viernes,Alta,1
ORD-13523,2025-10-30,Ayacucho,Sierra Sur,Terrestre,Estándar,714.43,4,7.84,7,12.65,Alta,Jueves,Media,1
ORD-13524,2025-03-03,Piura,Costa Norte,Terrestre,Estándar,1008.22,7,4.94,4,4.7,Media,Lunes,Media,0
ORD-13525,2025-04-17,Pasco,Sierra Centro,Terrestre,Estándar,313.83,4,7.07,4,7.06,Alta,Jueves,Alta,0
ORD-13526,2025-03-19,Piura,Costa Norte,Terrestre,Express,998.53,3,8.15,7,7.98,Alta,Miércoles,Media,0
ORD-13527,2025-02-18,Cajamarca,Sierra Norte,Terrestre,Estándar,777.78,5,6.5,5,7.83,Alta,Martes,Media,0
ORD-13528,2025-02-02,Arequipa,Costa Sur,Terrestre,Express,1070.67,3,3.62,4,5.07,Alta,Domingo,Baja,0
ORD-13529,2025-03-10,Puno,Sierra Sur,Terrestre,Estándar,1360.32,7,3.97,3,3.56,Media,Lunes,Media,0
ORD-13530,2025-02-13,Cajamarca,Sierra Norte,Terrestre,Estándar,992.54,6,8.66,7,5.82,Media,Jueves,Alta,1
ORD-13531,2025-05-19,Junín,Sierra Centro,Terrestre,Express,349.58,2,3.01,2,2.05,Alta,Lunes,Baja,0
ORD-13532,2025-01-27,Lambayeque,Costa Norte,Terrestre,Express,759.84,3,6.08,3,7.46,Alta,Lunes,Media,0
ORD-13533,2025-01-23,Arequipa,Costa Sur,Terrestre,Express,1136.61,4,6.95,8,7.25,Baja,Jueves,Baja,0
ORD-13534,2025-12-28,Áncash,Costa Norte,Terrestre,Estándar,419.57,5,8.69,8,3.95,Media,Domingo,Alta,1
ORD-13535,2025-02-02,Ucayali,Selva Centro-Sur,Aéreo,Express,987.32,3,8.74,4,22.85,Baja,Domingo,Media,1
ORD-13536,2025-01-28,Piura,Costa Norte,Terrestre,Estándar,1043.22,6,7.52,6,5.62,Alta,Martes,Media,0
ORD-13537,2025-01-11,Puno,Sierra Sur,Terrestre,Express,1365.03,4,5.5,5,5.3,Baja,Sábado,Media,1
ORD-13538,2025-02-18,Huancavelica,Sierra Centro,Terrestre,Express,509.54,2,5.23,5,5.31,Media,Martes,Media,0
ORD-13539,2025-07-12,Callao,Lima y Callao,Terrestre,Estándar,41.81,3,5.18,3,3.93,Media,Sábado,Media,0
ORD-13540,2025-10-29,La Libertad,Costa Norte,Terrestre,Estándar,660.57,5,6.82,3,2.75,Baja,Miércoles,Alta,0
ORD-13541,2025-09-26,Lambayeque,Costa Norte,Terrestre,Express,854.23,3,4.4,3,7.28,Alta,Viernes,Media,0
ORD-13542,2025-07-31,Amazonas,Selva Norte,Terrestre,Express,1067.1,3,7.94,6,6.71,Media,Jueves,Media,0
ORD-13543,2025-02-01,Lima,Lima y Callao,Terrestre,Express,111.86,2,6.67,7,5.39,Baja,Sábado,Media,1
ORD-13544,2025-10-10,Ucayali,Selva Centro-Sur,Aéreo,Estándar,838.48,5,3.88,3,1.42,Baja,Viernes,Media,0
ORD-13545,2025-01-14,Lima,Lima y Callao,Terrestre,Estándar,96.87,2,7.65,5,9.84,Media,Martes,Media,0
ORD-13546,2025-08-19,La Libertad,Costa Norte,Terrestre,Estándar,652.7,5,6.65,3,3.45,Media,Martes,Alta,0
ORD-13547,2025-05-30,La Libertad,Costa Norte,Terrestre,Estándar,668.68,6,5.86,6,8.47,Media,Viernes,Baja,0
ORD-13548,2025-11-18,Arequipa,Costa Sur,Terrestre,Estándar,1008.64,6,5.21,4,3.33,Media,Martes,Baja,0
ORD-13549,2025-04-23,Cusco,Sierra Sur,Terrestre,Express,1037.93,3,8.07,7,8.79,Alta,Miércoles,Media,0
ORD-13550,2025-08-22,Lima,Lima y Callao,Terrestre,Mismo Día,62.1,1,6.39,5,6.03,Media,Viernes,Media,1
ORD-13551,2025-06-10,La Libertad,Costa Norte,Terrestre,Estándar,567.34,3,6.91,4,7.68,Media,Martes,Media,0
ORD-13552,2025-07-10,Lima,Lima y Callao,Terrestre,Express,73.51,2,5.84,3,4.17,Media,Jueves,Alta,0
ORD-13553,2025-12-09,Piura,Costa Norte,Terrestre,Express,1031.88,3,5.89,5,3.67,Alta,Martes,Baja,0
ORD-13554,2025-09-18,Callao,Lima y Callao,Terrestre,Estándar,36.46,3,14.34,8,27.17,Media,Jueves,Alta,0
ORD-13555,2025-06-01,Áncash,Costa Norte,Terrestre,Estándar,391.26,4,6.05,2,3.46,Media,Domingo,Alta,0
ORD-13556,2025-06-13,Áncash,Costa Norte,Terrestre,Estándar,452.76,5,5.16,4,3.28,Alta,Viernes,Media,0
ORD-13557,2025-09-15,Ayacucho,Sierra Sur,Terrestre,Estándar,575.23,4,4.31,3,4.17,Alta,Lunes,Media,0
ORD-13558,2025-05-07,Lima,Lima y Callao,Terrestre,Express,62.42,2,5.25,3,4.46,Media,Miércoles,Media,0
ORD-13559,2025-03-03,Loreto,Selva Norte,Aéreo,Estándar,1645.76,9,4.11,3,4.8,Media,Lunes,Media,0
ORD-13560,2025-06-20,Piura,Costa Norte,Terrestre,Estándar,896.28,5,3.23,2,2.95,Media,Viernes,Media,0
ORD-13561,2025-01-25,Lima,Lima y Callao,Terrestre,Express,78.03,2,2.92,3,4.23,Media,Sábado,Baja,0
ORD-13562,2025-03-03,La Libertad,Costa Norte,Terrestre,Estándar,620.91,4,7.56,5,8.93,Baja,Lunes,Alta,1
ORD-13563,2025-06-03,Cajamarca,Sierra Norte,Terrestre,Estándar,843.29,5,7.68,7,12.08,Media,Martes,Alta,0
ORD-13564,2025-10-18,La Libertad,Costa Norte,Terrestre,Estándar,588.71,4,7.11,6,9.85,Media,Sábado,Media,1
ORD-13565,2025-10-13,Ica,Costa Sur,Terrestre,Estándar,268.84,3,5.97,6,3.56,Media,Lunes,Media,0
ORD-13566,2025-04-06,Piura,Costa Norte,Aéreo,Express,945.19,3,6.04,3,2.5,Alta,Domingo,Alta,0
ORD-13567,2025-06-04,Lambayeque,Costa Norte,Terrestre,Estándar,836.33,5,3.37,3,2.98,Baja,Miércoles,Media,1
ORD-13568,2025-02-26,Callao,Lima y Callao,Terrestre,Express,36.94,2,4.59,5,5.49,Alta,Miércoles,Baja,0
ORD-13569,2025-10-03,Huancavelica,Sierra Centro,Terrestre,Estándar,504.73,5,3.97,3,2.83,Baja,Viernes,Media,0
ORD-13570,2025-03-31,Ayacucho,Sierra Sur,Terrestre,Estándar,600.74,4,6.93,6,4.56,Baja,Lunes,Media,0
ORD-13571,2025-10-19,Puno,Sierra Sur,Terrestre,Estándar,1499.51,8,4.68,3,4.53,Baja,Domingo,Media,0
ORD-13572,2025-11-04,Apurímac,Sierra Sur,Terrestre,Express,777.69,3,10.22,8,6.52,Media,Martes,Alta,0
ORD-13573,2025-09-09,Áncash,Costa Norte,Terrestre,Estándar,481.85,3,7.02,8,3.45,Media,Martes,Baja,0
ORD-13574,2025-05-01,Callao,Lima y Callao,Terrestre,Express,32.8,2,5.65,6,3.92,Media,Jueves,Baja,0
ORD-13575,2025-12-14,Loreto,Selva Norte,Aéreo,Express,1672.95,5,7.44,7,6.41,Media,Domingo,Media,1
ORD-13576,2025-09-08,Lima,Lima y Callao,Terrestre,Mismo Día,68.68,1,9.02,7,7.53,Media,Lunes,Media,0
ORD-13577,2025-08-24,Lima,Lima y Callao,Terrestre,Express,37.65,2,7.53,6,10.91,Baja,Domingo,Alta,0
ORD-13578,2025-11-09,Junín,Sierra Centro,Terrestre,Express,368.1,2,12.8,9,12.99,Media,Domingo,Alta,0
ORD-13579,2025-11-18,Arequipa,Costa Sur,Terrestre,Estándar,977.34,7,5.63,4,2.43,Baja,Martes,Media,1
ORD-13580,2025-01-29,Piura,Costa Norte,Terrestre,Estándar,1005.37,6,8.53,4,8.74,Baja,Miércoles,Alta,0
ORD-13581,2025-11-18,Callao,Lima y Callao,Terrestre,Express,46.56,2,8.65,6,6.94,Baja,Martes,Alta,1
ORD-13582,2025-10-07,Áncash,Costa Norte,Terrestre,Estándar,443.39,5,6.49,6,7.2,Media,Martes,Media,0
ORD-13583,2025-03-17,Lima,Lima y Callao,Terrestre,Express,54.89,2,6.11,6,7.79,Media,Lunes,Media,0
ORD-13584,2025-04-23,Arequipa,Costa Sur,Aéreo,Express,1047.23,3,3.04,3,2.08,Alta,Miércoles,Media,0
ORD-13585,2025-10-02,Arequipa,Costa Sur,Terrestre,Estándar,990.4,6,4.49,4,6.29,Media,Jueves,Baja,0
ORD-13586,2025-03-21,Loreto,Selva Norte,Aéreo,Estándar,1777.81,8,5.77,8,4.37,Media,Viernes,Baja,0
ORD-13587,2025-06-15,Lima,Lima y Callao,Terrestre,Estándar,110.97,2,7.64,6,12.79,Media,Domingo,Media,0
ORD-13588,2025-09-09,Cusco,Sierra Sur,Terrestre,Express,1079.41,3,5.29,5,6.61,Baja,Martes,Media,0
ORD-13589,2025-08-26,Junín,Sierra Centro,Terrestre,Estándar,430.6,3,9.04,7,10.01,Media,Martes,Media,0
ORD-13590,2025-11-29,Lima,Lima y Callao,Terrestre,Estándar,94.59,3,7.85,5,7.78,Baja,Sábado,Alta,0
ORD-13591,2025-02-10,Arequipa,Costa Sur,Terrestre,Estándar,1022.67,5,6.08,5,4.75,Baja,Lunes,Media,0
ORD-13592,2025-04-18,Arequipa,Costa Sur,Aéreo,Express,978.93,3,9.38,8,16.85,Alta,Viernes,Baja,1
ORD-13593,2025-12-26,Lima,Lima y Callao,Terrestre,Estándar,104.39,3,7.49,6,5.67,Baja,Viernes,Media,0
ORD-13594,2025-07-27,Lima,Lima y Callao,Terrestre,Mismo Día,74.42,1,8.15,6,4.99,Baja,Domingo,Alta,0
ORD-13595,2025-04-01,Tumbes,Costa Norte,Terrestre,Estándar,1183.63,6,7.61,7,8.71,Alta,Martes,Baja,0
ORD-13596,2025-04-16,Junín,Sierra Centro,Terrestre,Express,418.34,2,3.71,2,1.37,Media,Miércoles,Media,0
ORD-13597,2025-05-04,Arequipa,Costa Sur,Terrestre,Estándar,936.9,6,5.99,4,3.93,Media,Domingo,Media,0
ORD-13598,2025-07-22,Lima,Lima y Callao,Terrestre,Estándar,103.71,4,6.35,5,6.93,Baja,Martes,Media,0
ORD-13599,2025-04-14,Lima,Lima y Callao,Terrestre,Express,49.9,2,8.82,8,13.33,Media,Lunes,Media,0
ORD-13600,2025-08-15,Ayacucho,Sierra Sur,Terrestre,Estándar,606.58,4,3.07,3,3.58,Alta,Viernes,Baja,0
ORD-13601,2025-06-12,Lima,Lima y Callao,Terrestre,Estándar,129.97,2,5.69,5,4.16,Media,Jueves,Media,0
ORD-13602,2025-08-11,Callao,Lima y Callao,Terrestre,Mismo Día,19.94,1,3.74,3,3.15,Media,Lunes,Baja,0
ORD-13603,2025-02-26,Piura,Costa Norte,Terrestre,Estándar,990.16,7,6.48,5,4.41,Media,Miércoles,Alta,0
ORD-13604,2025-08-16,Pasco,Sierra Centro,Terrestre,Estándar,355.2,4,7.88,7,8.14,Media,Sábado,Media,0
ORD-13605,2025-12-04,La Libertad,Costa Norte,Terrestre,Estándar,664.56,5,5.43,4,3.81,Media,Jueves,Media,0
ORD-13606,2025-02-19,Tacna,Costa Sur,Terrestre,Express,1267.34,4,5.96,4,3.4,Baja,Miércoles,Alta,1
ORD-13607,2025-04-30,Tumbes,Costa Norte,Terrestre,Estándar,1314.81,7,6.09,7,5.14,Baja,Miércoles,Baja,1
ORD-13608,2025-09-11,Ayacucho,Sierra Sur,Terrestre,Estándar,608.82,4,7.8,8,4.51,Media,Jueves,Baja,0
ORD-13609,2025-08-14,Junín,Sierra Centro,Terrestre,Estándar,356.08,5,5.62,4,7.61,Alta,Jueves,Baja,0
ORD-13610,2025-09-04,Lima,Lima y Callao,Terrestre,Estándar,73.22,3,11.69,8,12.96,Alta,Jueves,Alta,0
ORD-13611,2025-07-24,Arequipa,Costa Sur,Terrestre,Estándar,1000.6,7,7.0,4,2.78,Alta,Jueves,Alta,0
ORD-13612,2025-09-07,Junín,Sierra Centro,Terrestre,Express,368.09,2,10.94,9,14.28,Media,Domingo,Baja,0
ORD-13613,2025-08-11,Cusco,Sierra Sur,Terrestre,Estándar,974.13,6,5.17,4,5.4,Media,Lunes,Baja,0
ORD-13614,2025-01-28,San Martín,Selva Norte,Terrestre,Express,1069.02,3,3.53,4,3.0,Alta,Martes,Media,1
ORD-13615,2025-10-02,La Libertad,Costa Norte,Terrestre,Estándar,630.14,4,5.41,4,3.2,Baja,Jueves,Media,0
ORD-13616,2025-06-13,Lima,Lima y Callao,Terrestre,Express,85.59,2,5.41,4,4.61,Media,Viernes,Media,0
ORD-13617,2025-01-19,La Libertad,Costa Norte,Terrestre,Estándar,572.78,3,5.18,3,5.05,Baja,Domingo,Media,0
ORD-13618,2025-05-30,Ayacucho,Sierra Sur,Aéreo,Express,597.62,3,5.26,5,8.08,Alta,Viernes,Media,0
ORD-13619,2025-06-08,Piura,Costa Norte,Terrestre,Express,957.9,3,3.64,5,4.94,Alta,Domingo,Baja,0
ORD-13620,2025-02-01,Amazonas,Selva Norte,Multimodal,Estándar,1152.79,7,4.38,3,4.26,Alta,Sábado,Media,0
ORD-13621,2025-12-30,Apurímac,Sierra Sur,Terrestre,Express,966.03,3,3.5,3,3.77,Baja,Martes,Media,0
ORD-13622,2025-03-23,Junín,Sierra Centro,Terrestre,Express,372.33,2,5.45,4,3.48,Alta,Domingo,Media,0
ORD-13623,2025-05-01,Lima,Lima y Callao,Terrestre,Estándar,104.18,3,6.0,5,9.08,Baja,Jueves,Baja,0
ORD-13624,2025-06-10,Ica,Costa Sur,Terrestre,Estándar,248.81,2,5.21,2,2.9,Baja,Martes,Media,0
ORD-13625,2025-10-31,Arequipa,Costa Sur,Terrestre,Express,1109.37,4,12.27,11,16.15,Media,Viernes,Media,0
ORD-13626,2025-09-29,Ica,Costa Sur,Terrestre,Estándar,278.22,3,6.83,4,3.61,Media,Lunes,Alta,0
ORD-13627,2025-10-09,Cusco,Sierra Sur,Aéreo,Express,1035.01,3,5.46,4,3.94,Alta,Jueves,Media,0
ORD-13628,2025-03-28,Amazonas,Selva Norte,Multimodal,Estándar,1037.67,7,5.8,4,7.13,Media,Viernes,Media,0
ORD-13629,2025-11-05,Lima,Lima y Callao,Terrestre,Express,38.0,2,8.75,6,6.12,Media,Miércoles,Alta,0
ORD-13630,2025-10-30,Arequipa,Costa Sur,Terrestre,Estándar,1062.76,5,8.27,9,9.59,Media,Jueves,Baja,0
ORD-13631,2025-06-19,Huancavelica,Sierra Centro,Aéreo,Estándar,479.45,4,1.85,4,3.18,Baja,Jueves,Baja,0
ORD-13632,2025-07-19,Lima,Lima y Callao,Terrestre,Estándar,65.3,4,6.08,3,4.32,Alta,Sábado,Media,0
ORD-13633,2025-01-14,Lima,Lima y Callao,Terrestre,Estándar,53.36,4,6.44,5,3.67,Media,Martes,Media,0
ORD-13634,2025-10-05,Cusco,Sierra Sur,Terrestre,Estándar,1207.76,6,5.29,3,4.66,Baja,Domingo,Media,0
ORD-13635,2025-12-17,Ica,Costa Sur,Terrestre,Estándar,322.98,4,5.54,4,3.32,Media,Miércoles,Media,0
ORD-13636,2025-06-22,Cusco,Sierra Sur,Terrestre,Estándar,1179.43,6,9.16,9,9.83,Media,Domingo,Media,0
ORD-13637,2025-07-17,Tacna,Costa Sur,Terrestre,Estándar,1379.2,7,7.14,5,11.88,Alta,Jueves,Media,0
ORD-13638,2025-07-02,Callao,Lima y Callao,Terrestre,Express,62.52,2,7.2,5,6.94,Baja,Miércoles,Alta,0
ORD-13639,2025-01-31,Callao,Lima y Callao,Terrestre,Mismo Día,38.77,1,4.44,4,3.85,Baja,Viernes,Media,0
ORD-13640,2025-08-15,Lambayeque,Costa Norte,Terrestre,Express,748.17,3,4.93,3,5.48,Alta,Viernes,Media,0
ORD-13641,2025-09-21,Callao,Lima y Callao,Terrestre,Express,32.79,2,5.25,4,3.8,Media,Domingo,Media,0
ORD-13642,2025-12-05,Cajamarca,Sierra Norte,Terrestre,Express,855.14,3,7.12,5,3.97,Media,Viernes,Alta,0
ORD-13643,2025-12-06,Arequipa,Costa Sur,Terrestre,Express,1048.74,3,6.67,5,4.91,Baja,Sábado,Alta,0
ORD-13644,2025-06-29,Lima,Lima y Callao,Terrestre,Express,23.17,2,6.67,4,7.78,Alta,Domingo,Alta,0
ORD-13645,2025-12-17,Lima,Lima y Callao,Terrestre,Estándar,47.74,3,8.81,5,9.62,Media,Miércoles,Alta,0
ORD-13646,2025-07-12,Lima,Lima y Callao,Terrestre,Express,104.95,2,4.87,3,3.15,Baja,Sábado,Alta,0
ORD-13647,2025-08-23,Lima,Lima y Callao,Terrestre,Estándar,44.85,3,6.01,6,6.56,Baja,Sábado,Baja,0
ORD-13648,2025-08-08,Ica,Costa Sur,Terrestre,Express,242.79,2,3.99,1,1.42,Baja,Viernes,Media,0
ORD-13649,2025-12-31,Puno,Sierra Sur,Terrestre,Estándar,1274.96,6,7.85,5,17.42,Baja,Miércoles,Baja,0
ORD-13650,2025-09-27,Lima,Lima y Callao,Terrestre,Estándar,105.88,3,7.72,5,5.5,Baja,Sábado,Media,0
ORD-13651,2025-02-13,Loreto,Selva Norte,Aéreo,Estándar,1193.52,6,4.5,3,6.9,Baja,Jueves,Media,1
ORD-13652,2025-01-27,Lima,Lima y Callao,Terrestre,Estándar,48.38,2,5.11,5,6.66,Baja,Lunes,Baja,0
ORD-13653,2025-05-30,Junín,Sierra Centro,Terrestre,Estándar,327.75,4,6.16,4,7.21,Media,Viernes,Media,0
ORD-13654,2025-07-08,Huancavelica,Sierra Centro,Terrestre,Estándar,554.98,4,6.74,3,5.6,Media,Martes,Alta,0
ORD-13655,2025-09-02,La Libertad,Costa Norte,Terrestre,Estándar,578.02,4,4.75,5,6.62,Media,Martes,Media,0
ORD-13656,2025-06-25,Arequipa,Costa Sur,Terrestre,Estándar,930.47,5,7.05,7,8.24,Alta,Miércoles,Baja,0
ORD-13657,2025-07-07,Lambayeque,Costa Norte,Terrestre,Estándar,837.94,5,7.99,5,5.52,Baja,Lunes,Alta,1
ORD-13658,2025-12-03,Áncash,Costa Norte,Terrestre,Estándar,483.04,4,5.48,2,3.53,Alta,Miércoles,Alta,0
ORD-13659,2025-05-03,Amazonas,Selva Norte,Multimodal,Estándar,1025.37,6,11.59,8,15.98,Alta,Sábado,Alta,1
ORD-13660,2025-06-30,San Martín,Selva Norte,Terrestre,Express,1033.53,3,6.46,4,8.61,Alta,Lunes,Media,0
ORD-13661,2025-07-23,Lima,Lima y Callao,Terrestre,Express,54.25,2,9.3,6,11.96,Baja,Miércoles,Alta,0
ORD-13662,2025-06-20,Lima,Lima y Callao,Terrestre,Express,109.42,2,6.85,4,4.28,Baja,Viernes,Alta,0
ORD-13663,2025-12-20,Ica,Costa Sur,Terrestre,Express,271.85,2,9.59,8,7.37,Media,Sábado,Alta,0
ORD-13664,2025-12-18,Lima,Lima y Callao,Terrestre,Estándar,145.11,4,11.25,8,6.68,Baja,Jueves,Alta,0
ORD-13665,2025-07-07,Piura,Costa Norte,Terrestre,Estándar,1020.96,6,8.13,4,5.11,Baja,Lunes,Alta,0
ORD-13666,2025-06-14,Lima,Lima y Callao,Terrestre,Estándar,94.5,3,4.96,4,7.43,Baja,Sábado,Media,0
ORD-13667,2025-08-03,Lima,Lima y Callao,Terrestre,Express,15.72,2,4.36,3,3.21,Media,Domingo,Baja,0
ORD-13668,2025-03-08,Lambayeque,Costa Norte,Terrestre,Estándar,833.24,5,6.88,4,4.85,Alta,Sábado,Alta,0
ORD-13669,2025-06-05,Junín,Sierra Centro,Terrestre,Estándar,400.66,5,10.22,7,11.1,Baja,Jueves,Alta,0
ORD-13670,2025-03-21,Lima,Lima y Callao,Terrestre,Express,118.62,2,5.41,3,3.22,Alta,Viernes,Alta,0
ORD-13671,2025-02-22,Ucayali,Selva Centro-Sur,Terrestre,Estándar,769.47,6,9.48,8,8.66,Media,Sábado,Alta,1
ORD-13672,2025-02-04,La Libertad,Costa Norte,Terrestre,Express,637.77,3,3.76,3,6.05,Baja,Martes,Baja,0
ORD-13673,2025-08-03,La Libertad,Costa Norte,Terrestre,Estándar,652.67,5,4.42,4,5.05,Media,Domingo,Media,0
ORD-13674,2025-01-01,La Libertad,Costa Norte,Terrestre,Estándar,688.28,6,1.78,2,2.12,Baja,Miércoles,Media,0
ORD-13675,2025-08-24,La Libertad,Costa Norte,Terrestre,Express,621.34,3,3.81,3,3.78,Alta,Domingo,Media,0
ORD-13676,2025-06-07,Ucayali,Selva Centro-Sur,Multimodal,Express,886.33,4,9.0,7,10.16,Media,Sábado,Alta,0
ORD-13677,2025-05-14,Lima,Lima y Callao,Terrestre,Express,78.97,2,4.2,3,10.79,Media,Miércoles,Baja,0
ORD-13678,2025-10-08,Junín,Sierra Centro,Terrestre,Express,395.94,2,11.51,7,16.27,Media,Miércoles,Alta,0
ORD-13679,2025-07-16,Junín,Sierra Centro,Terrestre,Estándar,446.43,4,13.15,6,29.65,Baja,Miércoles,Media,1
ORD-13680,2025-09-25,La Libertad,Costa Norte,Terrestre,Express,623.64,3,4.88,6,4.58,Alta,Jueves,Baja,0
ORD-13681,2025-09-16,Áncash,Costa Norte,Terrestre,Estándar,377.24,4,7.21,4,8.78,Alta,Martes,Alta,0
ORD-13682,2025-01-12,Lima,Lima y Callao,Terrestre,Express,20.03,2,10.15,6,14.3,Media,Domingo,Alta,0
ORD-13683,2025-03-20,Loreto,Selva Norte,Multimodal,Express,1423.99,5,3.79,3,4.03,Media,Jueves,Media,0
ORD-13684,2025-07-28,Lima,Lima y Callao,Terrestre,Express,130.96,2,3.47,4,4.05,Baja,Lunes,Media,0
ORD-13685,2025-12-23,Callao,Lima y Callao,Terrestre,Estándar,17.48,3,11.49,7,11.3,Baja,Martes,Alta,0
ORD-13686,2025-02-26,Lima,Lima y Callao,Terrestre,Estándar,76.51,3,4.02,4,4.16,Baja,Miércoles,Baja,0
ORD-13687,2025-02-08,Lima,Lima y Callao,Terrestre,Estándar,147.37,3,6.46,6,4.39,Media,Sábado,Media,0
ORD-13688,2025-12-10,Cusco,Sierra Sur,Terrestre,Estándar,1061.84,7,5.46,2,1.87,Media,Miércoles,Alta,0
ORD-13689,2025-12-19,Lima,Lima y Callao,Terrestre,Express,58.27,2,3.3,3,1.83,Alta,Viernes,Media,0
ORD-13690,2025-03-03,Lima,Lima y Callao,Terrestre,Mismo Día,72.45,1,6.01,4,5.12,Baja,Lunes,Alta,1
ORD-13691,2025-05-27,Pasco,Sierra Centro,Terrestre,Estándar,332.81,4,6.55,5,8.18,Baja,Martes,Media,0
ORD-13692,2025-08-17,Ayacucho,Sierra Sur,Terrestre,Express,555.49,3,6.13,6,4.66,Baja,Domingo,Media,0
ORD-13693,2025-03-13,Callao,Lima y Callao,Terrestre,Mismo Día,46.73,1,2.64,3,4.44,Alta,Jueves,Baja,0
ORD-13694,2025-04-30,Lambayeque,Costa Norte,Terrestre,Estándar,792.46,4,7.14,4,6.18,Media,Miércoles,Alta,0
ORD-13695,2025-05-25,Áncash,Costa Norte,Terrestre,Express,437.0,2,5.88,4,5.75,Media,Domingo,Media,0
ORD-13696,2025-08-23,La Libertad,Costa Norte,Terrestre,Estándar,624.98,4,7.63,5,8.36,Media,Sábado,Alta,0
ORD-13697,2025-04-23,Lima,Lima y Callao,Terrestre,Express,19.64,2,10.21,7,9.37,Media,Miércoles,Alta,1
ORD-13698,2025-05-31,Cajamarca,Sierra Norte,Terrestre,Estándar,831.21,5,4.34,2,4.3,Baja,Sábado,Media,0
ORD-13699,2025-04-16,Lambayeque,Costa Norte,Terrestre,Estándar,747.47,6,8.65,7,10.67,Baja,Miércoles,Media,1
ORD-13700,2025-10-05,Ucayali,Selva Centro-Sur,Terrestre,Estándar,781.13,5,3.63,3,2.54,Baja,Domingo,Media,0
ORD-13701,2025-02-25,Lima,Lima y Callao,Terrestre,Express,111.45,2,5.27,3,8.22,Baja,Martes,Media,0
ORD-13702,2025-03-26,Lima,Lima y Callao,Terrestre,Mismo Día,44.31,1,5.67,4,3.94,Media,Miércoles,Media,0
ORD-13703,2025-04-02,Lima,Lima y Callao,Terrestre,Express,103.23,2,6.58,7,8.53,Media,Miércoles,Media,0
ORD-13704,2025-11-27,Callao,Lima y Callao,Terrestre,Mismo Día,25.53,1,8.47,4,15.13,Media,Jueves,Alta,0
ORD-13705,2025-12-11,Cajamarca,Sierra Norte,Terrestre,Estándar,816.87,5,4.84,4,5.9,Media,Jueves,Baja,1
ORD-13706,2025-07-02,Lima,Lima y Callao,Terrestre,Estándar,50.72,3,5.3,2,1.92,Media,Miércoles,Alta,0
ORD-13707,2025-02-27,La Libertad,Costa Norte,Terrestre,Estándar,613.21,5,4.44,3,4.53,Alta,Jueves,Media,0
ORD-13708,2025-10-03,Huancavelica,Sierra Centro,Terrestre,Express,536.64,2,5.94,4,6.15,Media,Viernes,Media,0
ORD-13709,2025-06-29,Áncash,Costa Norte,Terrestre,Express,467.43,2,7.75,5,6.66,Media,Domingo,Alta,0
ORD-13710,2025-11-07,Piura,Costa Norte,Terrestre,Express,908.09,3,6.46,5,4.98,Baja,Viernes,Media,0
ORD-13711,2025-05-12,Áncash,Costa Norte,Terrestre,Estándar,432.05,4,6.64,7,4.73,Media,Lunes,Media,0
ORD-13712,2025-12-31,Lima,Lima y Callao,Terrestre,Express,116.62,2,5.32,3,2.22,Media,Miércoles,Media,0
ORD-13713,2025-10-22,Junín,Sierra Centro,Terrestre,Estándar,340.56,4,6.67,5,4.36,Baja,Miércoles,Media,0
ORD-13714,2025-03-23,Lima,Lima y Callao,Terrestre,Mismo Día,37.02,1,6.09,3,6.45,Baja,Domingo,Alta,0
ORD-13715,2025-09-22,Cusco,Sierra Sur,Terrestre,Estándar,989.57,6,3.55,2,1.5,Media,Lunes,Media,0
ORD-13716,2025-04-15,Cajamarca,Sierra Norte,Terrestre,Estándar,808.83,5,5.06,4,5.26,Media,Martes,Media,0
ORD-13717,2025-05-08,Lima,Lima y Callao,Terrestre,Express,135.24,2,5.28,5,10.88,Media,Jueves,Baja,0
ORD-13718,2025-04-02,Lima,Lima y Callao,Terrestre,Express,74.61,2,3.3,4,6.67,Media,Miércoles,Baja,0
ORD-13719,2025-09-07,Callao,Lima y Callao,Terrestre,Estándar,40.57,3,8.33,5,11.37,Media,Domingo,Media,0
ORD-13720,2025-04-06,La Libertad,Costa Norte,Terrestre,Estándar,646.74,6,8.6,6,5.79,Media,Domingo,Alta,0
ORD-13721,2025-08-22,La Libertad,Costa Norte,Terrestre,Estándar,599.0,4,3.98,2,3.23,Baja,Viernes,Media,0
ORD-13722,2025-08-01,Callao,Lima y Callao,Terrestre,Estándar,46.17,3,5.86,4,7.88,Media,Viernes,Baja,0
ORD-13723,2025-10-02,Lima,Lima y Callao,Terrestre,Express,36.41,2,2.27,2,4.13,Media,Jueves,Baja,0
ORD-13724,2025-12-29,Ayacucho,Sierra Sur,Terrestre,Estándar,612.82,4,9.49,5,8.89,Alta,Lunes,Alta,0
ORD-13725,2025-01-04,Lima,Lima y Callao,Terrestre,Estándar,40.23,3,4.33,3,2.48,Media,Sábado,Media,1
ORD-13726,2025-12-28,Arequipa,Costa Sur,Terrestre,Estándar,980.73,7,3.92,2,3.22,Media,Domingo,Media,0
ORD-13727,2025-02-09,Lambayeque,Costa Norte,Terrestre,Estándar,763.18,5,3.51,4,6.02,Alta,Domingo,Media,0
ORD-13728,2025-07-12,Ica,Costa Sur,Terrestre,Estándar,315.24,3,8.49,7,8.11,Alta,Sábado,Alta,0
ORD-13729,2025-05-05,Lambayeque,Costa Norte,Aéreo,Estándar,801.74,5,8.55,5,4.76,Baja,Lunes,Alta,0
ORD-13730,2025-08-22,La Libertad,Costa Norte,Terrestre,Estándar,643.4,5,11.9,8,11.57,Alta,Viernes,Alta,0
ORD-13731,2025-09-21,Puno,Sierra Sur,Terrestre,Estándar,1256.37,6,2.73,4,3.41,Baja,Domingo,Baja,0
ORD-13732,2025-11-10,Lambayeque,Costa Norte,Terrestre,Estándar,869.31,5,4.79,5,5.15,Alta,Lunes,Media,0
ORD-13733,2025-05-27,Madre de Dios,Selva Centro-Sur,Terrestre,Estándar,1075.59,6,6.0,3,6.04,Baja,Martes,Media,0
ORD-13734,2025-12-07,Callao,Lima y Callao,Terrestre,Estándar,56.16,3,10.86,7,13.22,Media,Domingo,Alta,0
ORD-13735,2025-04-28,Junín,Sierra Centro,Terrestre,Estándar,402.97,4,6.24,4,6.19,Alta,Lunes,Alta,0
ORD-13736,2025-03-16,Arequipa,Costa Sur,Terrestre,Estándar,1028.35,7,3.14,3,3.13,Baja,Domingo,Media,0
ORD-13737,2025-05-19,La Libertad,Costa Norte,Terrestre,Estándar,605.9,4,2.77,4,2.94,Alta,Lunes,Baja,0
ORD-13738,2025-07-12,Lima,Lima y Callao,Terrestre,Express,114.32,2,5.89,3,2.86,Media,Sábado,Media,0
ORD-13739,2025-09-01,Pasco,Sierra Centro,Terrestre,Express,372.31,2,7.29,5,10.31,Baja,Lunes,Media,0
ORD-13740,2025-10-31,Lima,Lima y Callao,Terrestre,Mismo Día,47.01,1,5.6,6,8.08,Alta,Viernes,Media,0
ORD-13741,2025-03-24,Lima,Lima y Callao,Terrestre,Express,119.31,2,7.87,8,8.87,Media,Lunes,Media,0
ORD-13742,2025-04-21,Callao,Lima y Callao,Terrestre,Express,18.62,2,9.23,7,8.84,Alta,Lunes,Media,0
ORD-13743,2025-12-09,Áncash,Costa Norte,Terrestre,Express,415.44,2,10.68,7,11.11,Alta,Martes,Alta,0
ORD-13744,2025-06-10,Loreto,Selva Norte,Aéreo,Estándar,1437.03,6,2.89,3,2.65,Baja,Martes,Media,0
ORD-13745,2025-03-30,Cajamarca,Sierra Norte,Terrestre,Estándar,953.52,5,8.14,7,6.59,Baja,Domingo,Alta,1
ORD-13746,2025-12-26,Arequipa,Costa Sur,Aéreo,Estándar,1010.49,7,6.56,3,5.07,Media,Viernes,Alta,0
ORD-13747,2025-06-13,San Martín,Selva Norte,Terrestre,Estándar,1026.16,6,7.88,6,7.9,Media,Viernes,Media,1
ORD-13748,2025-12-26,Tacna,Costa Sur,Terrestre,Estándar,1314.12,8,4.73,1,2.22,Baja,Viernes,Alta,1
ORD-13749,2025-12-02,Lima,Lima y Callao,Terrestre,Estándar,61.73,4,8.8,4,6.7,Media,Martes,Alta,0
ORD-13750,2025-11-27,Junín,Sierra Centro,Terrestre,Estándar,369.3,4,8.19,7,6.5,Alta,Jueves,Media,0
ORD-13751,2025-08-01,Moquegua,Costa Sur,Terrestre,Estándar,1138.33,7,3.35,7,1.81,Baja,Viernes,Baja,0
ORD-13752,2025-10-19,Callao,Lima y Callao,Terrestre,Express,53.24,2,3.15,1,1.71,Media,Domingo,Media,0
ORD-13753,2025-12-17,La Libertad,Costa Norte,Terrestre,Express,583.51,3,6.04,5,3.94,Media,Miércoles,Media,0
ORD-13754,2025-04-09,Junín,Sierra Centro,Terrestre,Estándar,322.45,4,4.52,2,3.08,Baja,Miércoles,Alta,0
ORD-13755,2025-01-14,Puno,Sierra Sur,Terrestre,Estándar,1356.71,8,9.0,6,14.54,Baja,Martes,Media,0
ORD-13756,2025-04-28,Puno,Sierra Sur,Terrestre,Estándar,1250.97,6,5.14,3,2.33,Baja,Lunes,Alta,0
ORD-13757,2025-08-21,Lima,Lima y Callao,Terrestre,Express,59.31,2,7.6,6,9.36,Media,Jueves,Media,0
ORD-13758,2025-07-19,Arequipa,Costa Sur,Terrestre,Estándar,996.36,6,7.24,4,6.93,Baja,Sábado,Alta,1
ORD-13759,2025-01-30,Lambayeque,Costa Norte,Terrestre,Express,781.88,3,4.02,3,4.4,Alta,Jueves,Media,0
ORD-13760,2025-07-24,Cusco,Sierra Sur,Terrestre,Express,1017.74,3,11.0,7,9.56,Alta,Jueves,Alta,0
ORD-13761,2025-03-05,Piura,Costa Norte,Aéreo,Estándar,973.8,6,5.28,5,2.44,Baja,Miércoles,Media,0
ORD-13762,2025-07-04,Ayacucho,Sierra Sur,Terrestre,Express,683.61,3,5.36,4,5.16,Alta,Viernes,Baja,0
ORD-13763,2025-07-30,Apurímac,Sierra Sur,Terrestre,Estándar,869.95,5,8.47,6,7.44,Alta,Miércoles,Alta,1
ORD-13764,2025-08-21,Lima,Lima y Callao,Terrestre,Estándar,65.74,3,9.08,5,9.29,Baja,Jueves,Alta,0
ORD-13765,2025-05-31,Lambayeque,Costa Norte,Terrestre,Estándar,729.04,6,10.36,7,12.82,Alta,Sábado,Alta,0
ORD-13766,2025-05-30,Pasco,Sierra Centro,Terrestre,Express,297.92,2,6.07,4,4.11,Baja,Viernes,Alta,1
ORD-13767,2025-09-05,Arequipa,Costa Sur,Terrestre,Estándar,1023.88,6,5.71,4,2.56,Media,Viernes,Media,0
ORD-13768,2025-10-01,Loreto,Selva Norte,Multimodal,Estándar,1457.35,9,4.34,4,2.54,Baja,Miércoles,Media,0
ORD-13769,2025-10-22,Áncash,Costa Norte,Terrestre,Estándar,336.11,4,9.71,7,15.83,Alta,Miércoles,Media,0
ORD-13770,2025-05-02,Áncash,Costa Norte,Terrestre,Estándar,369.79,4,7.22,6,7.13,Alta,Viernes,Alta,0
ORD-13771,2025-06-04,Lambayeque,Costa Norte,Terrestre,Estándar,765.89,5,3.88,5,2.97,Alta,Miércoles,Baja,0
ORD-13772,2025-05-01,Callao,Lima y Callao,Terrestre,Express,32.49,2,9.61,11,7.39,Alta,Jueves,Baja,0
ORD-13773,2025-07-12,Lima,Lima y Callao,Terrestre,Express,152.82,2,3.28,1,1.62,Baja,Sábado,Media,0
ORD-13774,2025-02-16,Áncash,Costa Norte,Terrestre,Estándar,373.14,5,8.49,6,7.83,Media,Domingo,Alta,1
ORD-13775,2025-06-06,Áncash,Costa Norte,Terrestre,Estándar,340.51,4,6.67,5,12.7,Baja,Viernes,Baja,1
ORD-13776,2025-03-10,Lima,Lima y Callao,Terrestre,Estándar,72.38,3,4.23,3,3.48,Baja,Lunes,Media,0
ORD-13777,2025-07-14,Callao,Lima y Callao,Terrestre,Estándar,22.82,3,5.65,4,6.0,Baja,Lunes,Media,0
ORD-13778,2025-11-07,Lima,Lima y Callao,Terrestre,Estándar,45.35,4,7.13,6,7.1,Alta,Viernes,Media,0
ORD-13779,2025-12-26,Lima,Lima y Callao,Terrestre,Express,77.39,2,9.08,8,13.51,Media,Viernes,Baja,0
ORD-13780,2025-06-12,Arequipa,Costa Sur,Terrestre,Estándar,989.68,6,4.28,3,8.26,Baja,Jueves,Baja,0
ORD-13781,2025-01-21,Lima,Lima y Callao,Terrestre,Estándar,39.35,3,7.16,5,9.05,Alta,Martes,Media,0
ORD-13782,2025-03-25,Cusco,Sierra Sur,Terrestre,Estándar,1082.33,6,9.65,6,17.11,Alta,Martes,Media,0
ORD-13783,2025-02-08,La Libertad,Costa Norte,Terrestre,Estándar,612.48,4,7.56,5,7.67,Media,Sábado,Media,0
ORD-13784,2025-10-05,Arequipa,Costa Sur,Terrestre,Estándar,944.99,6,5.89,3,2.14,Media,Domingo,Alta,0
ORD-13785,2025-12-26,Pasco,Sierra Centro,Terrestre,Estándar,393.57,4,7.14,7,6.17,Media,Viernes,Media,0
ORD-13786,2025-07-22,Lima,Lima y Callao,Terrestre,Express,65.52,2,6.84,5,8.99,Media,Martes,Media,1
ORD-13787,2025-03-06,Lima,Lima y Callao,Terrestre,Estándar,153.81,4,6.76,5,5.69,Media,Jueves,Media,0
ORD-13788,2025-01-08,Tumbes,Costa Norte,Terrestre,Estándar,1350.18,8,8.26,7,8.07,Media,Miércoles,Media,1
ORD-13789,2025-12-23,Ica,Costa Sur,Terrestre,Estándar,288.33,4,11.68,9,7.83,Baja,Martes,Alta,1
ORD-13790,2025-04-26,Piura,Costa Norte,Terrestre,Estándar,927.46,5,11.79,9,20.3,Media,Sábado,Media,0
ORD-13791,2025-02-10,Lima,Lima y Callao,Terrestre,Estándar,125.84,4,7.48,4,9.73,Media,Lunes,Alta,0
ORD-13792,2025-03-06,San Martín,Selva Norte,Terrestre,Estándar,1055.82,6,8.69,8,8.59,Baja,Jueves,Media,0
ORD-13793,2025-04-04,Puno,Sierra Sur,Terrestre,Estándar,1291.73,8,6.12,5,5.56,Baja,Viernes,Alta,1
ORD-13794,2025-08-28,Ucayali,Selva Centro-Sur,Terrestre,Estándar,896.01,5,9.43,6,12.79,Media,Jueves,Alta,1
ORD-13795,2025-11-22,Ayacucho,Sierra Sur,Terrestre,Estándar,613.95,3,9.63,4,8.12,Media,Sábado,Alta,1
ORD-13796,2025-04-11,Loreto,Selva Norte,Aéreo,Estándar,1564.05,6,4.36,4,2.6,Media,Viernes,Media,0
ORD-13797,2025-09-08,Loreto,Selva Norte,Multimodal,Estándar,1483.0,8,9.4,9,14.15,Baja,Lunes,Baja,1
ORD-13798,2025-01-24,Lima,Lima y Callao,Terrestre,Estándar,133.1,3,7.62,5,7.66,Alta,Viernes,Alta,0
ORD-13799,2025-01-04,Cusco,Sierra Sur,Terrestre,Estándar,1112.71,7,8.8,5,6.57,Baja,Sábado,Alta,1
ORD-13800,2025-01-21,Tacna,Costa Sur,Terrestre,Estándar,1336.11,7,3.02,3,2.46,Media,Martes,Media,0
ORD-13801,2025-12-03,Callao,Lima y Callao,Terrestre,Express,39.62,2,8.96,6,5.02,Baja,Miércoles,Alta,0
ORD-13802,2025-08-01,Lima,Lima y Callao,Terrestre,Express,165.13,2,4.71,5,1.87,Media,Viernes,Media,0
ORD-13803,2025-10-21,Lima,Lima y Callao,Terrestre,Estándar,153.07,2,6.0,6,5.7,Media,Martes,Media,0
ORD-13804,2025-01-08,Cajamarca,Sierra Norte,Terrestre,Estándar,961.18,6,3.07,2,1.2,Media,Miércoles,Alta,0
ORD-13805,2025-01-09,Lima,Lima y Callao,Terrestre,Express,116.83,2,7.2,5,4.77,Alta,Jueves,Media,0
ORD-13806,2025-11-06,Arequipa,Costa Sur,Terrestre,Estándar,1026.25,6,8.51,6,8.6,Media,Jueves,Media,0
ORD-13807,2025-02-07,Lima,Lima y Callao,Terrestre,Express,62.8,2,7.29,7,5.46,Media,Viernes,Alta,0
ORD-13808,2025-02-26,Piura,Costa Norte,Aéreo,Express,1032.8,3,7.54,5,11.09,Media,Miércoles,Alta,0
ORD-13809,2025-07-09,Junín,Sierra Centro,Terrestre,Estándar,266.85,3,5.65,3,8.78,Alta,Miércoles,Media,0
ORD-13810,2025-08-10,Lima,Lima y Callao,Terrestre,Mismo Día,59.09,1,4.89,3,4.29,Alta,Domingo,Media,0
ORD-13811,2025-03-25,Cajamarca,Sierra Norte,Terrestre,Express,873.54,3,3.59,3,4.82,Media,Martes,Baja,0
ORD-13812,2025-06-12,Piura,Costa Norte,Terrestre,Estándar,977.52,6,6.75,8,4.95,Media,Jueves,Media,0
ORD-13813,2025-09-04,San Martín,Selva Norte,Terrestre,Estándar,1098.13,7,8.29,6,7.64,Alta,Jueves,Alta,0
ORD-13814,2025-06-11,Cajamarca,Sierra Norte,Aéreo,Express,831.52,3,5.79,4,2.89,Alta,Miércoles,Media,0
ORD-13815,2025-05-20,Lima,Lima y Callao,Terrestre,Express,41.71,2,5.73,5,2.59,Baja,Martes,Media,0
ORD-13816,2025-01-27,Lima,Lima y Callao,Terrestre,Express,58.48,2,4.59,6,3.93,Alta,Lunes,Media,0
ORD-13817,2025-06-14,Lima,Lima y Callao,Terrestre,Express,71.97,2,3.31,3,3.18,Media,Sábado,Media,0
ORD-13818,2025-10-21,Lima,Lima y Callao,Terrestre,Express,18.44,2,5.17,4,5.24,Media,Martes,Media,0
ORD-13819,2025-08-17,Lambayeque,Costa Norte,Terrestre,Estándar,803.98,5,6.97,6,7.0,Media,Domingo,Media,0
ORD-13820,2025-11-22,Lima,Lima y Callao,Terrestre,Express,61.45,2,10.04,7,4.85,Media,Sábado,Alta,0
ORD-13821,2025-02-16,Callao,Lima y Callao,Terrestre,Express,33.81,2,6.21,6,8.08,Alta,Domingo,Baja,0
ORD-13822,2025-01-05,Junín,Sierra Centro,Terrestre,Estándar,343.76,4,7.46,5,4.4,Media,Domingo,Alta,0
ORD-13823,2025-07-20,Piura,Costa Norte,Terrestre,Estándar,966.97,7,8.93,8,10.2,Baja,Domingo,Alta,0
ORD-13824,2025-03-07,Arequipa,Costa Sur,Terrestre,Estándar,1078.71,7,4.72,4,4.33,Media,Viernes,Media,0
ORD-13825,2025-08-05,Lima,Lima y Callao,Terrestre,Estándar,48.84,3,3.12,1,1.02,Baja,Martes,Media,0
ORD-13826,2025-11-26,Callao,Lima y Callao,Terrestre,Express,33.37,2,6.39,3,2.89,Media,Miércoles,Media,0
ORD-13827,2025-05-04,Piura,Costa Norte,Terrestre,Express,994.34,3,4.76,3,4.61,Media,Domingo,Alta,0
ORD-13828,2025-07-20,Lima,Lima y Callao,Terrestre,Express,28.85,2,8.12,6,10.15,Media,Domingo,Media,0
ORD-13829,2025-09-06,La Libertad,Costa Norte,Terrestre,Estándar,657.19,5,5.3,5,3.51,Baja,Sábado,Alta,0
ORD-13830,2025-02-24,Cusco,Sierra Sur,Terrestre,Express,1197.92,4,5.32,6,5.04,Baja,Lunes,Baja,1
ORD-13831,2025-11-24,La Libertad,Costa Norte,Terrestre,Express,624.59,3,6.2,2,1.88,Baja,Lunes,Alta,0
ORD-13832,2025-03-16,Tacna,Costa Sur,Terrestre,Estándar,1410.29,7,7.1,3,6.34,Media,Domingo,Alta,1
ORD-13833,2025-10-23,Lima,Lima y Callao,Terrestre,Estándar,77.89,3,10.51,8,11.94,Alta,Jueves,Alta,0
ORD-13834,2025-08-29,Lambayeque,Costa Norte,Terrestre,Express,775.15,3,5.82,4,2.8,Media,Viernes,Alta,0
ORD-13835,2025-02-21,Lima,Lima y Callao,Terrestre,Express,41.97,2,5.74,2,2.8,Media,Viernes,Media,0
ORD-13836,2025-09-22,Junín,Sierra Centro,Aéreo,Express,280.5,2,10.45,7,14.67,Media,Lunes,Alta,1
ORD-13837,2025-03-13,La Libertad,Costa Norte,Terrestre,Estándar,584.09,3,4.44,2,2.92,Baja,Jueves,Alta,0
ORD-13838,2025-08-07,Ica,Costa Sur,Terrestre,Estándar,291.97,4,1.91,2,1.77,Alta,Jueves,Baja,0
ORD-13839,2025-12-17,Cajamarca,Sierra Norte,Terrestre,Estándar,889.69,5,2.17,1,2.02,Media,Miércoles,Media,0
ORD-13840,2025-12-14,Lima,Lima y Callao,Terrestre,Estándar,57.9,3,6.19,4,4.8,Baja,Domingo,Media,0
ORD-13841,2025-11-15,Piura,Costa Norte,Aéreo,Estándar,981.53,6,9.3,6,6.52,Media,Sábado,Alta,0
ORD-13842,2025-06-30,Puno,Sierra Sur,Terrestre,Estándar,1296.56,7,8.34,7,12.35,Media,Lunes,Baja,0
ORD-13843,2025-07-24,Piura,Costa Norte,Terrestre,Express,942.54,3,6.53,5,6.36,Media,Jueves,Baja,0
ORD-13844,2025-04-20,Lambayeque,Costa Norte,Terrestre,Express,751.61,3,6.45,7,8.75,Baja,Domingo,Baja,0
ORD-13845,2025-12-03,Huancavelica,Sierra Centro,Terrestre,Estándar,545.14,4,3.37,2,3.76,Media,Miércoles,Baja,0
ORD-13846,2025-06-24,Lima,Lima y Callao,Terrestre,Express,87.33,2,5.26,3,3.5,Baja,Martes,Media,0
ORD-13847,2025-10-09,Tacna,Costa Sur,Terrestre,Estándar,1352.19,7,2.68,3,2.24,Media,Jueves,Baja,0
ORD-13848,2025-05-12,Lima,Lima y Callao,Terrestre,Express,32.14,2,3.93,4,5.38,Alta,Lunes,Baja,0
ORD-13849,2025-09-28,Lima,Lima y Callao,Terrestre,Express,78.97,2,8.35,5,12.12,Alta,Domingo,Media,0
ORD-13850,2025-03-23,Lima,Lima y Callao,Terrestre,Estándar,155.77,4,3.87,4,2.21,Media,Domingo,Media,0
ORD-13851,2025-09-25,Lima,Lima y Callao,Terrestre,Express,31.26,2,4.78,5,8.56,Baja,Jueves,Baja,0
ORD-13852,2025-01-17,Puno,Sierra Sur,Terrestre,Estándar,1346.72,7,4.28,5,6.14,Media,Viernes,Baja,0
ORD-13853,2025-02-08,Lima,Lima y Callao,Terrestre,Mismo Día,27.8,1,7.23,4,3.82,Baja,Sábado,Media,0
ORD-13854,2025-05-09,La Libertad,Costa Norte,Terrestre,Estándar,569.64,4,8.87,8,6.98,Alta,Viernes,Media,0
ORD-13855,2025-06-25,Cusco,Sierra Sur,Terrestre,Estándar,1054.58,6,8.23,6,10.53,Media,Miércoles,Media,0
ORD-13856,2025-09-17,Lima,Lima y Callao,Terrestre,Estándar,50.01,3,7.99,6,9.42,Media,Miércoles,Alta,0
ORD-13857,2025-05-12,Ica,Costa Sur,Terrestre,Estándar,295.47,4,7.3,5,3.87,Media,Lunes,Alta,0
ORD-13858,2025-01-07,San Martín,Selva Norte,Terrestre,Estándar,1215.32,7,10.47,8,11.23,Media,Martes,Media,0
ORD-13859,2025-04-29,Lima,Lima y Callao,Terrestre,Mismo Día,55.77,1,5.53,4,8.77,Media,Martes,Baja,1
ORD-13860,2025-06-10,Lambayeque,Costa Norte,Terrestre,Estándar,738.19,5,6.6,6,9.82,Alta,Martes,Media,0
ORD-13861,2025-07-18,Junín,Sierra Centro,Terrestre,Express,420.42,2,7.1,4,2.63,Baja,Viernes,Alta,0
ORD-13862,2025-08-24,Lima,Lima y Callao,Terrestre,Estándar,82.09,3,8.27,7,11.04,Media,Domingo,Media,0
ORD-13863,2025-04-01,Lima,Lima y Callao,Terrestre,Express,134.34,2,5.57,5,3.56,Alta,Martes,Media,0
ORD-13864,2025-08-11,Ayacucho,Sierra Sur,Terrestre,Estándar,589.64,4,5.91,4,5.68,Media,Lunes,Alta,1
ORD-13865,2025-08-19,Piura,Costa Norte,Terrestre,Estándar,983.8,6,1.8,2,2.03,Media,Martes,Baja,0
ORD-13866,2025-10-11,Junín,Sierra Centro,Terrestre,Estándar,447.28,4,5.08,4,6.09,Baja,Sábado,Media,0
ORD-13867,2025-07-10,La Libertad,Costa Norte,Terrestre,Estándar,573.71,4,9.51,8,7.63,Media,Jueves,Alta,1
ORD-13868,2025-10-23,Callao,Lima y Callao,Terrestre,Estándar,54.5,3,6.2,6,4.48,Media,Jueves,Media,0
ORD-13869,2025-03-22,Lima,Lima y Callao,Terrestre,Estándar,99.1,2,5.24,3,4.29,Media,Sábado,Alta,0
ORD-13870,2025-09-17,Lima,Lima y Callao,Terrestre,Estándar,122.36,4,10.13,8,10.01,Baja,Miércoles,Media,0
ORD-13871,2025-01-17,Piura,Costa Norte,Terrestre,Estándar,916.94,5,6.47,3,5.24,Media,Viernes,Alta,0
ORD-13872,2025-02-07,Apurímac,Sierra Sur,Terrestre,Estándar,849.48,5,7.74,5,4.79,Media,Viernes,Alta,1
ORD-13873,2025-11-12,Tumbes,Costa Norte,Terrestre,Estándar,1208.15,7,7.33,5,3.54,Alta,Miércoles,Alta,1
ORD-13874,2025-06-23,Lima,Lima y Callao,Terrestre,Express,153.37,2,1.09,2,3.49,Media,Lunes,Baja,0
ORD-13875,2025-08-15,Huancavelica,Sierra Centro,Aéreo,Express,440.57,2,7.26,5,11.87,Media,Viernes,Baja,0
ORD-13876,2025-08-09,Callao,Lima y Callao,Terrestre,Mismo Día,17.44,1,6.98,5,4.7,Alta,Sábado,Alta,0
ORD-13877,2025-09-11,Huánuco,Sierra Centro,Terrestre,Estándar,539.24,5,5.93,5,7.81,Baja,Jueves,Baja,0
ORD-13878,2025-03-31,Piura,Costa Norte,Terrestre,Estándar,938.85,5,6.73,6,6.7,Media,Lunes,Media,0
ORD-13879,2025-03-07,Huánuco,Sierra Centro,Terrestre,Express,479.14,2,2.7,3,8.57,Baja,Viernes,Baja,1
ORD-13880,2025-01-16,Lambayeque,Costa Norte,Terrestre,Express,762.55,3,4.53,5,4.98,Media,Jueves,Baja,0
ORD-13881,2025-11-12,Lima,Lima y Callao,Terrestre,Mismo Día,101.01,1,8.22,6,7.28,Alta,Miércoles,Alta,0
ORD-13882,2025-03-23,Piura,Costa Norte,Terrestre,Estándar,921.08,5,4.7,4,2.09,Media,Domingo,Media,0
ORD-13883,2025-07-29,Lima,Lima y Callao,Terrestre,Express,81.96,2,7.46,4,10.02,Alta,Martes,Media,0
ORD-13884,2025-06-16,Lima,Lima y Callao,Terrestre,Estándar,88.97,4,5.86,4,3.8,Baja,Lunes,Baja,0
ORD-13885,2025-03-01,Cajamarca,Sierra Norte,Terrestre,Estándar,862.3,5,6.63,5,10.56,Media,Sábado,Baja,0
ORD-13886,2025-06-01,Piura,Costa Norte,Terrestre,Estándar,931.28,5,4.99,3,2.8,Media,Domingo,Alta,0
ORD-13887,2025-01-31,Cusco,Sierra Sur,Terrestre,Estándar,984.93,6,7.36,7,8.16,Baja,Viernes,Media,0
ORD-13888,2025-03-06,Ayacucho,Sierra Sur,Terrestre,Estándar,646.79,5,5.21,5,4.46,Media,Jueves,Baja,0
ORD-13889,2025-02-20,Tumbes,Costa Norte,Terrestre,Estándar,1216.46,6,7.8,7,5.51,Media,Jueves,Media,0
ORD-13890,2025-10-28,Callao,Lima y Callao,Terrestre,Express,31.27,2,4.83,5,5.37,Media,Martes,Media,0
ORD-13891,2025-07-27,Ayacucho,Sierra Sur,Terrestre,Estándar,594.04,4,9.4,7,7.69,Alta,Domingo,Alta,0
ORD-13892,2025-12-04,Lima,Lima y Callao,Terrestre,Estándar,81.55,3,6.15,3,3.51,Alta,Jueves,Alta,0
ORD-13893,2025-06-09,Ica,Costa Sur,Terrestre,Estándar,313.55,3,1.88,2,1.65,Media,Lunes,Media,0
ORD-13894,2025-03-15,Ayacucho,Sierra Sur,Terrestre,Express,606.0,3,8.64,7,9.43,Alta,Sábado,Media,0
ORD-13895,2025-08-11,Lima,Lima y Callao,Terrestre,Estándar,132.15,3,3.36,2,1.27,Baja,Lunes,Media,0
ORD-13896,2025-12-06,Lima,Lima y Callao,Terrestre,Estándar,104.58,4,5.22,2,2.19,Baja,Sábado,Alta,1
ORD-13897,2025-07-14,Loreto,Selva Norte,Aéreo,Estándar,1555.15,8,8.96,7,4.12,Media,Lunes,Alta,1
ORD-13898,2025-01-07,Cajamarca,Sierra Norte,Terrestre,Estándar,928.32,5,8.61,5,8.76,Media,Martes,Alta,1
ORD-13899,2025-04-21,Lima,Lima y Callao,Terrestre,Express,48.72,2,6.72,4,8.17,Media,Lunes,Baja,0
ORD-13900,2025-12-04,Loreto,Selva Norte,Multimodal,Estándar,1709.48,9,10.97,7,11.05,Media,Jueves,Alta,1
ORD-13901,2025-07-09,Cajamarca,Sierra Norte,Terrestre,Estándar,944.45,5,6.87,5,5.2,Alta,Miércoles,Alta,1
ORD-13902,2025-12-14,Callao,Lima y Callao,Terrestre,Express,42.66,2,6.32,2,1.72,Baja,Domingo,Media,0
ORD-13903,2025-07-05,Amazonas,Selva Norte,Terrestre,Estándar,1018.54,6,3.99,3,3.57,Alta,Sábado,Media,0
ORD-13904,2025-01-05,Lima,Lima y Callao,Terrestre,Express,52.13,2,7.65,5,5.72,Media,Domingo,Alta,0
ORD-13905,2025-11-15,Callao,Lima y Callao,Terrestre,Estándar,44.53,4,11.03,8,11.93,Media,Sábado,Alta,0
ORD-13906,2025-10-06,Lima,Lima y Callao,Terrestre,Mismo Día,78.17,1,8.07,8,11.37,Baja,Lunes,Baja,0
ORD-13907,2025-09-19,Tacna,Costa Sur,Terrestre,Estándar,1341.6,7,5.5,3,1.62,Media,Viernes,Alta,0
ORD-13908,2025-12-21,Callao,Lima y Callao,Terrestre,Mismo Día,34.66,1,8.95,5,8.19,Media,Domingo,Alta,1
ORD-13909,2025-03-13,Lima,Lima y Callao,Terrestre,Estándar,86.98,2,5.75,3,4.72,Media,Jueves,Media,0
ORD-13910,2025-11-27,Callao,Lima y Callao,Terrestre,Express,26.07,2,4.11,3,2.4,Media,Jueves,Media,0
ORD-13911,2025-03-26,Áncash,Costa Norte,Terrestre,Estándar,363.83,4,5.97,5,4.3,Baja,Miércoles,Media,0
ORD-13912,2025-12-21,Lima,Lima y Callao,Terrestre,Estándar,36.19,3,6.37,4,4.92,Media,Domingo,Media,0
ORD-13913,2025-03-11,La Libertad,Costa Norte,Terrestre,Estándar,655.31,5,10.01,7,9.36,Media,Martes,Media,0
ORD-13914,2025-07-20,San Martín,Selva Norte,Terrestre,Estándar,1096.87,6,5.89,4,3.32,Alta,Domingo,Media,0
ORD-13915,2025-10-16,Lima,Lima y Callao,Terrestre,Mismo Día,149.36,1,4.17,5,6.03,Media,Jueves,Baja,1
ORD-13916,2025-01-29,Cajamarca,Sierra Norte,Terrestre,Express,935.65,3,7.79,4,5.23,Media,Miércoles,Alta,0
ORD-13917,2025-01-25,Lambayeque,Costa Norte,Terrestre,Express,814.08,3,8.33,7,12.29,Media,Sábado,Media,0
ORD-13918,2025-11-07,Callao,Lima y Callao,Terrestre,Estándar,39.98,3,6.47,4,4.92,Media,Viernes,Alta,0
ORD-13919,2025-01-23,Piura,Costa Norte,Terrestre,Estándar,1018.21,7,6.39,5,2.75,Media,Jueves,Media,0
ORD-13920,2025-08-13,Lima,Lima y Callao,Terrestre,Express,147.92,2,4.57,4,5.58,Baja,Miércoles,Baja,0
ORD-13921,2025-12-09,Ica,Costa Sur,Terrestre,Estándar,315.72,3,6.49,6,3.45,Alta,Martes,Media,0
ORD-13922,2025-08-13,Lima,Lima y Callao,Terrestre,Express,41.85,2,6.29,4,3.49,Media,Miércoles,Media,0
ORD-13923,2025-06-25,Lima,Lima y Callao,Terrestre,Express,101.27,2,5.73,6,4.09,Media,Miércoles,Media,0
ORD-13924,2025-06-02,Lima,Lima y Callao,Terrestre,Express,44.36,2,4.07,4,5.79,Media,Lunes,Baja,0
ORD-13925,2025-08-21,Arequipa,Costa Sur,Terrestre,Estándar,945.02,5,5.22,4,3.24,Media,Jueves,Media,0
ORD-13926,2025-07-28,Áncash,Costa Norte,Terrestre,Express,444.49,2,7.92,6,11.09,Baja,Lunes,Alta,0
ORD-13927,2025-07-03,Arequipa,Costa Sur,Terrestre,Estándar,1072.61,6,12.91,12,8.82,Media,Jueves,Alta,1
ORD-13928,2025-02-26,La Libertad,Costa Norte,Terrestre,Estándar,571.66,4,4.67,4,2.44,Baja,Miércoles,Media,0
ORD-13929,2025-08-30,Lambayeque,Costa Norte,Terrestre,Estándar,731.76,5,4.33,4,4.32,Baja,Sábado,Media,0
ORD-13930,2025-09-28,Ayacucho,Sierra Sur,Aéreo,Express,685.86,3,6.21,6,4.37,Baja,Domingo,Media,0
ORD-13931,2025-09-16,La Libertad,Costa Norte,Terrestre,Estándar,567.13,3,7.7,4,8.79,Media,Martes,Alta,1
ORD-13932,2025-01-28,La Libertad,Costa Norte,Terrestre,Estándar,544.28,3,3.98,4,3.73,Baja,Martes,Baja,0
ORD-13933,2025-09-14,Arequipa,Costa Sur,Terrestre,Estándar,1049.44,7,9.86,8,15.53,Alta,Domingo,Baja,0
ORD-13934,2025-09-24,Puno,Sierra Sur,Terrestre,Estándar,1445.98,8,5.29,4,4.33,Alta,Miércoles,Media,0
ORD-13935,2025-03-08,Lima,Lima y Callao,Terrestre,Express,87.13,2,6.14,5,7.03,Baja,Sábado,Media,0
ORD-13936,2025-11-06,La Libertad,Costa Norte,Terrestre,Estándar,616.69,4,7.81,6,5.77,Media,Jueves,Media,0
ORD-13937,2025-07-11,Lima,Lima y Callao,Terrestre,Express,70.82,2,10.92,5,17.06,Media,Viernes,Alta,0
ORD-13938,2025-06-22,Ica,Costa Sur,Terrestre,Estándar,270.64,4,8.11,5,4.0,Alta,Domingo,Media,0
ORD-13939,2025-09-21,Piura,Costa Norte,Terrestre,Estándar,1005.8,7,5.71,6,2.34,Media,Domingo,Baja,0
ORD-13940,2025-07-06,Lima,Lima y Callao,Terrestre,Estándar,128.26,3,6.87,4,5.42,Media,Domingo,Alta,0
ORD-13941,2025-07-18,Lima,Lima y Callao,Terrestre,Express,69.28,2,3.78,5,3.71,Baja,Viernes,Baja,0
ORD-13942,2025-04-24,Puno,Sierra Sur,Terrestre,Estándar,1318.69,7,3.81,3,3.94,Alta,Jueves,Media,0
ORD-13943,2025-12-05,Pasco,Sierra Centro,Terrestre,Estándar,317.07,4,5.79,7,8.4,Baja,Viernes,Baja,0
ORD-13944,2025-12-20,Loreto,Selva Norte,Aéreo,Estándar,1116.62,6,6.79,3,3.26,Alta,Sábado,Alta,0
ORD-13945,2025-02-17,Callao,Lima y Callao,Terrestre,Mismo Día,30.77,1,3.91,3,2.99,Baja,Lunes,Media,0
ORD-13946,2025-09-25,Cajamarca,Sierra Norte,Terrestre,Estándar,781.14,5,8.79,7,9.73,Media,Jueves,Alta,1
ORD-13947,2025-01-09,Lima,Lima y Callao,Terrestre,Estándar,118.69,3,6.34,5,5.12,Media,Jueves,Media,0
ORD-13948,2025-05-15,Lambayeque,Costa Norte,Terrestre,Estándar,759.01,6,6.26,4,5.0,Baja,Jueves,Alta,0
ORD-13949,2025-12-21,Lima,Lima y Callao,Terrestre,Estándar,105.81,2,5.19,3,3.19,Baja,Domingo,Media,0
ORD-13950,2025-03-05,Lima,Lima y Callao,Terrestre,Estándar,89.92,3,5.26,4,9.87,Baja,Miércoles,Baja,0
ORD-13951,2025-05-18,Huánuco,Sierra Centro,Terrestre,Estándar,523.24,3,6.15,4,8.62,Media,Domingo,Media,0
ORD-13952,2025-03-22,Huancavelica,Sierra Centro,Terrestre,Express,612.1,3,4.96,3,1.75,Media,Sábado,Media,0
ORD-13953,2025-09-23,Lima,Lima y Callao,Terrestre,Express,73.73,2,4.22,3,3.75,Baja,Martes,Baja,0
ORD-13954,2025-06-19,Cusco,Sierra Sur,Terrestre,Estándar,967.42,5,7.56,7,6.18,Media,Jueves,Baja,0
ORD-13955,2025-08-05,Lima,Lima y Callao,Terrestre,Estándar,113.31,3,2.63,2,1.58,Baja,Martes,Baja,0
ORD-13956,2025-12-11,Lima,Lima y Callao,Terrestre,Express,21.55,2,7.4,8,2.48,Media,Jueves,Alta,0
ORD-13957,2025-07-10,Lambayeque,Costa Norte,Terrestre,Express,755.08,3,6.49,4,4.39,Media,Jueves,Alta,0
ORD-13958,2025-09-25,Lima,Lima y Callao,Terrestre,Estándar,31.17,4,6.97,8,8.35,Alta,Jueves,Media,0
ORD-13959,2025-02-05,Lima,Lima y Callao,Terrestre,Express,137.47,2,6.93,4,8.88,Alta,Miércoles,Media,0
ORD-13960,2025-03-20,Lima,Lima y Callao,Terrestre,Express,13.25,2,5.97,5,9.4,Media,Jueves,Baja,0
ORD-13961,2025-12-12,Callao,Lima y Callao,Terrestre,Express,39.32,2,8.1,5,7.42,Baja,Viernes,Media,1
ORD-13962,2025-11-10,Lima,Lima y Callao,Terrestre,Mismo Día,78.85,1,6.58,2,3.48,Alta,Lunes,Alta,0
ORD-13963,2025-08-28,Lima,Lima y Callao,Terrestre,Mismo Día,101.46,1,5.6,4,7.02,Baja,Jueves,Media,1
ORD-13964,2025-05-19,Cusco,Sierra Sur,Terrestre,Estándar,1022.1,7,5.12,2,3.23,Baja,Lunes,Media,0
ORD-13965,2025-03-14,Lima,Lima y Callao,Terrestre,Express,132.63,2,4.78,2,4.62,Media,Viernes,Media,0
ORD-13966,2025-11-07,Piura,Costa Norte,Terrestre,Estándar,1001.87,6,7.52,5,3.56,Media,Viernes,Alta,1
ORD-13967,2025-10-14,Cusco,Sierra Sur,Terrestre,Estándar,1049.16,6,4.56,3,3.14,Media,Martes,Media,0
ORD-13968,2025-03-30,Lima,Lima y Callao,Terrestre,Estándar,72.86,3,8.23,5,4.5,Alta,Domingo,Alta,1
ORD-13969,2025-08-04,Tacna,Costa Sur,Terrestre,Estándar,1368.31,7,4.45,3,2.61,Media,Lunes,Media,0
ORD-13970,2025-08-14,Piura,Costa Norte,Terrestre,Estándar,1006.16,6,5.41,5,5.72,Baja,Jueves,Media,0
ORD-13971,2025-06-24,La Libertad,Costa Norte,Terrestre,Estándar,601.87,4,6.72,4,9.8,Media,Martes,Alta,0
ORD-13972,2025-12-05,Lima,Lima y Callao,Terrestre,Express,71.26,2,7.55,4,7.32,Media,Viernes,Alta,0
ORD-13973,2025-02-15,Ucayali,Selva Centro-Sur,Aéreo,Express,751.12,3,7.82,5,10.21,Baja,Sábado,Alta,0
ORD-13974,2025-04-05,Lima,Lima y Callao,Terrestre,Mismo Día,37.42,1,5.25,4,4.41,Alta,Sábado,Media,0
ORD-13975,2025-02-04,Arequipa,Costa Sur,Terrestre,Express,937.62,3,2.96,3,3.59,Media,Martes,Baja,0
ORD-13976,2025-09-10,Apurímac,Sierra Sur,Terrestre,Estándar,735.44,5,4.32,3,5.04,Media,Miércoles,Media,1
ORD-13977,2025-08-24,Loreto,Selva Norte,Aéreo,Estándar,1202.71,6,6.49,4,6.0,Alta,Domingo,Media,0
ORD-13978,2025-12-27,La Libertad,Costa Norte,Terrestre,Express,662.43,3,13.36,9,12.63,Media,Sábado,Alta,1
ORD-13979,2025-07-17,Cusco,Sierra Sur,Terrestre,Express,1130.25,4,4.47,2,6.75,Media,Jueves,Media,0
ORD-13980,2025-02-24,Junín,Sierra Centro,Terrestre,Estándar,425.18,4,5.21,4,6.24,Media,Lunes,Media,0
ORD-13981,2025-06-14,Lima,Lima y Callao,Terrestre,Estándar,98.25,2,5.45,5,4.35,Alta,Sábado,Media,0
ORD-13982,2025-02-02,Lambayeque,Costa Norte,Terrestre,Express,795.95,3,4.37,3,2.75,Alta,Domingo,Media,0
ORD-13983,2025-09-02,Piura,Costa Norte,Terrestre,Estándar,907.04,5,9.86,8,13.44,Media,Martes,Media,0
ORD-13984,2025-09-04,Lima,Lima y Callao,Terrestre,Estándar,106.88,3,5.22,4,6.81,Baja,Jueves,Media,0
ORD-13985,2025-11-10,Tumbes,Costa Norte,Terrestre,Estándar,1235.74,6,9.33,5,9.57,Alta,Lunes,Alta,0
ORD-13986,2025-05-05,Piura,Costa Norte,Terrestre,Estándar,967.99,6,5.5,3,4.58,Alta,Lunes,Alta,0
ORD-13987,2025-04-24,Cusco,Sierra Sur,Terrestre,Estándar,1193.28,6,4.42,4,2.98,Media,Jueves,Media,0
ORD-13988,2025-01-27,Lima,Lima y Callao,Terrestre,Express,132.06,2,5.84,5,12.12,Alta,Lunes,Baja,0
ORD-13989,2025-06-01,Áncash,Costa Norte,Terrestre,Estándar,378.24,5,10.62,6,13.36,Media,Domingo,Alta,0
ORD-13990,2025-06-23,Ucayali,Selva Centro-Sur,Aéreo,Estándar,943.67,6,4.07,3,3.17,Media,Lunes,Baja,0
ORD-13991,2025-10-03,Cusco,Sierra Sur,Terrestre,Estándar,973.18,7,7.97,5,7.18,Media,Viernes,Alta,0
ORD-13992,2025-10-03,Lima,Lima y Callao,Terrestre,Estándar,23.55,3,8.99,6,7.9,Baja,Viernes,Alta,0
ORD-13993,2025-02-21,Piura,Costa Norte,Terrestre,Estándar,877.2,5,5.75,2,2.47,Media,Viernes,Alta,0
ORD-13994,2025-04-15,Cajamarca,Sierra Norte,Terrestre,Express,830.22,3,3.86,2,1.49,Media,Martes,Media,0
ORD-13995,2025-07-06,Piura,Costa Norte,Terrestre,Express,994.84,3,7.78,6,9.28,Baja,Domingo,Baja,1
ORD-13996,2025-05-03,Áncash,Costa Norte,Aéreo,Estándar,397.66,4,4.07,5,3.07,Baja,Sábado,Baja,0
ORD-13997,2025-01-10,La Libertad,Costa Norte,Terrestre,Express,536.37,2,4.48,5,4.82,Media,Viernes,Media,0
ORD-13998,2025-11-05,Lambayeque,Costa Norte,Terrestre,Estándar,865.0,6,5.36,3,8.11,Media,Miércoles,Media,0
ORD-13999,2025-09-24,Junín,Sierra Centro,Terrestre,Estándar,369.94,4,8.23,5,7.35,Alta,Miércoles,Media,0
ORD-14000,2025-07-09,Lima,Lima y Callao,Terrestre,Express,76.18,2,5.36,2,2.91,Baja,Miércoles,Alta,0
ORD-14001,2025-04-26,Puno,Sierra Sur,Terrestre,Express,1365.11,4,5.66,3,3.57,Alta,Sábado,Media,0
ORD-14002,2025-11-04,Ica,Costa Sur,Terrestre,Estándar,295.58,3,5.73,4,2.51,Baja,Martes,Media,0
ORD-14003,2025-01-13,Lima,Lima y Callao,Terrestre,Express,83.0,2,6.78,4,5.99,Baja,Lunes,Alta,0
ORD-14004,2025-06-12,Piura,Costa Norte,Terrestre,Express,981.55,3,2.83,2,3.07,Media,Jueves,Media,0
ORD-14005,2025-10-20,Lima,Lima y Callao,Terrestre,Express,134.93,2,5.02,4,6.66,Media,Lunes,Media,0
ORD-14006,2025-12-14,Áncash,Costa Norte,Aéreo,Express,388.99,2,9.31,7,6.94,Media,Domingo,Alta,0
ORD-14007,2025-04-02,San Martín,Selva Norte,Terrestre,Estándar,1081.8,6,6.4,6,5.55,Baja,Miércoles,Media,0
ORD-14008,2025-08-26,Apurímac,Sierra Sur,Terrestre,Estándar,713.69,4,12.91,10,14.98,Baja,Martes,Alta,0
ORD-14009,2025-03-11,Lima,Lima y Callao,Terrestre,Estándar,130.1,3,3.52,3,2.74,Media,Martes,Media,0
ORD-14010,2025-02-12,Lima,Lima y Callao,Terrestre,Express,67.73,2,8.32,6,9.73,Baja,Miércoles,Alta,0
ORD-14011,2025-05-09,Lima,Lima y Callao,Terrestre,Express,64.07,2,4.9,4,4.32,Baja,Viernes,Baja,0
ORD-14012,2025-11-20,Cajamarca,Sierra Norte,Aéreo,Estándar,1038.66,6,10.85,6,8.57,Baja,Jueves,Alta,0
ORD-14013,2025-09-09,Callao,Lima y Callao,Terrestre,Estándar,43.18,3,9.97,6,19.65,Media,Martes,Media,0
ORD-14014,2025-06-28,Lima,Lima y Callao,Terrestre,Estándar,44.78,3,3.71,3,3.32,Media,Sábado,Baja,0
ORD-14015,2025-04-14,Cajamarca,Sierra Norte,Terrestre,Express,850.18,3,6.5,4,5.24,Baja,Lunes,Alta,0
ORD-14016,2025-02-21,Lambayeque,Costa Norte,Terrestre,Express,769.33,3,4.72,2,2.35,Media,Viernes,Alta,0
ORD-14017,2025-04-09,Lima,Lima y Callao,Terrestre,Express,164.26,2,4.22,5,2.92,Media,Miércoles,Baja,0
ORD-14018,2025-02-25,Lima,Lima y Callao,Terrestre,Express,79.43,2,7.14,6,9.41,Media,Martes,Media,0
ORD-14019,2025-03-10,Callao,Lima y Callao,Terrestre,Mismo Día,28.32,1,5.61,5,2.23,Media,Lunes,Media,0
ORD-14020,2025-09-08,Huánuco,Sierra Centro,Terrestre,Estándar,475.11,4,5.33,4,7.01,Media,Lunes,Baja,0
ORD-14021,2025-02-18,Tumbes,Costa Norte,Terrestre,Express,1253.08,4,4.52,5,4.3,Alta,Martes,Baja,0
ORD-14022,2025-01-18,Lambayeque,Costa Norte,Aéreo,Express,727.35,3,3.51,4,3.66,Baja,Sábado,Baja,0
ORD-14023,2025-07-17,Áncash,Costa Norte,Terrestre,Estándar,479.0,4,8.79,8,9.19,Alta,Jueves,Media,1
ORD-14024,2025-04-15,Callao,Lima y Callao,Terrestre,Estándar,11.09,2,4.47,3,2.0,Baja,Martes,Media,0
ORD-14025,2025-06-15,Ica,Costa Sur,Terrestre,Express,341.18,2,5.08,3,4.03,Media,Domingo,Alta,0
ORD-14026,2025-02-21,Ucayali,Selva Centro-Sur,Terrestre,Estándar,961.02,6,6.91,8,5.99,Media,Viernes,Media,0
ORD-14027,2025-03-18,Huánuco,Sierra Centro,Terrestre,Estándar,394.61,4,5.58,6,4.4,Baja,Martes,Baja,0
ORD-14028,2025-06-10,Áncash,Costa Norte,Terrestre,Estándar,449.9,4,5.85,5,5.46,Baja,Martes,Media,0
ORD-14029,2025-09-09,Lima,Lima y Callao,Terrestre,Estándar,116.21,2,3.73,2,4.13,Baja,Martes,Media,0
ORD-14030,2025-06-01,Arequipa,Costa Sur,Terrestre,Estándar,1029.93,6,5.29,4,6.09,Baja,Domingo,Baja,1
ORD-14031,2025-07-17,Cusco,Sierra Sur,Terrestre,Estándar,1076.78,6,3.86,3,2.99,Media,Jueves,Baja,0
ORD-14032,2025-07-10,Ucayali,Selva Centro-Sur,Aéreo,Estándar,757.78,4,13.19,12,12.84,Baja,Jueves,Alta,0
ORD-14033,2025-04-09,Lima,Lima y Callao,Terrestre,Mismo Día,32.66,1,4.32,3,3.07,Alta,Miércoles,Media,0
ORD-14034,2025-04-13,Apurímac,Sierra Sur,Terrestre,Estándar,910.8,4,6.22,5,3.45,Alta,Domingo,Alta,0
ORD-14035,2025-06-05,Lambayeque,Costa Norte,Aéreo,Estándar,737.9,6,6.17,6,4.75,Baja,Jueves,Baja,0
ORD-14036,2025-01-12,Cajamarca,Sierra Norte,Terrestre,Estándar,845.61,5,7.25,6,8.53,Baja,Domingo,Media,0
ORD-14037,2025-09-08,Arequipa,Costa Sur,Aéreo,Express,1015.21,3,4.82,6,5.88,Media,Lunes,Baja,0
ORD-14038,2025-08-13,Lima,Lima y Callao,Terrestre,Estándar,50.95,4,5.27,5,6.01,Alta,Miércoles,Baja,0
ORD-14039,2025-04-22,Lima,Lima y Callao,Terrestre,Estándar,118.9,3,4.12,4,3.25,Media,Martes,Media,0
ORD-14040,2025-05-17,Lima,Lima y Callao,Terrestre,Express,121.51,2,7.49,5,8.42,Baja,Sábado,Media,0
ORD-14041,2025-04-30,Piura,Costa Norte,Terrestre,Estándar,1024.35,6,7.4,7,10.93,Alta,Miércoles,Baja,0
ORD-14042,2025-08-26,Cusco,Sierra Sur,Terrestre,Estándar,950.5,5,9.33,7,16.38,Media,Martes,Baja,0
ORD-14043,2025-10-05,Puno,Sierra Sur,Terrestre,Estándar,1348.38,7,5.69,4,9.14,Media,Domingo,Media,0
ORD-14044,2025-02-09,Lima,Lima y Callao,Terrestre,Express,127.85,2,7.52,6,4.83,Alta,Domingo,Alta,0
ORD-14045,2025-05-31,Cusco,Sierra Sur,Terrestre,Estándar,1036.7,7,6.85,6,5.47,Alta,Sábado,Media,0
ORD-14046,2025-01-06,Piura,Costa Norte,Terrestre,Estándar,994.99,7,4.32,3,4.21,Media,Lunes,Media,0
ORD-14047,2025-06-15,Áncash,Costa Norte,Terrestre,Estándar,427.98,4,3.32,3,2.64,Media,Domingo,Media,0
ORD-14048,2025-04-01,Lima,Lima y Callao,Terrestre,Estándar,71.83,4,9.43,8,10.32,Media,Martes,Media,0
ORD-14049,2025-05-03,Lima,Lima y Callao,Terrestre,Estándar,64.63,3,6.95,6,6.36,Baja,Sábado,Media,0
ORD-14050,2025-06-16,Cusco,Sierra Sur,Terrestre,Estándar,1092.92,7,5.94,6,10.73,Media,Lunes,Baja,0
ORD-14051,2025-04-29,Piura,Costa Norte,Terrestre,Estándar,909.23,5,4.58,4,7.38,Baja,Martes,Baja,0
ORD-14052,2025-05-24,Cusco,Sierra Sur,Terrestre,Express,1150.31,4,8.99,8,8.3,Media,Sábado,Alta,0
ORD-14053,2025-10-07,Pasco,Sierra Centro,Aéreo,Express,350.87,2,5.55,4,2.48,Media,Martes,Alta,0
ORD-14054,2025-10-23,Arequipa,Costa Sur,Terrestre,Estándar,954.1,5,7.86,5,9.54,Alta,Jueves,Alta,0
ORD-14055,2025-01-03,Cajamarca,Sierra Norte,Terrestre,Estándar,925.6,6,4.55,2,2.26,Alta,Viernes,Alta,0
ORD-14056,2025-05-18,Junín,Sierra Centro,Terrestre,Estándar,356.4,4,7.31,9,10.4,Baja,Domingo,Baja,1
ORD-14057,2025-11-06,Piura,Costa Norte,Terrestre,Express,923.19,3,3.78,2,2.58,Baja,Jueves,Media,0
ORD-14058,2025-07-13,Ayacucho,Sierra Sur,Terrestre,Estándar,712.43,6,8.68,6,8.45,Media,Domingo,Media,1
ORD-14059,2025-03-16,Piura,Costa Norte,Terrestre,Express,999.19,3,7.03,3,3.22,Baja,Domingo,Alta,0
ORD-14060,2025-08-05,Callao,Lima y Callao,Terrestre,Express,43.56,2,2.32,2,1.79,Baja,Martes,Media,0
ORD-14061,2025-02-22,Lambayeque,Costa Norte,Terrestre,Estándar,826.71,6,8.44,5,6.57,Media,Sábado,Alta,0
ORD-14062,2025-01-08,Junín,Sierra Centro,Terrestre,Estándar,371.41,3,6.61,3,5.3,Media,Miércoles,Media,0
ORD-14063,2025-08-19,Arequipa,Costa Sur,Terrestre,Estándar,1007.71,6,9.99,10,11.07,Baja,Martes,Media,1
ORD-14064,2025-07-08,San Martín,Selva Norte,Aéreo,Estándar,1012.83,6,7.58,4,4.71,Media,Martes,Alta,0
ORD-14065,2025-10-04,La Libertad,Costa Norte,Terrestre,Estándar,570.76,4,5.52,5,3.97,Alta,Sábado,Baja,0
ORD-14066,2025-05-06,Lima,Lima y Callao,Terrestre,Express,79.55,2,3.26,3,4.54,Media,Martes,Baja,0
ORD-14067,2025-11-08,Lima,Lima y Callao,Terrestre,Express,81.7,2,5.59,1,2.11,Baja,Sábado,Alta,0
ORD-14068,2025-06-03,Lima,Lima y Callao,Terrestre,Estándar,111.17,3,5.86,5,5.94,Media,Martes,Media,0
ORD-14069,2025-09-27,Lima,Lima y Callao,Terrestre,Express,80.45,2,5.39,5,3.65,Alta,Sábado,Baja,0
ORD-14070,2025-02-06,Puno,Sierra Sur,Terrestre,Estándar,1379.98,7,6.49,4,4.94,Baja,Jueves,Media,1
ORD-14071,2025-02-05,Lima,Lima y Callao,Terrestre,Estándar,125.46,3,7.35,5,7.0,Media,Miércoles,Media,0
ORD-14072,2025-10-13,Lima,Lima y Callao,Terrestre,Express,169.12,2,7.12,5,5.97,Media,Lunes,Alta,0
ORD-14073,2025-11-01,Lima,Lima y Callao,Terrestre,Estándar,69.41,3,8.0,5,3.7,Media,Sábado,Alta,0
ORD-14074,2025-12-10,Lima,Lima y Callao,Terrestre,Express,138.27,2,4.66,3,4.04,Baja,Miércoles,Media,0
ORD-14075,2025-04-29,La Libertad,Costa Norte,Terrestre,Express,652.92,3,6.92,8,10.22,Alta,Martes,Baja,0
ORD-14076,2025-01-09,Lima,Lima y Callao,Terrestre,Express,34.58,2,8.03,7,10.25,Media,Jueves,Media,1
ORD-14077,2025-12-24,La Libertad,Costa Norte,Terrestre,Estándar,594.93,4,10.34,7,7.85,Baja,Miércoles,Alta,0
ORD-14078,2025-08-08,Lima,Lima y Callao,Terrestre,Estándar,58.08,3,7.05,6,12.49,Baja,Viernes,Baja,0
ORD-14079,2025-04-01,Tumbes,Costa Norte,Terrestre,Estándar,1289.7,7,8.05,6,6.79,Media,Martes,Media,1
ORD-14080,2025-10-06,Tacna,Costa Sur,Terrestre,Estándar,1323.03,7,10.84,7,15.25,Baja,Lunes,Alta,1
ORD-14081,2025-11-26,Madre de Dios,Selva Centro-Sur,Aéreo,Estándar,1229.36,6,10.81,9,11.65,Media,Miércoles,Alta,1
ORD-14082,2025-04-14,Lima,Lima y Callao,Terrestre,Express,115.19,2,6.03,6,4.51,Alta,Lunes,Media,0
ORD-14083,2025-10-08,Lima,Lima y Callao,Terrestre,Express,70.48,2,4.57,2,3.78,Baja,Miércoles,Alta,0
ORD-14084,2025-10-15,Callao,Lima y Callao,Terrestre,Estándar,35.07,4,5.33,4,4.54,Alta,Miércoles,Baja,0
ORD-14085,2025-07-03,Lambayeque,Costa Norte,Terrestre,Estándar,829.75,4,8.19,5,4.82,Alta,Jueves,Alta,0
ORD-14086,2025-08-19,Cusco,Sierra Sur,Terrestre,Estándar,1205.56,7,8.88,7,13.22,Baja,Martes,Media,0
ORD-14087,2025-04-09,Amazonas,Selva Norte,Multimodal,Express,1187.93,5,8.2,6,4.31,Media,Miércoles,Alta,0
ORD-14088,2025-12-06,Tacna,Costa Sur,Terrestre,Estándar,1275.49,6,3.85,3,1.72,Alta,Sábado,Media,0
ORD-14089,2025-12-25,Piura,Costa Norte,Terrestre,Estándar,904.38,5,3.93,4,4.7,Media,Jueves,Baja,0
ORD-14090,2025-12-25,Lima,Lima y Callao,Terrestre,Estándar,56.87,3,4.59,2,3.33,Media,Jueves,Alta,0
ORD-14091,2025-09-27,Cusco,Sierra Sur,Terrestre,Express,1047.48,3,4.27,5,8.85,Alta,Sábado,Baja,0
ORD-14092,2025-01-16,Lima,Lima y Callao,Terrestre,Mismo Día,60.18,1,5.23,5,6.39,Media,Jueves,Media,0
ORD-14093,2025-05-14,La Libertad,Costa Norte,Terrestre,Estándar,672.09,5,6.42,6,3.15,Baja,Miércoles,Media,0
ORD-14094,2025-06-12,Loreto,Selva Norte,Aéreo,Estándar,1450.39,7,6.81,4,3.41,Baja,Jueves,Alta,1
ORD-14095,2025-12-17,Ucayali,Selva Centro-Sur,Aéreo,Estándar,867.34,5,7.41,6,4.02,Media,Miércoles,Alta,0
ORD-14096,2025-07-19,Junín,Sierra Centro,Terrestre,Estándar,334.78,5,8.35,9,4.74,Media,Sábado,Alta,0
ORD-14097,2025-07-15,Cusco,Sierra Sur,Terrestre,Estándar,1039.95,6,4.58,3,3.47,Media,Martes,Media,0
ORD-14098,2025-02-23,Cusco,Sierra Sur,Terrestre,Estándar,1057.06,6,7.23,4,5.97,Baja,Domingo,Alta,1
ORD-14099,2025-10-17,Arequipa,Costa Sur,Terrestre,Estándar,1048.15,6,10.51,8,14.43,Alta,Viernes,Media,0
ORD-14100,2025-05-03,La Libertad,Costa Norte,Terrestre,Estándar,558.74,5,7.53,7,10.28,Media,Sábado,Baja,0
ORD-14101,2025-02-03,Áncash,Costa Norte,Terrestre,Express,475.97,2,5.5,4,4.09,Media,Lunes,Alta,0
ORD-14102,2025-12-27,Arequipa,Costa Sur,Terrestre,Estándar,957.87,4,6.26,4,7.78,Baja,Sábado,Baja,0
ORD-14103,2025-03-11,Cusco,Sierra Sur,Terrestre,Estándar,1016.2,6,7.63,5,5.6,Baja,Martes,Alta,0
ORD-14104,2025-01-06,Cajamarca,Sierra Norte,Terrestre,Estándar,1031.71,5,5.05,3,4.09,Baja,Lunes,Media,0
ORD-14105,2025-01-29,Lima,Lima y Callao,Terrestre,Express,54.46,2,4.94,5,4.56,Media,Miércoles,Media,0
ORD-14106,2025-06-15,Arequipa,Costa Sur,Terrestre,Express,951.53,3,7.13,6,6.29,Baja,Domingo,Media,1
ORD-14107,2025-02-07,Piura,Costa Norte,Terrestre,Estándar,985.51,7,8.23,7,7.2,Alta,Viernes,Media,0
ORD-14108,2025-11-04,Callao,Lima y Callao,Terrestre,Mismo Día,35.48,1,6.26,5,3.36,Baja,Martes,Alta,0
ORD-14109,2025-07-07,Arequipa,Costa Sur,Terrestre,Estándar,949.1,5,7.14,4,6.83,Baja,Lunes,Alta,1
ORD-14110,2025-04-29,Áncash,Costa Norte,Terrestre,Estándar,309.91,2,3.17,3,4.27,Alta,Martes,Media,0
ORD-14111,2025-01-02,Lima,Lima y Callao,Terrestre,Estándar,36.91,4,9.29,7,11.97,Media,Jueves,Alta,1
ORD-14112,2025-06-25,Cusco,Sierra Sur,Terrestre,Express,1065.85,3,4.71,5,4.58,Media,Miércoles,Baja,0
ORD-14113,2025-02-25,Lima,Lima y Callao,Terrestre,Express,59.5,2,3.54,4,6.89,Baja,Martes,Baja,0
ORD-14114,2025-12-23,Arequipa,Costa Sur,Terrestre,Express,1060.2,3,5.54,3,2.1,Media,Martes,Media,1
ORD-14115,2025-04-17,Ucayali,Selva Centro-Sur,Terrestre,Estándar,985.01,6,4.5,2,2.85,Media,Jueves,Media,0
ORD-14116,2025-06-23,Arequipa,Costa Sur,Terrestre,Estándar,961.66,7,5.48,4,6.56,Alta,Lunes,Media,0
ORD-14117,2025-01-07,La Libertad,Costa Norte,Terrestre,Estándar,595.25,4,1.86,2,1.91,Media,Martes,Baja,0
ORD-14118,2025-02-17,Piura,Costa Norte,Terrestre,Estándar,912.03,5,5.12,2,3.95,Alta,Lunes,Alta,0
ORD-14119,2025-03-17,Cusco,Sierra Sur,Terrestre,Estándar,1021.45,6,9.07,6,14.78,Media,Lunes,Baja,1
ORD-14120,2025-01-19,Cusco,Sierra Sur,Aéreo,Express,1010.94,3,8.65,8,7.42,Media,Domingo,Media,0
ORD-14121,2025-09-22,Loreto,Selva Norte,Aéreo,Estándar,1518.72,7,4.72,4,9.29,Media,Lunes,Media,0
ORD-14122,2025-12-12,Cusco,Sierra Sur,Terrestre,Estándar,1033.32,5,4.05,3,2.19,Media,Viernes,Alta,0
ORD-14123,2025-12-26,Amazonas,Selva Norte,Terrestre,Express,1106.6,4,6.4,4,4.8,Media,Viernes,Alta,1
ORD-14124,2025-04-08,La Libertad,Costa Norte,Terrestre,Estándar,633.02,5,7.08,6,2.46,Media,Martes,Alta,0
ORD-14125,2025-10-15,Áncash,Costa Norte,Terrestre,Estándar,469.73,4,9.35,9,16.16,Baja,Miércoles,Media,0
ORD-14126,2025-07-03,Puno,Sierra Sur,Terrestre,Estándar,1324.49,7,7.28,7,4.35,Media,Jueves,Media,0
ORD-14127,2025-01-17,Lima,Lima y Callao,Terrestre,Estándar,56.88,3,1.74,2,1.29,Baja,Viernes,Media,0
ORD-14128,2025-02-03,Lima,Lima y Callao,Terrestre,Estándar,160.44,3,7.97,7,9.18,Media,Lunes,Media,0
ORD-14129,2025-07-19,Callao,Lima y Callao,Terrestre,Estándar,32.5,3,11.1,7,13.13,Baja,Sábado,Alta,0
ORD-14130,2025-06-04,Lima,Lima y Callao,Terrestre,Mismo Día,103.56,1,9.57,9,8.74,Baja,Miércoles,Baja,0
ORD-14131,2025-01-04,Lima,Lima y Callao,Terrestre,Estándar,104.35,3,6.91,6,7.69,Baja,Sábado,Media,0
ORD-14132,2025-12-06,Arequipa,Costa Sur,Terrestre,Estándar,1017.27,7,6.87,4,10.43,Baja,Sábado,Media,0
ORD-14133,2025-09-24,Piura,Costa Norte,Terrestre,Express,927.44,3,5.98,4,3.45,Baja,Miércoles,Media,0
ORD-14134,2025-07-03,Lima,Lima y Callao,Terrestre,Express,47.66,2,7.3,4,3.01,Baja,Jueves,Alta,0
ORD-14135,2025-12-27,Loreto,Selva Norte,Multimodal,Estándar,1363.63,8,7.89,4,7.66,Media,Sábado,Alta,0
ORD-14136,2025-12-21,Cusco,Sierra Sur,Terrestre,Express,1063.59,3,3.9,2,2.71,Media,Domingo,Media,0
ORD-14137,2025-12-22,Arequipa,Costa Sur,Terrestre,Estándar,1059.36,6,10.75,5,11.26,Alta,Lunes,Alta,0
ORD-14138,2025-04-05,Lima,Lima y Callao,Terrestre,Estándar,108.21,3,4.09,4,2.87,Alta,Sábado,Media,0
ORD-14139,2025-11-18,Loreto,Selva Norte,Aéreo,Express,1619.31,4,5.4,4,2.63,Baja,Martes,Alta,1
ORD-14140,2025-07-04,La Libertad,Costa Norte,Terrestre,Express,694.0,3,6.52,4,2.77,Media,Viernes,Alta,0
ORD-14141,2025-09-23,Áncash,Costa Norte,Terrestre,Estándar,450.68,4,4.78,2,3.51,Media,Martes,Alta,0
ORD-14142,2025-11-10,Madre de Dios,Selva Centro-Sur,Terrestre,Estándar,1089.63,6,7.92,3,6.06,Media,Lunes,Alta,0
ORD-14143,2025-03-01,Callao,Lima y Callao,Terrestre,Express,35.94,2,9.41,6,11.46,Media,Sábado,Alta,0
ORD-14144,2025-06-13,Ica,Costa Sur,Terrestre,Estándar,303.79,3,7.17,5,7.47,Media,Viernes,Media,1
ORD-14145,2025-02-17,Lima,Lima y Callao,Terrestre,Express,94.68,2,7.09,7,14.59,Media,Lunes,Media,0
ORD-14146,2025-04-13,Arequipa,Costa Sur,Terrestre,Estándar,969.01,6,7.07,7,6.64,Media,Domingo,Media,0
ORD-14147,2025-05-31,Arequipa,Costa Sur,Terrestre,Express,1027.04,3,5.74,4,1.93,Media,Sábado,Media,0
ORD-14148,2025-11-09,Áncash,Costa Norte,Terrestre,Estándar,395.81,4,6.44,5,3.14,Baja,Domingo,Alta,0
ORD-14149,2025-11-11,Puno,Sierra Sur,Terrestre,Estándar,1332.05,8,6.44,4,2.72,Alta,Martes,Alta,0
ORD-14150,2025-05-23,Ica,Costa Sur,Aéreo,Express,330.35,2,5.13,5,3.0,Alta,Viernes,Baja,0
ORD-14151,2025-05-01,Lima,Lima y Callao,Terrestre,Express,78.67,2,2.77,2,1.4,Baja,Jueves,Media,0
ORD-14152,2025-07-13,Ucayali,Selva Centro-Sur,Terrestre,Estándar,890.58,5,9.75,7,5.51,Media,Domingo,Alta,0
ORD-14153,2025-11-29,Lima,Lima y Callao,Terrestre,Estándar,91.88,4,7.05,4,6.45,Alta,Sábado,Alta,0
ORD-14154,2025-12-23,Lima,Lima y Callao,Terrestre,Estándar,91.9,3,7.31,4,5.5,Media,Martes,Alta,0
ORD-14155,2025-03-24,Lima,Lima y Callao,Terrestre,Mismo Día,57.36,1,6.83,4,9.33,Baja,Lunes,Media,0
ORD-14156,2025-03-10,Junín,Sierra Centro,Terrestre,Estándar,379.5,3,3.62,5,3.55,Media,Lunes,Baja,0
ORD-14157,2025-09-15,Lima,Lima y Callao,Terrestre,Estándar,70.61,3,5.66,6,8.62,Media,Lunes,Baja,0
ORD-14158,2025-04-21,Tacna,Costa Sur,Terrestre,Estándar,1338.17,7,6.93,4,8.89,Baja,Lunes,Media,1
ORD-14159,2025-03-14,Lima,Lima y Callao,Terrestre,Express,48.29,2,6.71,7,6.73,Media,Viernes,Media,0
ORD-14160,2025-01-12,La Libertad,Costa Norte,Terrestre,Estándar,708.32,5,7.52,7,6.88,Media,Domingo,Media,1
ORD-14161,2025-05-28,Ica,Costa Sur,Terrestre,Estándar,321.82,4,6.12,4,9.05,Baja,Miércoles,Baja,0
ORD-14162,2025-05-24,Piura,Costa Norte,Terrestre,Estándar,954.66,5,2.69,1,1.37,Alta,Sábado,Media,0
ORD-14163,2025-07-25,Ayacucho,Sierra Sur,Terrestre,Express,588.94,3,13.98,9,20.11,Baja,Viernes,Alta,1
ORD-14164,2025-03-15,Piura,Costa Norte,Aéreo,Estándar,950.9,5,5.32,3,2.35,Media,Sábado,Media,0
ORD-14165,2025-09-18,Cusco,Sierra Sur,Terrestre,Estándar,1109.26,6,5.99,2,4.9,Media,Jueves,Media,0
ORD-14166,2025-09-06,Lima,Lima y Callao,Terrestre,Express,101.76,2,9.52,8,16.5,Baja,Sábado,Baja,1
ORD-14167,2025-06-18,Loreto,Selva Norte,Aéreo,Estándar,1467.46,7,6.55,8,6.14,Media,Miércoles,Baja,0
ORD-14168,2025-03-08,Lambayeque,Costa Norte,Terrestre,Express,834.33,3,4.93,3,3.25,Media,Sábado,Media,0
ORD-14169,2025-07-05,Callao,Lima y Callao,Terrestre,Express,37.88,2,4.54,2,1.41,Media,Sábado,Alta,0
ORD-14170,2025-09-04,Piura,Costa Norte,Terrestre,Express,990.55,3,5.29,3,3.04,Media,Jueves,Media,0
ORD-14171,2025-05-17,Junín,Sierra Centro,Terrestre,Estándar,357.71,4,8.5,10,6.11,Alta,Sábado,Media,0
ORD-14172,2025-04-07,Ica,Costa Sur,Aéreo,Estándar,306.7,3,2.71,2,0.86,Alta,Lunes,Media,0
ORD-14173,2025-07-04,Lima,Lima y Callao,Terrestre,Express,83.42,2,5.23,5,3.56,Baja,Viernes,Media,0
ORD-14174,2025-05-10,La Libertad,Costa Norte,Terrestre,Estándar,648.02,5,6.49,4,7.67,Media,Sábado,Alta,0
ORD-14175,2025-05-27,Lima,Lima y Callao,Terrestre,Express,13.23,2,5.57,4,2.29,Media,Martes,Media,0
ORD-14176,2025-05-08,Ayacucho,Sierra Sur,Terrestre,Estándar,575.25,4,10.92,9,19.21,Alta,Jueves,Baja,1
ORD-14177,2025-04-21,La Libertad,Costa Norte,Terrestre,Express,590.57,3,4.87,4,7.48,Alta,Lunes,Baja,0
ORD-14178,2025-09-19,Piura,Costa Norte,Terrestre,Estándar,1055.51,7,8.97,5,10.94,Media,Viernes,Media,1
ORD-14179,2025-06-17,Áncash,Costa Norte,Aéreo,Express,416.32,2,5.09,2,3.26,Alta,Martes,Alta,1
ORD-14180,2025-06-20,Lambayeque,Costa Norte,Terrestre,Estándar,770.41,5,6.38,4,9.9,Media,Viernes,Media,0
ORD-14181,2025-08-27,Lima,Lima y Callao,Terrestre,Express,77.11,2,5.82,5,3.4,Baja,Miércoles,Alta,0
ORD-14182,2025-05-12,Piura,Costa Norte,Terrestre,Estándar,959.03,5,6.52,5,10.85,Media,Lunes,Media,1
ORD-14183,2025-02-06,Lima,Lima y Callao,Terrestre,Estándar,131.55,2,12.27,6,27.25,Media,Jueves,Alta,0
ORD-14184,2025-11-08,Madre de Dios,Selva Centro-Sur,Terrestre,Estándar,1426.1,7,5.1,4,4.21,Media,Sábado,Media,0
ORD-14185,2025-01-21,Callao,Lima y Callao,Terrestre,Express,57.45,2,4.74,5,6.0,Media,Martes,Baja,0
ORD-14186,2025-07-28,Junín,Sierra Centro,Terrestre,Estándar,424.24,5,5.87,3,2.8,Media,Lunes,Alta,0
ORD-14187,2025-04-08,San Martín,Selva Norte,Terrestre,Express,1015.65,3,10.22,9,11.27,Alta,Martes,Media,0
ORD-14188,2025-03-20,Piura,Costa Norte,Terrestre,Express,933.98,3,7.04,6,7.84,Baja,Jueves,Media,1
ORD-14189,2025-01-16,Lima,Lima y Callao,Terrestre,Express,95.29,2,5.97,4,1.8,Media,Jueves,Media,0
ORD-14190,2025-11-25,Lambayeque,Costa Norte,Terrestre,Estándar,799.61,5,7.14,3,4.87,Media,Martes,Alta,1
ORD-14191,2025-06-06,Lambayeque,Costa Norte,Terrestre,Estándar,752.52,4,7.57,7,13.81,Baja,Viernes,Baja,0
ORD-14192,2025-05-06,Arequipa,Costa Sur,Terrestre,Estándar,1054.1,6,6.07,5,4.54,Media,Martes,Media,0
ORD-14193,2025-09-28,Piura,Costa Norte,Terrestre,Express,922.45,3,3.59,2,2.49,Media,Domingo,Media,0
ORD-14194,2025-01-15,Madre de Dios,Selva Centro-Sur,Terrestre,Estándar,1166.18,6,13.85,11,19.09,Baja,Miércoles,Media,1
ORD-14195,2025-07-26,Lambayeque,Costa Norte,Terrestre,Estándar,764.61,5,7.59,4,3.65,Alta,Sábado,Alta,0
ORD-14196,2025-06-30,Cusco,Sierra Sur,Terrestre,Express,1145.39,4,5.71,4,6.79,Media,Lunes,Media,0
ORD-14197,2025-07-22,Ica,Costa Sur,Terrestre,Estándar,316.93,4,4.82,2,3.02,Baja,Martes,Baja,0
ORD-14198,2025-02-15,Arequipa,Costa Sur,Terrestre,Estándar,1019.57,6,6.42,3,10.43,Baja,Sábado,Media,0
ORD-14199,2025-12-14,Lima,Lima y Callao,Terrestre,Express,123.42,2,8.01,6,6.97,Media,Domingo,Media,0
ORD-14200,2025-03-29,Lima,Lima y Callao,Terrestre,Estándar,122.36,2,6.29,4,4.14,Alta,Sábado,Media,0
ORD-14201,2025-09-05,Callao,Lima y Callao,Terrestre,Estándar,35.35,3,9.16,6,7.94,Media,Viernes,Alta,0
ORD-14202,2025-09-30,Lima,Lima y Callao,Terrestre,Estándar,117.69,3,4.62,4,5.48,Baja,Martes,Baja,0
ORD-14203,2025-05-06,Tumbes,Costa Norte,Terrestre,Express,1223.58,4,5.42,4,9.84,Baja,Martes,Baja,1
ORD-14204,2025-02-17,Arequipa,Costa Sur,Terrestre,Express,1015.81,3,9.26,8,19.3,Media,Lunes,Media,0
ORD-14205,2025-04-19,Lambayeque,Costa Norte,Terrestre,Estándar,740.11,5,3.2,5,4.47,Media,Sábado,Baja,0
ORD-14206,2025-10-22,Lima,Lima y Callao,Terrestre,Mismo Día,79.1,1,8.84,7,7.63,Media,Miércoles,Alta,0
ORD-14207,2025-11-27,Cajamarca,Sierra Norte,Terrestre,Estándar,891.77,5,9.47,8,6.68,Media,Jueves,Alta,0
ORD-14208,2025-12-08,Lima,Lima y Callao,Terrestre,Mismo Día,37.06,1,6.27,5,4.19,Media,Lunes,Media,0
ORD-14209,2025-03-24,Lima,Lima y Callao,Terrestre,Express,82.3,2,4.91,5,1.43,Media,Lunes,Baja,0
ORD-14210,2025-08-10,Cajamarca,Sierra Norte,Terrestre,Estándar,915.16,5,4.86,4,10.0,Media,Domingo,Baja,0
ORD-14211,2025-02-25,Cajamarca,Sierra Norte,Terrestre,Express,908.07,3,4.95,4,3.85,Baja,Martes,Alta,0
ORD-14212,2025-09-17,Piura,Costa Norte,Terrestre,Estándar,887.77,5,4.37,3,2.87,Media,Miércoles,Alta,1
ORD-14213,2025-06-01,Ica,Costa Sur,Terrestre,Estándar,252.02,2,11.6,6,24.6,Media,Domingo,Alta,0
ORD-14214,2025-09-18,Lima,Lima y Callao,Terrestre,Estándar,72.23,3,4.08,4,4.3,Media,Jueves,Media,0
ORD-14215,2025-09-08,Lima,Lima y Callao,Terrestre,Estándar,127.14,3,5.07,5,5.55,Baja,Lunes,Baja,0
ORD-14216,2025-12-29,Pasco,Sierra Centro,Terrestre,Express,395.03,2,6.93,2,3.18,Baja,Lunes,Alta,1
ORD-14217,2025-06-28,Lima,Lima y Callao,Terrestre,Estándar,68.11,3,6.75,5,6.77,Media,Sábado,Media,0
ORD-14218,2025-05-05,Pasco,Sierra Centro,Terrestre,Estándar,369.24,4,5.54,4,3.91,Baja,Lunes,Media,0
ORD-14219,2025-07-12,Lima,Lima y Callao,Terrestre,Express,93.36,2,9.17,5,9.95,Media,Sábado,Alta,1
ORD-14220,2025-03-01,Lambayeque,Costa Norte,Terrestre,Estándar,862.35,5,5.26,5,7.15,Media,Sábado,Media,1
ORD-14221,2025-02-10,La Libertad,Costa Norte,Terrestre,Estándar,559.88,5,7.63,3,3.9,Baja,Lunes,Alta,0
ORD-14222,2025-07-09,Junín,Sierra Centro,Terrestre,Estándar,371.98,4,8.24,6,5.54,Media,Miércoles,Alta,0
ORD-14223,2025-10-29,La Libertad,Costa Norte,Terrestre,Express,622.77,3,7.48,6,6.82,Media,Miércoles,Media,1
ORD-14224,2025-07-14,Ayacucho,Sierra Sur,Terrestre,Express,589.87,3,8.58,8,14.54,Baja,Lunes,Media,1
ORD-14225,2025-10-13,La Libertad,Costa Norte,Aéreo,Express,548.09,2,4.84,4,7.47,Alta,Lunes,Baja,0
ORD-14226,2025-03-06,La Libertad,Costa Norte,Terrestre,Express,549.59,2,5.67,5,5.05,Media,Jueves,Media,0
ORD-14227,2025-06-14,Áncash,Costa Norte,Terrestre,Estándar,409.26,4,2.95,3,2.66,Alta,Sábado,Baja,0
ORD-14228,2025-08-12,Cusco,Sierra Sur,Terrestre,Estándar,1102.18,6,6.54,6,10.65,Baja,Martes,Media,1
ORD-14229,2025-05-07,Lima,Lima y Callao,Terrestre,Express,107.02,2,5.49,4,5.44,Alta,Miércoles,Media,0
ORD-14230,2025-01-06,Lima,Lima y Callao,Terrestre,Express,53.25,2,9.73,7,12.21,Alta,Lunes,Media,0
ORD-14231,2025-01-27,Loreto,Selva Norte,Aéreo,Express,1570.39,4,7.29,3,2.97,Baja,Lunes,Alta,1
ORD-14232,2025-12-05,Lima,Lima y Callao,Terrestre,Express,74.65,2,12.86,9,10.58,Media,Viernes,Alta,0
ORD-14233,2025-08-09,Piura,Costa Norte,Terrestre,Estándar,1064.06,6,7.85,5,9.07,Media,Sábado,Media,0
ORD-14234,2025-04-07,Loreto,Selva Norte,Aéreo,Estándar,1178.22,6,6.14,2,2.0,Media,Lunes,Alta,1
ORD-14235,2025-04-05,Arequipa,Costa Sur,Terrestre,Estándar,1073.0,7,8.4,3,8.57,Media,Sábado,Alta,0
ORD-14236,2025-01-15,Tumbes,Costa Norte,Terrestre,Estándar,1342.36,8,4.45,3,7.5,Alta,Miércoles,Media,1
ORD-14237,2025-12-11,Áncash,Costa Norte,Terrestre,Express,469.83,2,7.52,6,6.13,Media,Jueves,Media,0
ORD-14238,2025-02-09,Lima,Lima y Callao,Terrestre,Estándar,121.73,3,3.71,2,2.45,Alta,Domingo,Alta,0
ORD-14239,2025-10-05,Loreto,Selva Norte,Multimodal,Estándar,1311.64,8,3.99,2,2.81,Alta,Domingo,Media,0
ORD-14240,2025-03-29,Ica,Costa Sur,Terrestre,Estándar,314.76,3,3.29,3,4.01,Alta,Sábado,Baja,0
ORD-14241,2025-05-03,Lima,Lima y Callao,Terrestre,Express,93.56,2,10.43,7,14.39,Media,Sábado,Alta,0
ORD-14242,2025-04-10,Junín,Sierra Centro,Terrestre,Express,355.56,2,9.88,9,7.68,Media,Jueves,Alta,0
ORD-14243,2025-10-28,Arequipa,Costa Sur,Terrestre,Estándar,1134.2,6,4.01,4,3.18,Alta,Martes,Alta,0
ORD-14244,2025-01-12,Amazonas,Selva Norte,Terrestre,Estándar,1057.17,6,7.74,7,9.4,Media,Domingo,Alta,1
ORD-14245,2025-05-09,Arequipa,Costa Sur,Terrestre,Express,1004.14,3,9.41,6,8.97,Baja,Viernes,Alta,0
ORD-14246,2025-04-12,Arequipa,Costa Sur,Terrestre,Express,1090.66,3,6.82,5,6.02,Media,Sábado,Alta,0
ORD-14247,2025-04-10,Lima,Lima y Callao,Terrestre,Mismo Día,65.97,1,11.59,9,15.85,Baja,Jueves,Media,1
ORD-14248,2025-03-12,Lima,Lima y Callao,Terrestre,Express,49.32,2,4.95,3,6.85,Alta,Miércoles,Media,0
ORD-14249,2025-11-30,Lambayeque,Costa Norte,Terrestre,Estándar,764.95,5,5.0,5,8.31,Media,Domingo,Baja,0
ORD-14250,2025-05-19,Lima,Lima y Callao,Terrestre,Estándar,114.61,4,6.02,6,8.46,Media,Lunes,Media,0
ORD-14251,2025-06-02,Áncash,Costa Norte,Terrestre,Estándar,478.72,4,5.38,5,5.64,Baja,Lunes,Media,0
ORD-14252,2025-05-21,Cusco,Sierra Sur,Terrestre,Estándar,976.73,5,6.16,6,7.35,Media,Miércoles,Media,0
ORD-14253,2025-12-24,Lima,Lima y Callao,Terrestre,Estándar,98.03,2,4.35,4,2.72,Media,Miércoles,Baja,0
ORD-14254,2025-05-04,Puno,Sierra Sur,Terrestre,Estándar,1374.66,7,7.93,8,5.72,Media,Domingo,Media,1
ORD-14255,2025-05-05,La Libertad,Costa Norte,Terrestre,Estándar,632.34,5,5.24,3,6.31,Media,Lunes,Media,0
ORD-14256,2025-04-30,Arequipa,Costa Sur,Terrestre,Estándar,1040.8,7,6.97,5,12.81,Media,Miércoles,Baja,1
ORD-14257,2025-04-30,Loreto,Selva Norte,Multimodal,Estándar,1677.34,10,3.21,1,0.75,Baja,Miércoles,Media,0
ORD-14258,2025-02-02,Piura,Costa Norte,Terrestre,Estándar,945.38,5,6.37,4,6.22,Media,Domingo,Media,0
ORD-14259,2025-08-09,La Libertad,Costa Norte,Terrestre,Estándar,590.97,5,3.85,2,1.78,Media,Sábado,Alta,0
ORD-14260,2025-01-10,Cusco,Sierra Sur,Terrestre,Estándar,1077.51,6,7.36,5,12.5,Alta,Viernes,Alta,0
ORD-14261,2025-03-24,Áncash,Costa Norte,Terrestre,Express,406.18,2,7.14,7,8.15,Alta,Lunes,Media,0
ORD-14262,2025-03-15,Lima,Lima y Callao,Terrestre,Estándar,83.32,2,9.12,5,18.53,Media,Sábado,Media,0
ORD-14263,2025-04-17,Puno,Sierra Sur,Terrestre,Estándar,1259.7,6,5.25,5,4.57,Media,Jueves,Media,0
ORD-14264,2025-10-04,Lima,Lima y Callao,Terrestre,Express,48.67,2,8.54,6,6.15,Baja,Sábado,Alta,0
ORD-14265,2025-08-07,Ica,Costa Sur,Terrestre,Estándar,349.02,5,1.56,1,1.71,Alta,Jueves,Media,0
ORD-14266,2025-12-28,Lima,Lima y Callao,Terrestre,Estándar,34.64,4,11.11,6,10.77,Alta,Domingo,Alta,0
ORD-14267,2025-05-09,Moquegua,Costa Sur,Terrestre,Estándar,1152.49,6,6.42,5,8.56,Baja,Viernes,Baja,0
ORD-14268,2025-12-05,Lambayeque,Costa Norte,Terrestre,Estándar,812.09,5,7.47,4,7.42,Media,Viernes,Alta,0
ORD-14269,2025-01-17,Madre de Dios,Selva Centro-Sur,Multimodal,Estándar,1035.29,7,2.86,2,2.7,Media,Viernes,Media,0
ORD-14270,2025-07-04,La Libertad,Costa Norte,Terrestre,Express,581.17,3,4.32,2,3.9,Baja,Viernes,Media,0
ORD-14271,2025-10-19,Junín,Sierra Centro,Terrestre,Express,349.49,2,12.55,8,25.56,Alta,Domingo,Baja,0
ORD-14272,2025-07-14,Lima,Lima y Callao,Terrestre,Express,86.4,2,7.35,4,6.96,Alta,Lunes,Alta,0
ORD-14273,2025-12-07,Lambayeque,Costa Norte,Terrestre,Estándar,768.18,4,6.56,6,5.1,Alta,Domingo,Media,0
ORD-14274,2025-04-25,Tumbes,Costa Norte,Terrestre,Estándar,1287.2,7,9.56,7,10.23,Baja,Viernes,Alta,1
ORD-14275,2025-01-13,Lima,Lima y Callao,Terrestre,Express,58.96,2,4.88,6,3.19,Media,Lunes,Media,0
ORD-14276,2025-10-10,La Libertad,Costa Norte,Terrestre,Estándar,540.69,4,6.55,5,8.08,Alta,Viernes,Baja,0
ORD-14277,2025-01-25,La Libertad,Costa Norte,Terrestre,Estándar,525.14,4,4.93,5,2.91,Media,Sábado,Baja,0
ORD-14278,2025-10-07,Lima,Lima y Callao,Terrestre,Estándar,71.66,4,4.5,2,3.64,Media,Martes,Media,0
ORD-14279,2025-09-25,Junín,Sierra Centro,Terrestre,Estándar,347.44,4,4.56,2,2.17,Media,Jueves,Media,0
ORD-14280,2025-11-05,Lima,Lima y Callao,Terrestre,Estándar,149.79,3,6.85,5,9.46,Baja,Miércoles,Media,0
ORD-14281,2025-06-24,Junín,Sierra Centro,Terrestre,Estándar,284.29,3,4.31,3,3.59,Media,Martes,Media,0
ORD-14282,2025-11-23,Junín,Sierra Centro,Terrestre,Express,369.48,2,8.97,6,13.42,Alta,Domingo,Media,0
ORD-14283,2025-03-03,Lima,Lima y Callao,Terrestre,Express,93.4,2,11.1,7,11.03,Baja,Lunes,Alta,0
ORD-14284,2025-06-08,Arequipa,Costa Sur,Terrestre,Estándar,1045.59,6,9.97,7,13.39,Baja,Domingo,Alta,1
ORD-14285,2025-02-14,Lima,Lima y Callao,Terrestre,Estándar,99.89,3,0.5,1,1.42,Media,Viernes,Baja,0
ORD-14286,2025-10-07,Lima,Lima y Callao,Terrestre,Express,15.23,2,2.16,2,2.46,Media,Martes,Baja,0
ORD-14287,2025-09-18,Lambayeque,Costa Norte,Terrestre,Estándar,796.82,4,10.41,9,5.76,Media,Jueves,Alta,0
ORD-14288,2025-10-22,Lima,Lima y Callao,Terrestre,Mismo Día,69.39,1,6.54,4,2.98,Baja,Miércoles,Alta,0
ORD-14289,2025-10-06,Lima,Lima y Callao,Terrestre,Estándar,116.48,3,6.9,7,8.83,Media,Lunes,Baja,0
ORD-14290,2025-04-23,Piura,Costa Norte,Terrestre,Estándar,920.32,6,4.94,5,6.52,Baja,Miércoles,Baja,1
ORD-14291,2025-01-25,Junín,Sierra Centro,Terrestre,Estándar,398.57,4,4.92,3,4.94,Media,Sábado,Media,0
ORD-14292,2025-12-06,Ica,Costa Sur,Terrestre,Estándar,305.43,3,4.44,2,1.89,Media,Sábado,Media,0
ORD-14293,2025-06-29,Lima,Lima y Callao,Terrestre,Mismo Día,101.41,1,6.39,5,6.69,Media,Domingo,Media,0
ORD-14294,2025-02-04,Lima,Lima y Callao,Terrestre,Mismo Día,52.57,1,7.98,6,12.9,Media,Martes,Media,0
ORD-14295,2025-12-05,Lima,Lima y Callao,Terrestre,Mismo Día,103.34,1,8.28,5,7.11,Media,Viernes,Alta,0
ORD-14296,2025-12-29,Lima,Lima y Callao,Terrestre,Estándar,111.65,3,4.17,1,1.47,Media,Lunes,Alta,0
ORD-14297,2025-06-12,Lima,Lima y Callao,Terrestre,Estándar,84.77,3,9.36,6,8.15,Media,Jueves,Alta,0
ORD-14298,2025-10-09,Callao,Lima y Callao,Terrestre,Mismo Día,33.36,1,4.87,3,6.41,Media,Jueves,Media,0
ORD-14299,2025-01-14,Lima,Lima y Callao,Terrestre,Estándar,51.29,3,5.38,6,7.9,Media,Martes,Baja,0
ORD-14300,2025-02-04,Cajamarca,Sierra Norte,Terrestre,Estándar,854.69,6,5.31,2,2.22,Media,Martes,Media,0
ORD-14301,2025-04-11,La Libertad,Costa Norte,Terrestre,Estándar,645.98,5,4.17,2,2.42,Media,Viernes,Alta,0
ORD-14302,2025-08-28,Lima,Lima y Callao,Terrestre,Estándar,77.57,3,3.5,3,3.43,Media,Jueves,Media,0
ORD-14303,2025-02-18,Lima,Lima y Callao,Terrestre,Estándar,107.33,3,6.08,5,4.8,Baja,Martes,Alta,0
ORD-14304,2025-01-13,Junín,Sierra Centro,Terrestre,Express,402.93,2,10.01,10,16.66,Media,Lunes,Baja,1
ORD-14305,2025-09-02,Piura,Costa Norte,Terrestre,Estándar,991.32,6,8.28,5,12.67,Baja,Martes,Media,0
ORD-14306,2025-10-09,Lima,Lima y Callao,Terrestre,Express,103.85,2,2.77,4,4.13,Alta,Jueves,Baja,0
ORD-14307,2025-09-27,Lima,Lima y Callao,Terrestre,Express,96.86,2,4.18,3,2.53,Media,Sábado,Media,0
ORD-14308,2025-10-19,San Martín,Selva Norte,Terrestre,Express,1088.6,3,4.9,5,3.3,Baja,Domingo,Media,1
ORD-14309,2025-10-21,La Libertad,Costa Norte,Terrestre,Estándar,577.65,4,8.11,6,15.09,Media,Martes,Media,0
ORD-14310,2025-08-08,Lima,Lima y Callao,Terrestre,Estándar,127.16,3,7.73,6,11.15,Media,Viernes,Alta,0
ORD-14311,2025-07-09,Cajamarca,Sierra Norte,Terrestre,Estándar,1006.81,7,5.57,4,3.89,Alta,Miércoles,Media,0
ORD-14312,2025-11-09,Huancavelica,Sierra Centro,Terrestre,Estándar,510.93,5,4.46,5,6.54,Alta,Domingo,Baja,0
ORD-14313,2025-05-08,Ica,Costa Sur,Terrestre,Express,348.52,2,5.93,4,8.95,Alta,Jueves,Media,0
ORD-14314,2025-02-05,Arequipa,Costa Sur,Terrestre,Estándar,1141.47,6,7.99,7,8.07,Media,Miércoles,Media,0
ORD-14315,2025-10-02,Lima,Lima y Callao,Terrestre,Express,84.47,2,6.71,7,11.94,Alta,Jueves,Media,0
ORD-14316,2025-04-11,Callao,Lima y Callao,Terrestre,Express,50.01,2,6.53,5,5.58,Media,Viernes,Media,0
ORD-14317,2025-12-24,Lima,Lima y Callao,Terrestre,Estándar,100.46,3,7.82,7,7.25,Alta,Miércoles,Alta,0
ORD-14318,2025-06-01,Callao,Lima y Callao,Terrestre,Mismo Día,28.68,1,7.24,6,2.16,Baja,Domingo,Media,0
ORD-14319,2025-11-07,Arequipa,Costa Sur,Terrestre,Estándar,935.16,5,5.52,4,4.23,Alta,Viernes,Media,1
ORD-14320,2025-01-16,Tumbes,Costa Norte,Terrestre,Estándar,1259.23,7,4.1,5,4.72,Media,Jueves,Baja,0
ORD-14321,2025-08-29,Lima,Lima y Callao,Terrestre,Express,118.52,2,6.63,6,9.08,Media,Viernes,Baja,0
ORD-14322,2025-06-13,San Martín,Selva Norte,Terrestre,Estándar,1047.81,6,2.73,2,2.63,Alta,Viernes,Media,0
ORD-14323,2025-06-18,Lambayeque,Costa Norte,Terrestre,Estándar,816.35,5,5.04,6,8.01,Media,Miércoles,Media,0
ORD-14324,2025-04-07,Áncash,Costa Norte,Terrestre,Express,438.14,2,7.89,6,11.03,Alta,Lunes,Baja,0
ORD-14325,2025-12-21,Lima,Lima y Callao,Terrestre,Express,106.46,2,6.85,5,2.26,Baja,Domingo,Alta,0
ORD-14326,2025-05-24,Lima,Lima y Callao,Terrestre,Estándar,65.62,3,3.61,2,2.87,Media,Sábado,Media,0
ORD-14327,2025-11-07,Áncash,Costa Norte,Terrestre,Estándar,411.4,5,4.52,3,2.37,Media,Viernes,Media,0
ORD-14328,2025-06-05,Piura,Costa Norte,Terrestre,Estándar,919.06,5,6.08,8,5.62,Baja,Jueves,Baja,0
ORD-14329,2025-01-18,Lima,Lima y Callao,Terrestre,Express,61.32,2,4.05,4,4.07,Media,Sábado,Media,1
ORD-14330,2025-11-17,Lima,Lima y Callao,Terrestre,Estándar,39.0,3,6.45,4,4.84,Media,Lunes,Media,0
ORD-14331,2025-03-09,Lima,Lima y Callao,Terrestre,Mismo Día,45.38,1,6.82,5,7.43,Baja,Domingo,Media,0
ORD-14332,2025-04-09,Lima,Lima y Callao,Terrestre,Mismo Día,57.04,1,2.72,2,3.3,Media,Miércoles,Baja,0
ORD-14333,2025-11-11,Cusco,Sierra Sur,Terrestre,Express,1077.3,3,7.2,5,4.51,Baja,Martes,Media,0
ORD-14334,2025-11-23,Tumbes,Costa Norte,Terrestre,Estándar,1257.68,6,7.86,5,5.5,Alta,Domingo,Alta,1
ORD-14335,2025-12-01,La Libertad,Costa Norte,Aéreo,Estándar,586.97,5,13.6,8,17.95,Alta,Lunes,Alta,0
ORD-14336,2025-06-05,Cajamarca,Sierra Norte,Terrestre,Estándar,964.85,7,7.68,4,10.03,Media,Jueves,Media,0
ORD-14337,2025-10-04,Apurímac,Sierra Sur,Terrestre,Estándar,866.32,4,4.33,2,2.29,Media,Sábado,Media,0
ORD-14338,2025-04-30,Lima,Lima y Callao,Terrestre,Estándar,143.04,3,11.22,9,10.85,Media,Miércoles,Alta,0
ORD-14339,2025-09-28,Ucayali,Selva Centro-Sur,Terrestre,Estándar,915.95,5,7.84,9,7.41,Media,Domingo,Media,0
ORD-14340,2025-07-03,Piura,Costa Norte,Terrestre,Estándar,870.36,6,11.31,7,13.22,Alta,Jueves,Alta,0
ORD-14341,2025-01-19,Lima,Lima y Callao,Terrestre,Estándar,140.8,3,10.92,6,19.97,Media,Domingo,Alta,0
ORD-14342,2025-06-02,Ucayali,Selva Centro-Sur,Multimodal,Express,984.99,4,5.63,4,4.16,Media,Lunes,Media,1
ORD-14343,2025-06-20,Lima,Lima y Callao,Terrestre,Estándar,99.51,3,7.4,4,8.37,Baja,Viernes,Media,0
ORD-14344,2025-04-04,Ica,Costa Sur,Terrestre,Express,296.89,2,11.38,10,16.49,Media,Viernes,Media,0
ORD-14345,2025-05-17,Lima,Lima y Callao,Terrestre,Express,81.42,2,4.06,5,5.45,Alta,Sábado,Baja,0
ORD-14346,2025-07-03,Arequipa,Costa Sur,Terrestre,Estándar,1012.99,6,12.12,10,8.45,Baja,Jueves,Alta,0
ORD-14347,2025-01-19,Callao,Lima y Callao,Terrestre,Estándar,52.56,3,6.06,3,10.94,Baja,Domingo,Media,0
ORD-14348,2025-02-25,La Libertad,Costa Norte,Terrestre,Estándar,613.72,5,6.97,4,6.86,Baja,Martes,Media,0
ORD-14349,2025-10-07,Callao,Lima y Callao,Terrestre,Estándar,25.39,3,8.21,5,9.23,Baja,Martes,Alta,0
ORD-14350,2025-05-09,Tacna,Costa Sur,Terrestre,Estándar,1239.08,7,6.72,7,8.01,Media,Viernes,Baja,0
ORD-14351,2025-08-11,Ucayali,Selva Centro-Sur,Terrestre,Estándar,792.09,6,6.19,6,7.63,Media,Lunes,Baja,0
ORD-14352,2025-07-26,Junín,Sierra Centro,Terrestre,Estándar,331.24,4,7.86,7,4.97,Media,Sábado,Media,0
ORD-14353,2025-07-21,Lima,Lima y Callao,Terrestre,Express,73.77,2,3.69,4,6.68,Baja,Lunes,Baja,0
ORD-14354,2025-05-31,La Libertad,Costa Norte,Terrestre,Estándar,670.04,6,4.38,4,4.37,Media,Sábado,Media,0
ORD-14355,2025-06-26,Ayacucho,Sierra Sur,Terrestre,Estándar,579.22,4,4.86,4,3.34,Media,Jueves,Baja,0
ORD-14356,2025-10-28,Ica,Costa Sur,Terrestre,Estándar,278.62,3,5.64,4,3.44,Media,Martes,Alta,0
ORD-14357,2025-12-19,Callao,Lima y Callao,Terrestre,Express,27.95,2,9.21,4,13.41,Baja,Viernes,Alta,0
ORD-14358,2025-04-04,Ica,Costa Sur,Terrestre,Express,297.87,2,3.93,4,4.18,Media,Viernes,Baja,0
ORD-14359,2025-09-02,Callao,Lima y Callao,Terrestre,Mismo Día,44.66,1,7.59,8,11.38,Baja,Martes,Baja,0
ORD-14360,2025-12-20,Arequipa,Costa Sur,Terrestre,Estándar,1019.77,6,9.51,8,5.46,Alta,Sábado,Alta,0
ORD-14361,2025-01-03,Callao,Lima y Callao,Terrestre,Estándar,67.47,3,8.96,8,8.92,Alta,Viernes,Alta,0
ORD-14362,2025-10-14,Puno,Sierra Sur,Terrestre,Estándar,1531.88,7,3.29,5,3.54,Alta,Martes,Baja,0
ORD-14363,2025-07-01,Arequipa,Costa Sur,Terrestre,Estándar,1073.23,6,7.54,4,5.59,Baja,Martes,Alta,1
ORD-14364,2025-12-20,Ica,Costa Sur,Terrestre,Estándar,326.23,4,5.24,3,2.82,Baja,Sábado,Baja,0
ORD-14365,2025-07-31,Lima,Lima y Callao,Terrestre,Express,73.62,2,5.99,3,5.27,Alta,Jueves,Media,0
ORD-14366,2025-11-02,Junín,Sierra Centro,Terrestre,Estándar,376.58,5,7.24,4,2.38,Media,Domingo,Alta,0
ORD-14367,2025-03-02,Lima,Lima y Callao,Terrestre,Estándar,72.24,3,7.13,4,3.58,Media,Domingo,Alta,0
ORD-14368,2025-02-21,Áncash,Costa Norte,Terrestre,Estándar,461.59,3,7.26,5,10.37,Media,Viernes,Media,0
ORD-14369,2025-12-05,Lima,Lima y Callao,Terrestre,Express,52.01,2,12.57,9,20.74,Baja,Viernes,Media,1
ORD-14370,2025-07-12,Lima,Lima y Callao,Terrestre,Express,57.79,2,6.79,6,7.03,Media,Sábado,Media,0
ORD-14371,2025-07-23,Lima,Lima y Callao,Terrestre,Mismo Día,27.31,1,6.08,2,2.31,Alta,Miércoles,Alta,0
ORD-14372,2025-03-04,Lima,Lima y Callao,Terrestre,Express,96.66,2,5.43,5,6.21,Media,Martes,Baja,0
ORD-14373,2025-03-24,La Libertad,Costa Norte,Terrestre,Express,634.99,3,8.05,6,18.14,Media,Lunes,Baja,0
ORD-14374,2025-10-26,Junín,Sierra Centro,Terrestre,Estándar,259.39,2,2.29,1,1.17,Alta,Domingo,Media,0
ORD-14375,2025-04-21,Callao,Lima y Callao,Terrestre,Estándar,40.05,3,3.43,3,3.96,Media,Lunes,Media,0
ORD-14376,2025-08-02,Lima,Lima y Callao,Terrestre,Mismo Día,74.62,1,7.57,7,5.69,Baja,Sábado,Media,0
ORD-14377,2025-04-26,Áncash,Costa Norte,Terrestre,Express,463.25,2,3.8,2,2.19,Media,Sábado,Baja,0
ORD-14378,2025-04-07,Ica,Costa Sur,Terrestre,Estándar,240.45,3,3.55,4,5.81,Baja,Lunes,Baja,0
ORD-14379,2025-03-02,Lima,Lima y Callao,Terrestre,Estándar,29.99,3,4.67,2,3.86,Media,Domingo,Media,0
ORD-14380,2025-12-06,Arequipa,Costa Sur,Terrestre,Estándar,1032.67,6,6.21,3,4.57,Media,Sábado,Media,0
ORD-14381,2025-12-10,Arequipa,Costa Sur,Terrestre,Estándar,1028.33,6,7.26,6,10.08,Baja,Miércoles,Media,0
ORD-14382,2025-02-12,Lima,Lima y Callao,Terrestre,Express,125.23,2,3.86,5,4.24,Baja,Miércoles,Media,0
ORD-14383,2025-05-09,La Libertad,Costa Norte,Terrestre,Estándar,622.74,3,4.85,4,3.25,Media,Viernes,Media,0
ORD-14384,2025-07-25,Loreto,Selva Norte,Multimodal,Estándar,1662.91,9,5.37,4,7.3,Baja,Viernes,Baja,0
ORD-14385,2025-05-20,San Martín,Selva Norte,Terrestre,Express,1045.35,3,9.39,8,7.86,Media,Martes,Alta,1
ORD-14386,2025-09-21,Tacna,Costa Sur,Terrestre,Estándar,1302.2,7,4.24,2,1.74,Baja,Domingo,Media,0
ORD-14387,2025-04-05,La Libertad,Costa Norte,Terrestre,Estándar,697.24,5,5.03,5,6.79,Media,Sábado,Baja,0
ORD-14388,2025-01-22,Cusco,Sierra Sur,Terrestre,Estándar,974.38,6,8.12,5,6.08,Alta,Miércoles,Media,0
ORD-14389,2025-05-03,Lima,Lima y Callao,Terrestre,Express,119.79,2,3.77,4,4.41,Baja,Sábado,Media,0
ORD-14390,2025-08-07,Lima,Lima y Callao,Terrestre,Estándar,17.2,3,6.77,5,12.11,Media,Jueves,Media,0
ORD-14391,2025-03-07,Lima,Lima y Callao,Terrestre,Estándar,84.5,3,5.9,4,10.94,Baja,Viernes,Media,0
ORD-14392,2025-10-25,Ica,Costa Sur,Terrestre,Estándar,260.61,3,6.62,5,9.08,Media,Sábado,Media,0
ORD-14393,2025-01-05,Arequipa,Costa Sur,Terrestre,Estándar,1029.41,6,4.92,2,3.55,Media,Domingo,Media,0
ORD-14394,2025-01-25,Callao,Lima y Callao,Terrestre,Express,54.34,2,6.58,6,13.55,Baja,Sábado,Baja,0
ORD-14395,2025-07-05,Cajamarca,Sierra Norte,Aéreo,Express,785.34,3,9.03,7,8.48,Baja,Sábado,Alta,0
ORD-14396,2025-07-06,Arequipa,Costa Sur,Terrestre,Express,965.57,3,6.58,4,4.57,Media,Domingo,Alta,1
ORD-14397,2025-04-18,Puno,Sierra Sur,Terrestre,Express,1332.77,4,4.71,5,4.53,Media,Viernes,Baja,0
ORD-14398,2025-04-05,Áncash,Costa Norte,Terrestre,Estándar,381.94,4,5.07,4,3.82,Alta,Sábado,Media,0
ORD-14399,2025-01-26,Lima,Lima y Callao,Terrestre,Estándar,75.21,3,5.81,3,5.63,Alta,Domingo,Alta,0
ORD-14400,2025-08-30,San Martín,Selva Norte,Terrestre,Estándar,1233.17,6,2.92,3,2.4,Media,Sábado,Media,0
ORD-14401,2025-05-19,Junín,Sierra Centro,Terrestre,Estándar,301.54,2,6.18,4,3.7,Baja,Lunes,Alta,0
ORD-14402,2025-02-13,Lima,Lima y Callao,Terrestre,Mismo Día,78.79,1,6.75,3,3.1,Baja,Jueves,Alta,0
ORD-14403,2025-05-26,Lima,Lima y Callao,Terrestre,Express,81.8,2,4.01,2,1.53,Media,Lunes,Media,0
ORD-14404,2025-12-09,Ica,Costa Sur,Terrestre,Estándar,274.9,4,8.51,8,7.94,Alta,Martes,Media,0
ORD-14405,2025-04-06,Lambayeque,Costa Norte,Terrestre,Estándar,761.56,5,6.15,6,7.53,Baja,Domingo,Baja,0
ORD-14406,2025-11-23,Madre de Dios,Selva Centro-Sur,Terrestre,Estándar,1296.63,7,7.11,5,9.72,Baja,Domingo,Baja,0
ORD-14407,2025-04-05,Lima,Lima y Callao,Terrestre,Estándar,97.61,2,7.91,5,5.02,Media,Sábado,Alta,1
ORD-14408,2025-03-09,Loreto,Selva Norte,Multimodal,Estándar,1536.42,9,7.42,5,6.31,Alta,Domingo,Media,0
ORD-14409,2025-04-06,Ucayali,Selva Centro-Sur,Terrestre,Estándar,864.99,5,6.25,4,2.71,Media,Domingo,Alta,0
ORD-14410,2025-04-28,Junín,Sierra Centro,Aéreo,Estándar,380.6,4,6.5,6,4.02,Media,Lunes,Alta,0
ORD-14411,2025-02-14,Lima,Lima y Callao,Terrestre,Express,136.52,2,4.37,7,3.38,Media,Viernes,Baja,0
ORD-14412,2025-08-03,Lima,Lima y Callao,Terrestre,Estándar,128.61,3,3.47,2,4.17,Media,Domingo,Baja,0
ORD-14413,2025-05-02,Lima,Lima y Callao,Terrestre,Estándar,142.31,4,9.23,9,9.13,Media,Viernes,Alta,0
ORD-14414,2025-09-20,Lima,Lima y Callao,Terrestre,Estándar,63.82,3,6.09,4,5.72,Media,Sábado,Media,0
ORD-14415,2025-06-29,Lima,Lima y Callao,Terrestre,Estándar,163.91,4,6.84,6,9.02,Media,Domingo,Media,0
ORD-14416,2025-06-11,Piura,Costa Norte,Terrestre,Estándar,1018.42,6,5.72,6,10.3,Media,Miércoles,Baja,0
ORD-14417,2025-06-21,Junín,Sierra Centro,Terrestre,Estándar,413.75,4,7.3,4,11.86,Baja,Sábado,Media,0
ORD-14418,2025-02-27,Lima,Lima y Callao,Terrestre,Express,103.16,2,4.86,3,3.93,Baja,Jueves,Alta,0
ORD-14419,2025-09-18,Cusco,Sierra Sur,Terrestre,Estándar,1215.52,7,8.4,8,6.93,Baja,Jueves,Media,0
ORD-14420,2025-02-08,Lima,Lima y Callao,Terrestre,Estándar,80.4,3,8.65,7,11.39,Baja,Sábado,Media,0
ORD-14421,2025-09-21,Lima,Lima y Callao,Terrestre,Estándar,112.24,4,5.66,3,10.34,Baja,Domingo,Alta,0
ORD-14422,2025-12-31,Loreto,Selva Norte,Aéreo,Estándar,1465.63,8,8.99,5,4.94,Media,Miércoles,Alta,1
ORD-14423,2025-10-06,La Libertad,Costa Norte,Terrestre,Estándar,641.16,5,3.67,1,1.19,Alta,Lunes,Media,0
ORD-14424,2025-06-16,Lima,Lima y Callao,Terrestre,Estándar,113.56,4,6.58,4,1.66,Media,Lunes,Alta,0
ORD-14425,2025-04-25,Ica,Costa Sur,Terrestre,Estándar,265.29,3,6.06,5,2.65,Media,Viernes,Media,0
ORD-14426,2025-11-15,Cajamarca,Sierra Norte,Terrestre,Express,864.87,3,8.61,5,10.95,Alta,Sábado,Alta,1
ORD-14427,2025-04-04,Cusco,Sierra Sur,Terrestre,Estándar,1042.06,7,7.78,6,6.73,Alta,Viernes,Media,0
ORD-14428,2025-06-26,Puno,Sierra Sur,Terrestre,Estándar,1416.19,6,6.77,4,3.13,Baja,Jueves,Alta,0
ORD-14429,2025-10-09,Huánuco,Sierra Centro,Aéreo,Express,498.58,2,2.53,3,3.61,Baja,Jueves,Media,1
ORD-14430,2025-12-03,Tumbes,Costa Norte,Terrestre,Estándar,1322.28,7,17.65,10,37.37,Baja,Miércoles,Alta,1
ORD-14431,2025-12-03,Cusco,Sierra Sur,Terrestre,Estándar,1127.42,7,4.83,2,2.55,Alta,Miércoles,Alta,0
ORD-14432,2025-02-02,Lima,Lima y Callao,Terrestre,Express,95.29,2,8.07,3,8.42,Baja,Domingo,Alta,0
ORD-14433,2025-11-24,Lima,Lima y Callao,Terrestre,Express,47.43,2,6.04,4,3.52,Media,Lunes,Alta,0
ORD-14434,2025-02-11,Lima,Lima y Callao,Terrestre,Express,99.53,2,5.97,5,11.54,Media,Martes,Baja,0
ORD-14435,2025-08-02,Lima,Lima y Callao,Terrestre,Estándar,135.21,3,3.12,3,3.22,Media,Sábado,Media,0
ORD-14436,2025-12-06,Lima,Lima y Callao,Terrestre,Express,100.39,2,6.78,6,5.65,Media,Sábado,Media,0
ORD-14437,2025-08-28,Puno,Sierra Sur,Terrestre,Estándar,1463.89,7,7.87,5,4.34,Media,Jueves,Alta,0
ORD-14438,2025-12-12,Lima,Lima y Callao,Terrestre,Estándar,175.9,3,7.41,6,6.01,Media,Viernes,Alta,0
ORD-14439,2025-05-06,Arequipa,Costa Sur,Terrestre,Estándar,997.1,7,8.2,6,10.92,Alta,Martes,Media,0
ORD-14440,2025-04-25,Cusco,Sierra Sur,Terrestre,Estándar,1109.78,6,8.07,7,7.1,Baja,Viernes,Alta,1
ORD-14441,2025-04-30,Lima,Lima y Callao,Terrestre,Estándar,89.6,3,7.8,3,5.85,Alta,Miércoles,Alta,1
ORD-14442,2025-05-10,Lima,Lima y Callao,Terrestre,Estándar,81.61,3,4.98,4,3.59,Media,Sábado,Media,0
ORD-14443,2025-09-07,Lima,Lima y Callao,Terrestre,Mismo Día,60.55,1,4.77,2,2.63,Baja,Domingo,Alta,0
ORD-14444,2025-06-15,Lima,Lima y Callao,Terrestre,Estándar,61.24,4,3.67,3,3.01,Alta,Domingo,Media,0
ORD-14445,2025-09-27,Junín,Sierra Centro,Terrestre,Estándar,319.68,3,6.86,4,11.09,Alta,Sábado,Media,0
ORD-14446,2025-06-01,Lima,Lima y Callao,Terrestre,Express,99.09,2,7.05,8,11.93,Alta,Domingo,Baja,0
ORD-14447,2025-04-23,Lima,Lima y Callao,Terrestre,Mismo Día,47.75,1,6.45,5,7.37,Alta,Miércoles,Media,0
ORD-14448,2025-03-11,Lima,Lima y Callao,Terrestre,Mismo Día,79.5,1,5.38,5,5.31,Media,Martes,Media,1
ORD-14449,2025-07-21,Lima,Lima y Callao,Terrestre,Estándar,87.98,3,4.93,5,4.64,Baja,Lunes,Baja,0
ORD-14450,2025-11-24,Piura,Costa Norte,Terrestre,Estándar,957.3,5,9.27,5,3.84,Baja,Lunes,Alta,0
ORD-14451,2025-11-10,Lima,Lima y Callao,Terrestre,Estándar,129.24,3,13.58,8,16.87,Alta,Lunes,Alta,0
ORD-14452,2025-04-03,Tacna,Costa Sur,Terrestre,Estándar,1307.93,8,4.49,2,1.61,Alta,Jueves,Media,0
ORD-14453,2025-06-24,Arequipa,Costa Sur,Terrestre,Estándar,946.63,5,5.62,5,4.97,Alta,Martes,Baja,1
ORD-14454,2025-09-15,Lima,Lima y Callao,Terrestre,Estándar,168.23,3,8.03,6,10.41,Alta,Lunes,Media,0
ORD-14455,2025-08-12,Lima,Lima y Callao,Terrestre,Estándar,127.53,4,5.0,4,2.62,Media,Martes,Baja,0
ORD-14456,2025-01-25,Lambayeque,Costa Norte,Terrestre,Estándar,800.07,5,5.47,4,4.9,Baja,Sábado,Media,0
ORD-14457,2025-08-04,Huancavelica,Sierra Centro,Terrestre,Estándar,556.01,4,8.96,7,5.5,Baja,Lunes,Alta,0
ORD-14458,2025-01-15,Lima,Lima y Callao,Terrestre,Estándar,45.61,3,4.64,3,3.83,Media,Miércoles,Baja,0
ORD-14459,2025-02-12,Junín,Sierra Centro,Terrestre,Estándar,407.88,5,5.78,5,5.76,Media,Miércoles,Baja,0
ORD-14460,2025-08-27,Puno,Sierra Sur,Terrestre,Express,1303.39,4,6.21,4,1.95,Baja,Miércoles,Alta,0
ORD-14461,2025-02-07,Junín,Sierra Centro,Terrestre,Express,363.89,2,4.42,3,5.03,Alta,Viernes,Baja,0
ORD-14462,2025-05-04,Cajamarca,Sierra Norte,Terrestre,Estándar,832.02,5,3.35,2,1.65,Media,Domingo,Media,1
ORD-14463,2025-08-03,Lima,Lima y Callao,Terrestre,Estándar,113.87,3,6.82,4,4.25,Media,Domingo,Alta,0
ORD-14464,2025-08-28,La Libertad,Costa Norte,Terrestre,Estándar,584.28,4,7.52,6,7.59,Alta,Jueves,Media,0
ORD-14465,2025-06-12,Arequipa,Costa Sur,Terrestre,Estándar,981.53,7,8.39,7,9.72,Media,Jueves,Alta,0
ORD-14466,2025-02-04,Lima,Lima y Callao,Terrestre,Mismo Día,42.48,1,7.57,7,10.16,Media,Martes,Media,0
ORD-14467,2025-10-19,Lima,Lima y Callao,Terrestre,Estándar,109.55,3,5.23,3,4.88,Media,Domingo,Media,0
ORD-14468,2025-12-13,Cajamarca,Sierra Norte,Terrestre,Estándar,855.75,5,7.3,5,2.43,Media,Sábado,Alta,1
ORD-14469,2025-11-21,Lima,Lima y Callao,Terrestre,Estándar,87.5,2,11.09,8,11.53,Baja,Viernes,Alta,1
ORD-14470,2025-10-01,Lima,Lima y Callao,Terrestre,Express,70.37,2,5.39,5,6.02,Media,Miércoles,Baja,0
ORD-14471,2025-05-27,Lima,Lima y Callao,Terrestre,Express,116.74,2,4.06,5,4.77,Media,Martes,Media,0
ORD-14472,2025-11-16,Junín,Sierra Centro,Terrestre,Estándar,327.11,3,6.25,3,3.96,Alta,Domingo,Alta,1
ORD-14473,2025-06-28,Cusco,Sierra Sur,Terrestre,Estándar,1185.16,6,10.59,9,15.85,Alta,Sábado,Media,1
ORD-14474,2025-02-19,San Martín,Selva Norte,Terrestre,Express,1046.95,3,6.37,4,3.53,Baja,Miércoles,Alta,1
ORD-14475,2025-11-07,Lima,Lima y Callao,Terrestre,Express,41.55,2,9.98,5,11.06,Alta,Viernes,Alta,1
ORD-14476,2025-04-27,Áncash,Costa Norte,Terrestre,Estándar,379.42,4,9.12,6,12.08,Baja,Domingo,Alta,0
ORD-14477,2025-12-09,Madre de Dios,Selva Centro-Sur,Terrestre,Estándar,1088.11,6,12.21,8,11.37,Baja,Martes,Alta,1
ORD-14478,2025-05-15,Callao,Lima y Callao,Terrestre,Mismo Día,38.37,1,6.7,6,4.16,Media,Jueves,Alta,0
ORD-14479,2025-11-14,Lima,Lima y Callao,Terrestre,Mismo Día,61.73,1,6.93,3,9.36,Alta,Viernes,Media,0
ORD-14480,2025-07-16,Lima,Lima y Callao,Terrestre,Estándar,135.01,3,3.76,2,2.87,Alta,Miércoles,Media,0
ORD-14481,2025-06-20,Tumbes,Costa Norte,Terrestre,Estándar,1267.7,6,6.23,5,6.42,Alta,Viernes,Baja,0
ORD-14482,2025-04-19,Tacna,Costa Sur,Terrestre,Estándar,1278.27,6,8.62,6,7.91,Baja,Sábado,Alta,0
ORD-14483,2025-11-02,Cusco,Sierra Sur,Aéreo,Estándar,1052.55,6,4.22,3,4.81,Baja,Domingo,Media,0
ORD-14484,2025-01-23,Lima,Lima y Callao,Terrestre,Express,55.21,2,3.89,3,5.25,Baja,Jueves,Baja,0
ORD-14485,2025-06-21,Ica,Costa Sur,Terrestre,Estándar,263.84,2,3.75,3,3.63,Media,Sábado,Baja,0
ORD-14486,2025-05-15,Lima,Lima y Callao,Terrestre,Estándar,67.19,3,6.26,4,2.89,Media,Jueves,Alta,0
ORD-14487,2025-07-18,Lima,Lima y Callao,Terrestre,Express,42.32,2,5.79,3,5.93,Baja,Viernes,Media,0
ORD-14488,2025-04-03,Apurímac,Sierra Sur,Terrestre,Estándar,798.52,5,9.39,10,8.68,Media,Jueves,Media,1
ORD-14489,2025-08-31,Amazonas,Selva Norte,Terrestre,Estándar,1264.7,6,6.49,8,6.36,Media,Domingo,Baja,0
ORD-14490,2025-05-21,Arequipa,Costa Sur,Terrestre,Estándar,1040.1,6,3.43,2,2.56,Media,Miércoles,Alta,1
ORD-14491,2025-03-10,Ayacucho,Sierra Sur,Aéreo,Express,696.52,3,5.36,5,4.86,Media,Lunes,Baja,0
ORD-14492,2025-03-13,Cusco,Sierra Sur,Terrestre,Express,1014.96,3,5.92,5,7.46,Media,Jueves,Baja,0
ORD-14493,2025-09-12,Puno,Sierra Sur,Terrestre,Estándar,1449.21,7,10.92,9,13.67,Media,Viernes,Baja,1
ORD-14494,2025-04-06,Lima,Lima y Callao,Terrestre,Estándar,73.26,2,5.7,5,4.72,Media,Domingo,Media,0
ORD-14495,2025-04-23,Loreto,Selva Norte,Aéreo,Express,1196.87,4,6.37,6,7.71,Baja,Miércoles,Baja,1
ORD-14496,2025-08-17,Pasco,Sierra Centro,Terrestre,Estándar,382.69,5,8.01,6,5.65,Baja,Domingo,Alta,0
ORD-14497,2025-05-01,Lima,Lima y Callao,Terrestre,Express,32.7,2,5.46,3,5.35,Alta,Jueves,Media,0
ORD-14498,2025-05-22,La Libertad,Costa Norte,Terrestre,Express,602.47,3,5.05,5,7.44,Media,Jueves,Baja,0
ORD-14499,2025-03-31,Piura,Costa Norte,Terrestre,Estándar,1019.07,6,6.13,3,5.05,Baja,Lunes,Alta,1
ORD-14500,2025-05-07,Lima,Lima y Callao,Terrestre,Express,97.54,2,4.14,3,2.84,Media,Miércoles,Media,0
ORD-14501,2025-09-10,Lima,Lima y Callao,Terrestre,Estándar,87.48,3,7.81,6,8.32,Media,Miércoles,Media,0
ORD-14502,2025-07-14,Puno,Sierra Sur,Terrestre,Estándar,1334.89,7,9.32,4,5.9,Baja,Lunes,Alta,1
ORD-14503,2025-12-31,Lima,Lima y Callao,Terrestre,Express,36.07,2,4.68,3,5.04,Baja,Miércoles,Baja,0
ORD-14504,2025-10-09,Lima,Lima y Callao,Terrestre,Estándar,167.34,3,3.42,3,5.04,Alta,Jueves,Media,0
ORD-14505,2025-01-07,Piura,Costa Norte,Terrestre,Estándar,917.73,5,4.09,5,5.76,Media,Martes,Baja,0
ORD-14506,2025-05-19,Lambayeque,Costa Norte,Terrestre,Estándar,758.94,4,9.34,10,7.66,Baja,Lunes,Baja,1
ORD-14507,2025-04-16,Loreto,Selva Norte,Aéreo,Express,1251.82,4,7.19,6,8.65,Media,Miércoles,Alta,1
ORD-14508,2025-08-03,Apurímac,Sierra Sur,Terrestre,Estándar,969.13,7,7.54,6,8.73,Media,Domingo,Media,0
ORD-14509,2025-04-07,Amazonas,Selva Norte,Multimodal,Estándar,1183.4,6,4.05,2,1.91,Media,Lunes,Alta,0
ORD-14510,2025-12-19,Lima,Lima y Callao,Terrestre,Estándar,81.82,2,12.94,7,12.04,Baja,Viernes,Alta,1
ORD-14511,2025-04-20,Arequipa,Costa Sur,Terrestre,Estándar,1109.8,7,6.01,6,7.75,Baja,Domingo,Media,0
ORD-14512,2025-07-10,Tumbes,Costa Norte,Terrestre,Estándar,1187.22,7,6.2,5,6.29,Baja,Jueves,Media,0
ORD-14513,2025-02-14,Amazonas,Selva Norte,Terrestre,Estándar,1238.25,7,5.99,4,5.43,Alta,Viernes,Media,0
ORD-14514,2025-11-29,Lima,Lima y Callao,Terrestre,Express,32.88,2,7.65,4,7.62,Media,Sábado,Alta,0
ORD-14515,2025-11-29,Cusco,Sierra Sur,Terrestre,Express,1041.86,3,12.3,8,19.03,Alta,Sábado,Alta,1
ORD-14516,2025-10-17,Tacna,Costa Sur,Terrestre,Estándar,1237.65,6,5.25,5,6.11,Baja,Viernes,Media,0
ORD-14517,2025-05-09,Junín,Sierra Centro,Terrestre,Estándar,493.89,4,3.63,4,4.46,Media,Viernes,Baja,0
ORD-14518,2025-01-22,Áncash,Costa Norte,Terrestre,Express,494.29,2,7.54,7,10.61,Media,Miércoles,Media,0
ORD-14519,2025-09-17,Áncash,Costa Norte,Terrestre,Estándar,427.32,4,6.1,4,3.08,Media,Miércoles,Alta,0
ORD-14520,2025-06-06,Lima,Lima y Callao,Terrestre,Express,57.93,2,12.69,8,14.02,Media,Viernes,Alta,0
ORD-14521,2025-12-28,Ucayali,Selva Centro-Sur,Multimodal,Estándar,836.38,6,12.86,10,6.71,Media,Domingo,Alta,1
ORD-14522,2025-09-12,Tumbes,Costa Norte,Terrestre,Express,1258.74,4,7.72,7,4.66,Baja,Viernes,Baja,0
ORD-14523,2025-07-16,Ica,Costa Sur,Terrestre,Estándar,278.91,3,10.45,6,14.1,Baja,Miércoles,Alta,0
ORD-14524,2025-12-27,Lambayeque,Costa Norte,Aéreo,Estándar,717.03,5,8.59,6,3.32,Media,Sábado,Alta,0
ORD-14525,2025-10-20,Arequipa,Costa Sur,Terrestre,Estándar,1038.37,7,9.45,7,14.91,Baja,Lunes,Media,0
ORD-14526,2025-06-17,Lima,Lima y Callao,Terrestre,Estándar,97.14,4,9.17,6,13.91,Baja,Martes,Alta,0
ORD-14527,2025-01-07,Lima,Lima y Callao,Terrestre,Mismo Día,138.77,1,6.56,8,11.06,Alta,Martes,Baja,0
ORD-14528,2025-02-03,Cusco,Sierra Sur,Terrestre,Express,1057.21,3,6.87,7,10.86,Baja,Lunes,Media,0
ORD-14529,2025-06-11,Lima,Lima y Callao,Terrestre,Mismo Día,71.59,1,4.47,5,2.66,Media,Miércoles,Baja,0
ORD-14530,2025-07-25,Puno,Sierra Sur,Terrestre,Estándar,1363.7,7,4.19,2,2.04,Alta,Viernes,Alta,1
ORD-14531,2025-01-12,Amazonas,Selva Norte,Aéreo,Estándar,1028.68,5,7.11,5,7.63,Media,Domingo,Alta,0
ORD-14532,2025-02-16,Callao,Lima y Callao,Terrestre,Mismo Día,45.05,1,10.54,8,10.55,Baja,Domingo,Alta,0
ORD-14533,2025-09-15,Callao,Lima y Callao,Terrestre,Estándar,52.61,3,4.33,5,7.14,Media,Lunes,Media,1
ORD-14534,2025-10-02,Arequipa,Costa Sur,Terrestre,Estándar,963.47,6,5.61,3,3.86,Media,Jueves,Media,1
ORD-14535,2025-01-11,Cajamarca,Sierra Norte,Terrestre,Estándar,859.7,5,11.2,11,12.8,Media,Sábado,Media,0
ORD-14536,2025-07-05,Lima,Lima y Callao,Terrestre,Express,131.54,2,6.33,4,2.64,Media,Sábado,Alta,0
ORD-14537,2025-01-30,Arequipa,Costa Sur,Terrestre,Estándar,1016.12,6,6.61,6,8.2,Alta,Jueves,Media,0
ORD-14538,2025-09-22,Lima,Lima y Callao,Terrestre,Estándar,88.81,3,10.33,9,6.9,Baja,Lunes,Alta,0
ORD-14539,2025-11-01,Piura,Costa Norte,Aéreo,Estándar,999.69,6,6.26,4,4.43,Baja,Sábado,Alta,0
ORD-14540,2025-11-14,Puno,Sierra Sur,Terrestre,Estándar,1376.82,7,7.93,4,8.9,Media,Viernes,Media,0
ORD-14541,2025-08-07,Lima,Lima y Callao,Terrestre,Express,34.92,2,4.75,3,2.39,Media,Jueves,Media,0
ORD-14542,2025-08-18,Callao,Lima y Callao,Terrestre,Estándar,54.71,3,3.67,3,3.52,Media,Lunes,Media,0
ORD-14543,2025-12-05,Arequipa,Costa Sur,Terrestre,Estándar,1097.11,6,7.16,5,8.66,Baja,Viernes,Media,0
ORD-14544,2025-08-12,Callao,Lima y Callao,Terrestre,Express,16.22,2,8.48,6,9.46,Baja,Martes,Media,0
ORD-14545,2025-06-12,Tacna,Costa Sur,Terrestre,Estándar,1256.42,6,8.78,6,7.95,Media,Jueves,Alta,1
ORD-14546,2025-10-03,Tacna,Costa Sur,Terrestre,Estándar,1346.06,7,5.2,3,2.52,Alta,Viernes,Alta,0
ORD-14547,2025-08-04,Junín,Sierra Centro,Terrestre,Estándar,380.26,3,5.77,3,6.7,Baja,Lunes,Alta,0
ORD-14548,2025-11-04,Ica,Costa Sur,Aéreo,Express,284.13,2,6.05,5,3.73,Alta,Martes,Media,0
ORD-14549,2025-07-11,Lima,Lima y Callao,Terrestre,Estándar,89.53,3,4.33,1,1.66,Media,Viernes,Alta,0
ORD-14550,2025-11-14,Huánuco,Sierra Centro,Terrestre,Estándar,496.3,5,6.22,4,5.37,Baja,Viernes,Media,0
ORD-14551,2025-01-17,Tumbes,Costa Norte,Terrestre,Express,1265.97,4,5.41,5,4.49,Media,Viernes,Media,0
ORD-14552,2025-01-14,Callao,Lima y Callao,Terrestre,Mismo Día,23.2,1,5.8,6,6.02,Baja,Martes,Media,0
ORD-14553,2025-02-06,Junín,Sierra Centro,Terrestre,Express,298.45,2,8.83,4,10.55,Media,Jueves,Alta,1
ORD-14554,2025-07-23,La Libertad,Costa Norte,Terrestre,Estándar,605.9,4,9.49,7,5.28,Baja,Miércoles,Alta,1
ORD-14555,2025-09-16,Arequipa,Costa Sur,Terrestre,Express,1097.13,3,4.48,5,3.04,Media,Martes,Media,0
ORD-14556,2025-03-20,Junín,Sierra Centro,Terrestre,Express,373.39,2,3.61,4,4.15,Baja,Jueves,Baja,0
ORD-14557,2025-02-26,Piura,Costa Norte,Terrestre,Estándar,946.97,6,8.81,8,11.52,Alta,Miércoles,Baja,0
ORD-14558,2025-11-11,Ayacucho,Sierra Sur,Terrestre,Estándar,692.47,5,11.82,8,17.46,Alta,Martes,Alta,0
ORD-14559,2025-10-01,Lima,Lima y Callao,Terrestre,Express,75.7,2,8.07,6,7.02,Media,Miércoles,Alta,0
ORD-14560,2025-08-25,La Libertad,Costa Norte,Aéreo,Estándar,613.29,5,6.51,7,4.17,Media,Lunes,Media,0
ORD-14561,2025-06-28,Cajamarca,Sierra Norte,Terrestre,Estándar,816.36,6,2.04,2,2.91,Alta,Sábado,Baja,0
ORD-14562,2025-06-03,Áncash,Costa Norte,Terrestre,Express,452.43,2,5.21,3,5.49,Baja,Martes,Alta,0
ORD-14563,2025-01-08,Cusco,Sierra Sur,Terrestre,Estándar,1104.08,6,5.3,4,5.54,Alta,Miércoles,Media,0
ORD-14564,2025-03-10,Arequipa,Costa Sur,Terrestre,Express,1063.64,3,4.61,4,5.76,Media,Lunes,Media,0
ORD-14565,2025-11-24,Junín,Sierra Centro,Aéreo,Express,342.39,2,4.09,3,2.13,Alta,Lunes,Media,0
ORD-14566,2025-05-04,Loreto,Selva Norte,Aéreo,Estándar,1342.47,7,4.04,2,1.89,Baja,Domingo,Media,1
ORD-14567,2025-09-15,Lima,Lima y Callao,Terrestre,Mismo Día,51.53,1,6.99,7,7.65,Baja,Lunes,Media,0
ORD-14568,2025-09-14,San Martín,Selva Norte,Terrestre,Express,1242.61,4,9.48,7,13.89,Media,Domingo,Media,1
ORD-14569,2025-04-23,La Libertad,Costa Norte,Terrestre,Estándar,558.03,4,2.48,1,1.21,Baja,Miércoles,Baja,0
ORD-14570,2025-03-16,Lima,Lima y Callao,Terrestre,Express,101.04,2,5.26,4,5.53,Baja,Domingo,Media,0
ORD-14571,2025-09-10,Lima,Lima y Callao,Terrestre,Mismo Día,107.64,1,4.92,3,4.37,Alta,Miércoles,Media,0
ORD-14572,2025-02-04,Callao,Lima y Callao,Terrestre,Estándar,24.3,3,6.24,5,4.23,Baja,Martes,Alta,0
ORD-14573,2025-06-30,Huánuco,Sierra Centro,Aéreo,Estándar,447.93,4,6.12,3,2.93,Baja,Lunes,Alta,0
ORD-14574,2025-11-21,Lima,Lima y Callao,Terrestre,Estándar,28.55,2,7.24,5,5.99,Baja,Viernes,Media,0
ORD-14575,2025-09-17,Loreto,Selva Norte,Aéreo,Express,1394.31,4,5.36,4,4.19,Media,Miércoles,Baja,1
ORD-14576,2025-10-06,Lambayeque,Costa Norte,Terrestre,Estándar,870.25,5,7.66,5,8.62,Media,Lunes,Media,0
ORD-14577,2025-01-31,Callao,Lima y Callao,Terrestre,Estándar,36.87,3,6.18,5,5.65,Baja,Viernes,Media,0
ORD-14578,2025-03-14,Ucayali,Selva Centro-Sur,Terrestre,Estándar,1069.55,7,7.11,3,5.5,Media,Viernes,Media,1
ORD-14579,2025-04-11,Arequipa,Costa Sur,Terrestre,Express,957.56,3,5.74,5,5.39,Alta,Viernes,Baja,0
ORD-14580,2025-04-17,Tacna,Costa Sur,Terrestre,Estándar,1301.5,7,6.28,5,6.25,Baja,Jueves,Baja,0
ORD-14581,2025-03-12,Loreto,Selva Norte,Aéreo,Express,1609.24,4,4.27,3,5.1,Media,Miércoles,Media,0
ORD-14582,2025-12-21,Pasco,Sierra Centro,Terrestre,Estándar,396.51,4,6.87,4,4.83,Media,Domingo,Alta,0
ORD-14583,2025-03-02,Loreto,Selva Norte,Multimodal,Estándar,1294.93,7,5.59,3,3.07,Media,Domingo,Alta,0
ORD-14584,2025-09-16,Callao,Lima y Callao,Terrestre,Mismo Día,47.62,1,4.28,4,4.62,Alta,Martes,Media,0
ORD-14585,2025-08-03,Lima,Lima y Callao,Terrestre,Express,135.03,2,7.89,7,12.5,Alta,Domingo,Baja,0
ORD-14586,2025-08-11,Lima,Lima y Callao,Terrestre,Estándar,115.65,3,7.99,8,10.78,Media,Lunes,Baja,0
ORD-14587,2025-03-20,Lima,Lima y Callao,Terrestre,Express,98.76,2,6.18,5,2.72,Media,Jueves,Media,0
ORD-14588,2025-04-23,Cusco,Sierra Sur,Terrestre,Estándar,988.6,6,5.14,3,2.96,Baja,Miércoles,Media,0
ORD-14589,2025-08-10,Callao,Lima y Callao,Terrestre,Estándar,18.13,3,8.76,7,6.44,Media,Domingo,Alta,0
ORD-14590,2025-04-20,Ica,Costa Sur,Terrestre,Express,304.36,2,9.0,8,12.41,Media,Domingo,Media,0
ORD-14591,2025-09-11,Lambayeque,Costa Norte,Aéreo,Estándar,783.09,5,5.15,4,2.1,Baja,Jueves,Baja,0
ORD-14592,2025-01-15,Lima,Lima y Callao,Terrestre,Estándar,60.33,3,4.11,5,7.09,Alta,Miércoles,Baja,0
ORD-14593,2025-01-27,Pasco,Sierra Centro,Terrestre,Express,320.13,2,3.41,4,6.71,Media,Lunes,Baja,0
ORD-14594,2025-09-23,Lima,Lima y Callao,Terrestre,Express,76.02,2,6.02,4,6.65,Baja,Martes,Media,0
ORD-14595,2025-08-14,Lima,Lima y Callao,Terrestre,Estándar,85.34,3,8.47,9,10.46,Alta,Jueves,Baja,0
ORD-14596,2025-01-16,Cusco,Sierra Sur,Terrestre,Express,1041.7,3,4.31,4,2.28,Media,Jueves,Media,0
ORD-14597,2025-11-25,Lambayeque,Costa Norte,Terrestre,Express,772.6,3,2.57,2,2.57,Media,Martes,Media,0
ORD-14598,2025-01-02,Ica,Costa Sur,Terrestre,Estándar,255.28,3,5.44,4,9.03,Media,Jueves,Media,0
ORD-14599,2025-12-15,Callao,Lima y Callao,Terrestre,Estándar,59.06,3,10.55,7,6.38,Alta,Lunes,Alta,0
ORD-14600,2025-09-24,Áncash,Costa Norte,Terrestre,Estándar,430.97,5,20.0,12,37.0,Alta,Miércoles,Alta,1
ORD-14601,2025-12-27,Ica,Costa Sur,Terrestre,Express,259.63,2,7.31,3,5.01,Baja,Sábado,Alta,0
ORD-14602,2025-12-13,Cusco,Sierra Sur,Terrestre,Estándar,1047.68,6,5.94,5,5.78,Media,Sábado,Media,0
ORD-14603,2025-04-25,Lima,Lima y Callao,Terrestre,Express,78.21,2,5.51,3,4.16,Alta,Viernes,Alta,1
ORD-14604,2025-10-04,Arequipa,Costa Sur,Terrestre,Estándar,1029.68,5,6.95,6,8.78,Alta,Sábado,Media,0
ORD-14605,2025-03-18,Cusco,Sierra Sur,Terrestre,Estándar,1083.3,6,7.37,6,5.91,Baja,Martes,Alta,0
ORD-14606,2025-06-22,Áncash,Costa Norte,Terrestre,Express,436.59,2,4.57,4,4.2,Media,Domingo,Media,0
ORD-14607,2025-03-29,Lima,Lima y Callao,Terrestre,Estándar,106.75,3,9.28,6,17.44,Alta,Sábado,Media,0
ORD-14608,2025-06-27,Lima,Lima y Callao,Terrestre,Estándar,41.46,3,0.74,1,2.58,Baja,Viernes,Baja,0
ORD-14609,2025-11-15,Ica,Costa Sur,Terrestre,Estándar,277.26,3,8.85,5,5.18,Media,Sábado,Alta,0
ORD-14610,2025-06-09,Cajamarca,Sierra Norte,Aéreo,Estándar,775.61,4,6.12,4,3.62,Media,Lunes,Alta,0
ORD-14611,2025-02-03,Tacna,Costa Sur,Aéreo,Express,1309.4,4,5.64,6,3.69,Media,Lunes,Media,1
ORD-14612,2025-04-29,Lima,Lima y Callao,Terrestre,Estándar,79.33,3,5.69,4,12.53,Media,Martes,Media,0
ORD-14613,2025-10-15,Lima,Lima y Callao,Terrestre,Estándar,111.3,3,5.53,3,5.95,Baja,Miércoles,Media,0
ORD-14614,2025-07-10,Lima,Lima y Callao,Terrestre,Express,51.36,2,7.87,6,12.2,Media,Jueves,Media,0
ORD-14615,2025-07-24,Loreto,Selva Norte,Aéreo,Estándar,1430.15,8,4.31,3,2.97,Baja,Jueves,Baja,0
ORD-14616,2025-06-07,Piura,Costa Norte,Terrestre,Express,939.73,3,3.44,3,3.13,Alta,Sábado,Media,0
ORD-14617,2025-04-17,Junín,Sierra Centro,Aéreo,Express,350.13,2,9.48,10,7.84,Media,Jueves,Media,0
ORD-14618,2025-08-07,Lima,Lima y Callao,Terrestre,Express,109.39,2,3.9,5,1.63,Baja,Jueves,Media,0
ORD-14619,2025-08-20,Callao,Lima y Callao,Terrestre,Mismo Día,18.0,1,3.99,3,2.88,Alta,Miércoles,Media,0
ORD-14620,2025-11-24,Lima,Lima y Callao,Terrestre,Express,71.4,2,8.18,5,6.84,Media,Lunes,Alta,0
ORD-14621,2025-08-14,La Libertad,Costa Norte,Aéreo,Express,601.08,3,7.27,6,8.15,Media,Jueves,Media,0
ORD-14622,2025-12-30,Amazonas,Selva Norte,Terrestre,Express,1167.28,4,7.93,6,5.61,Baja,Martes,Media,1
ORD-14623,2025-10-29,Tacna,Costa Sur,Terrestre,Estándar,1272.32,7,4.17,2,3.62,Media,Miércoles,Media,0
ORD-14624,2025-01-29,Piura,Costa Norte,Terrestre,Estándar,1056.34,6,7.03,5,4.58,Alta,Miércoles,Media,0
ORD-14625,2025-05-24,Huánuco,Sierra Centro,Terrestre,Estándar,590.99,3,3.44,3,5.07,Baja,Sábado,Media,0
ORD-14626,2025-05-21,Ucayali,Selva Centro-Sur,Terrestre,Estándar,970.37,6,10.3,7,11.53,Alta,Miércoles,Media,0
ORD-14627,2025-01-02,Ica,Costa Sur,Terrestre,Estándar,276.77,3,3.72,2,4.01,Media,Jueves,Baja,0
ORD-14628,2025-03-07,Lambayeque,Costa Norte,Terrestre,Express,800.52,3,4.84,4,5.0,Media,Viernes,Media,0
ORD-14629,2025-10-06,Piura,Costa Norte,Terrestre,Estándar,896.72,6,8.0,7,5.81,Media,Lunes,Media,0
ORD-14630,2025-05-09,Huánuco,Sierra Centro,Terrestre,Express,531.69,2,6.84,3,2.28,Baja,Viernes,Alta,0
ORD-14631,2025-02-23,Lambayeque,Costa Norte,Terrestre,Estándar,784.63,4,6.8,4,2.03,Alta,Domingo,Alta,0
ORD-14632,2025-04-15,Lima,Lima y Callao,Terrestre,Mismo Día,52.64,1,3.83,3,5.12,Baja,Martes,Media,0
ORD-14633,2025-04-11,Ayacucho,Sierra Sur,Terrestre,Estándar,592.71,4,6.74,5,3.16,Alta,Viernes,Alta,0
ORD-14634,2025-03-05,La Libertad,Costa Norte,Aéreo,Express,652.01,3,8.31,7,7.95,Baja,Miércoles,Media,0
ORD-14635,2025-02-06,Huánuco,Sierra Centro,Aéreo,Express,531.41,2,3.5,2,2.77,Baja,Jueves,Media,0
ORD-14636,2025-10-06,Lima,Lima y Callao,Terrestre,Estándar,87.64,3,5.8,6,4.76,Alta,Lunes,Baja,0
ORD-14637,2025-10-28,Ayacucho,Sierra Sur,Terrestre,Express,612.75,3,3.01,2,2.58,Media,Martes,Baja,0
ORD-14638,2025-07-01,Callao,Lima y Callao,Terrestre,Express,51.48,2,5.25,4,5.93,Baja,Martes,Media,0
ORD-14639,2025-08-13,Lima,Lima y Callao,Terrestre,Express,124.44,2,8.64,7,7.53,Media,Miércoles,Media,0
ORD-14640,2025-12-02,Cajamarca,Sierra Norte,Terrestre,Estándar,939.21,5,7.53,4,5.98,Baja,Martes,Alta,1
ORD-14641,2025-11-04,La Libertad,Costa Norte,Terrestre,Estándar,600.36,4,6.96,4,4.08,Alta,Martes,Alta,0
ORD-14642,2025-01-12,Lima,Lima y Callao,Terrestre,Estándar,100.25,4,5.14,5,5.45,Baja,Domingo,Media,0
ORD-14643,2025-12-14,Lima,Lima y Callao,Terrestre,Estándar,129.66,3,5.31,4,3.51,Media,Domingo,Media,0
ORD-14644,2025-01-25,Arequipa,Costa Sur,Terrestre,Estándar,963.12,7,10.65,8,9.0,Baja,Sábado,Alta,0
ORD-14645,2025-01-10,Piura,Costa Norte,Terrestre,Express,950.94,3,6.74,4,4.87,Media,Viernes,Alta,0
ORD-14646,2025-05-28,Lima,Lima y Callao,Terrestre,Estándar,31.99,3,6.23,5,4.27,Alta,Miércoles,Media,0
ORD-14647,2025-09-30,Ica,Costa Sur,Terrestre,Estándar,286.3,2,2.71,2,3.23,Alta,Martes,Baja,0
ORD-14648,2025-01-30,Lima,Lima y Callao,Terrestre,Express,116.4,2,2.97,3,1.49,Media,Jueves,Baja,0
ORD-14649,2025-04-17,Lima,Lima y Callao,Terrestre,Estándar,55.34,3,7.62,7,13.58,Baja,Jueves,Media,0
ORD-14650,2025-04-06,Lima,Lima y Callao,Terrestre,Estándar,89.79,3,4.29,3,2.16,Baja,Domingo,Media,0
ORD-14651,2025-05-26,Lima,Lima y Callao,Terrestre,Estándar,26.69,3,3.78,3,5.86,Alta,Lunes,Baja,0
ORD-14652,2025-12-26,Lima,Lima y Callao,Terrestre,Express,137.36,2,8.4,6,9.6,Baja,Viernes,Media,0
ORD-14653,2025-05-01,Ucayali,Selva Centro-Sur,Terrestre,Estándar,970.76,6,4.39,3,5.95,Media,Jueves,Alta,0
ORD-14654,2025-03-18,Lima,Lima y Callao,Terrestre,Express,88.09,2,9.8,6,4.64,Media,Martes,Alta,0
ORD-14655,2025-02-14,Loreto,Selva Norte,Multimodal,Estándar,1469.53,8,5.66,3,3.35,Alta,Viernes,Alta,0
ORD-14656,2025-03-14,Lima,Lima y Callao,Terrestre,Express,41.56,2,5.78,4,5.68,Media,Viernes,Media,0
ORD-14657,2025-02-18,Piura,Costa Norte,Terrestre,Express,1025.09,3,3.05,2,3.15,Media,Martes,Baja,0
ORD-14658,2025-07-29,Tacna,Costa Sur,Terrestre,Express,1348.4,4,11.03,9,15.53,Alta,Martes,Media,1
ORD-14659,2025-06-03,Callao,Lima y Callao,Terrestre,Estándar,21.84,3,7.98,7,11.51,Alta,Martes,Baja,0
ORD-14660,2025-07-01,Cajamarca,Sierra Norte,Terrestre,Express,1018.25,3,8.07,6,8.86,Media,Martes,Baja,1
ORD-14661,2025-10-31,Lima,Lima y Callao,Terrestre,Express,22.02,2,6.56,5,7.53,Media,Viernes,Media,0
ORD-14662,2025-07-31,Lambayeque,Costa Norte,Terrestre,Express,796.45,3,10.22,6,9.62,Media,Jueves,Alta,0
ORD-14663,2025-02-26,Lima,Lima y Callao,Terrestre,Express,52.0,2,8.07,5,6.11,Media,Miércoles,Alta,0
ORD-14664,2025-05-18,Loreto,Selva Norte,Aéreo,Express,1477.18,4,4.44,2,4.07,Baja,Domingo,Media,0
ORD-14665,2025-04-25,San Martín,Selva Norte,Terrestre,Estándar,968.78,6,8.33,7,7.91,Media,Viernes,Baja,0
ORD-14666,2025-10-29,La Libertad,Costa Norte,Aéreo,Express,556.91,3,4.83,4,2.11,Media,Miércoles,Media,0
ORD-14667,2025-04-23,Lima,Lima y Callao,Terrestre,Express,82.63,2,3.81,2,4.24,Baja,Miércoles,Media,0
ORD-14668,2025-02-20,Callao,Lima y Callao,Terrestre,Mismo Día,75.58,1,5.4,4,5.9,Baja,Jueves,Media,0
ORD-14669,2025-09-26,Lima,Lima y Callao,Terrestre,Express,64.64,2,6.32,5,5.72,Media,Viernes,Media,0
ORD-14670,2025-06-06,Áncash,Costa Norte,Aéreo,Estándar,431.48,4,4.06,5,6.29,Baja,Viernes,Baja,0
ORD-14671,2025-02-04,Lima,Lima y Callao,Terrestre,Express,87.53,2,8.64,5,11.89,Media,Martes,Media,0
ORD-14672,2025-09-09,Lima,Lima y Callao,Terrestre,Estándar,127.04,3,7.67,7,8.82,Media,Martes,Media,0
ORD-14673,2025-03-18,Lima,Lima y Callao,Terrestre,Express,65.93,2,6.47,3,7.33,Media,Martes,Alta,0
ORD-14674,2025-11-13,Lima,Lima y Callao,Terrestre,Express,91.09,2,10.09,8,11.92,Baja,Jueves,Alta,0
ORD-14675,2025-10-31,Junín,Sierra Centro,Terrestre,Express,457.69,2,9.81,8,8.44,Media,Viernes,Alta,0
ORD-14676,2025-05-15,Amazonas,Selva Norte,Terrestre,Estándar,1068.19,5,4.34,5,3.73,Media,Jueves,Media,1
ORD-14677,2025-07-22,Arequipa,Costa Sur,Terrestre,Estándar,1007.45,6,6.17,6,7.36,Media,Martes,Media,0
ORD-14678,2025-07-27,Tumbes,Costa Norte,Terrestre,Estándar,1336.51,7,6.44,3,6.75,Media,Domingo,Alta,1
ORD-14679,2025-08-27,Puno,Sierra Sur,Terrestre,Estándar,1330.79,7,5.45,6,5.76,Alta,Miércoles,Baja,0
ORD-14680,2025-01-26,Ica,Costa Sur,Terrestre,Express,283.98,2,5.65,5,7.4,Baja,Domingo,Media,0
ORD-14681,2025-04-29,Cusco,Sierra Sur,Terrestre,Estándar,1025.09,6,10.16,6,14.12,Media,Martes,Alta,1
ORD-14682,2025-03-04,La Libertad,Costa Norte,Terrestre,Estándar,653.53,5,5.7,4,2.65,Media,Martes,Media,0
ORD-14683,2025-09-12,Lima,Lima y Callao,Terrestre,Express,144.84,2,5.61,4,5.87,Alta,Viernes,Media,1
ORD-14684,2025-01-26,Junín,Sierra Centro,Terrestre,Estándar,384.36,5,6.45,7,10.71,Baja,Domingo,Media,0
ORD-14685,2025-07-08,Arequipa,Costa Sur,Terrestre,Estándar,1033.2,6,7.42,4,5.88,Media,Martes,Alta,0
ORD-14686,2025-09-23,La Libertad,Costa Norte,Terrestre,Estándar,600.94,5,6.44,4,2.42,Media,Martes,Alta,0
ORD-14687,2025-12-13,Cusco,Sierra Sur,Terrestre,Estándar,925.34,6,7.38,5,4.55,Media,Sábado,Alta,1
ORD-14688,2025-04-16,Ica,Costa Sur,Terrestre,Express,263.25,2,3.36,2,0.95,Alta,Miércoles,Media,0
ORD-14689,2025-01-03,Cajamarca,Sierra Norte,Aéreo,Estándar,824.65,6,7.78,6,4.26,Baja,Viernes,Alta,0
ORD-14690,2025-09-22,Lima,Lima y Callao,Terrestre,Estándar,43.61,3,3.74,3,5.14,Baja,Lunes,Media,0
ORD-14691,2025-01-01,Lima,Lima y Callao,Terrestre,Express,101.61,2,9.09,6,6.41,Media,Miércoles,Alta,0
ORD-14692,2025-01-25,Cusco,Sierra Sur,Terrestre,Estándar,983.76,7,6.36,6,9.7,Media,Sábado,Baja,0
ORD-14693,2025-12-28,Lima,Lima y Callao,Terrestre,Express,38.19,2,6.32,3,4.85,Baja,Domingo,Alta,1
ORD-14694,2025-11-11,Lima,Lima y Callao,Terrestre,Express,75.15,2,5.66,2,1.75,Media,Martes,Alta,0
ORD-14695,2025-09-16,Loreto,Selva Norte,Aéreo,Express,1258.72,4,2.16,3,4.09,Baja,Martes,Baja,0
ORD-14696,2025-11-01,Tacna,Costa Sur,Terrestre,Estándar,1261.88,6,6.99,3,1.99,Alta,Sábado,Alta,0
ORD-14697,2025-01-28,Ayacucho,Sierra Sur,Terrestre,Estándar,561.93,4,2.77,2,3.1,Media,Martes,Media,0
ORD-14698,2025-02-02,Piura,Costa Norte,Terrestre,Express,932.01,3,6.11,3,4.71,Baja,Domingo,Media,0
ORD-14699,2025-04-20,Lima,Lima y Callao,Terrestre,Express,89.3,2,4.52,2,2.93,Media,Domingo,Media,0
ORD-14700,2025-01-09,Lima,Lima y Callao,Terrestre,Express,114.45,2,4.48,5,3.06,Alta,Jueves,Media,0
ORD-14701,2025-11-21,Junín,Sierra Centro,Terrestre,Estándar,426.95,4,4.21,2,1.73,Alta,Viernes,Media,0
ORD-14702,2025-01-21,Ica,Costa Sur,Terrestre,Express,319.25,2,6.72,4,14.63,Baja,Martes,Media,1
ORD-14703,2025-07-18,Amazonas,Selva Norte,Terrestre,Estándar,1141.04,7,3.37,2,3.28,Media,Viernes,Media,0
ORD-14704,2025-11-08,Ucayali,Selva Centro-Sur,Terrestre,Estándar,1007.41,6,6.56,6,6.27,Baja,Sábado,Alta,0
ORD-14705,2025-09-26,Lima,Lima y Callao,Terrestre,Estándar,87.64,4,8.35,6,10.96,Baja,Viernes,Media,0
ORD-14706,2025-03-27,La Libertad,Costa Norte,Terrestre,Express,627.77,3,6.1,3,7.08,Alta,Jueves,Alta,0
ORD-14707,2025-06-21,Lima,Lima y Callao,Terrestre,Express,77.76,2,5.67,3,6.51,Alta,Sábado,Media,0
ORD-14708,2025-07-20,Áncash,Costa Norte,Terrestre,Estándar,392.7,5,9.82,7,7.8,Baja,Domingo,Alta,1
ORD-14709,2025-10-08,Cajamarca,Sierra Norte,Aéreo,Estándar,861.98,6,6.53,7,7.54,Alta,Miércoles,Media,0
ORD-14710,2025-06-05,Lima,Lima y Callao,Terrestre,Express,48.68,2,8.41,6,10.49,Media,Jueves,Media,0
ORD-14711,2025-04-15,Lima,Lima y Callao,Terrestre,Estándar,119.89,3,5.47,5,5.53,Media,Martes,Baja,0
ORD-14712,2025-10-18,Lima,Lima y Callao,Terrestre,Express,31.69,2,6.94,4,8.22,Media,Sábado,Alta,0
ORD-14713,2025-11-20,Lima,Lima y Callao,Terrestre,Estándar,103.98,3,7.15,3,3.67,Media,Jueves,Alta,0
ORD-14714,2025-06-28,Lima,Lima y Callao,Terrestre,Estándar,130.93,3,7.75,5,8.46,Alta,Sábado,Alta,0
ORD-14715,2025-01-11,Madre de Dios,Selva Centro-Sur,Terrestre,Estándar,1230.05,5,6.51,4,7.53,Baja,Sábado,Alta,0
ORD-14716,2025-07-02,Arequipa,Costa Sur,Terrestre,Estándar,942.93,6,5.9,5,3.4,Media,Miércoles,Media,0
ORD-14717,2025-11-21,Lima,Lima y Callao,Terrestre,Mismo Día,79.24,1,6.45,6,7.63,Media,Viernes,Baja,1
ORD-14718,2025-12-28,Lima,Lima y Callao,Terrestre,Express,71.44,2,8.5,7,13.95,Alta,Domingo,Media,0
ORD-14719,2025-05-27,Cusco,Sierra Sur,Terrestre,Estándar,1217.95,6,2.65,4,3.61,Baja,Martes,Media,0
ORD-14720,2025-02-24,Callao,Lima y Callao,Terrestre,Express,48.26,2,8.8,7,6.84,Media,Lunes,Media,0
ORD-14721,2025-07-28,Callao,Lima y Callao,Terrestre,Express,49.85,2,8.68,5,10.3,Media,Lunes,Media,0
ORD-14722,2025-10-31,Callao,Lima y Callao,Terrestre,Express,40.26,2,12.27,9,20.82,Media,Viernes,Baja,0
ORD-14723,2025-12-11,Lima,Lima y Callao,Terrestre,Estándar,108.16,3,9.68,8,2.39,Baja,Jueves,Alta,0
ORD-14724,2025-01-19,Ayacucho,Sierra Sur,Terrestre,Estándar,649.72,5,2.57,2,4.02,Baja,Domingo,Baja,0
ORD-14725,2025-04-17,Lima,Lima y Callao,Terrestre,Estándar,34.22,3,4.17,5,2.57,Media,Jueves,Baja,0
ORD-14726,2025-06-24,Arequipa,Costa Sur,Terrestre,Estándar,976.44,6,7.66,6,6.9,Baja,Martes,Alta,0
ORD-14727,2025-02-05,Áncash,Costa Norte,Terrestre,Estándar,318.45,4,3.42,3,1.74,Media,Miércoles,Baja,0
ORD-14728,2025-11-20,Ica,Costa Sur,Terrestre,Estándar,294.69,3,6.04,4,4.05,Media,Jueves,Media,0
ORD-14729,2025-02-10,Callao,Lima y Callao,Terrestre,Express,59.87,2,4.95,4,5.11,Alta,Lunes,Media,0
ORD-14730,2025-08-31,Ucayali,Selva Centro-Sur,Terrestre,Express,909.65,3,5.42,2,3.51,Media,Domingo,Alta,1
ORD-14731,2025-12-02,Huánuco,Sierra Centro,Terrestre,Estándar,465.4,4,5.68,2,4.92,Baja,Martes,Media,0
ORD-14732,2025-09-08,Callao,Lima y Callao,Terrestre,Estándar,64.46,3,5.28,3,2.04,Alta,Lunes,Alta,0
ORD-14733,2025-10-06,Callao,Lima y Callao,Terrestre,Express,25.17,2,7.28,7,14.2,Alta,Lunes,Baja,0
ORD-14734,2025-04-07,Junín,Sierra Centro,Terrestre,Estándar,294.25,3,6.12,6,6.06,Media,Lunes,Baja,0
ORD-14735,2025-10-30,Lima,Lima y Callao,Terrestre,Estándar,141.67,3,4.0,5,5.57,Media,Jueves,Baja,0
ORD-14736,2025-06-02,Lima,Lima y Callao,Terrestre,Estándar,138.44,3,2.61,2,5.58,Baja,Lunes,Baja,0
ORD-14737,2025-01-23,Junín,Sierra Centro,Terrestre,Estándar,392.8,5,3.94,2,3.51,Media,Jueves,Media,0
ORD-14738,2025-05-14,Lima,Lima y Callao,Terrestre,Express,61.25,2,7.9,9,5.63,Media,Miércoles,Baja,0
ORD-14739,2025-05-08,Lambayeque,Costa Norte,Terrestre,Estándar,856.16,5,3.51,3,3.71,Media,Jueves,Baja,0
ORD-14740,2025-07-10,Piura,Costa Norte,Terrestre,Estándar,1007.77,6,6.05,4,3.71,Baja,Jueves,Alta,0
ORD-14741,2025-04-07,Lima,Lima y Callao,Terrestre,Estándar,103.89,4,7.98,3,3.42,Baja,Lunes,Alta,0
ORD-14742,2025-06-18,Huancavelica,Sierra Centro,Aéreo,Express,476.49,2,6.91,5,5.85,Media,Miércoles,Alta,0
ORD-14743,2025-06-06,Lima,Lima y Callao,Terrestre,Express,87.0,2,11.74,9,12.83,Baja,Viernes,Alta,0
ORD-14744,2025-04-30,Madre de Dios,Selva Centro-Sur,Aéreo,Estándar,1339.61,7,3.18,4,2.32,Media,Miércoles,Baja,0
ORD-14745,2025-09-12,Lambayeque,Costa Norte,Terrestre,Estándar,828.76,4,4.26,4,4.32,Alta,Viernes,Media,0
ORD-14746,2025-04-22,Ucayali,Selva Centro-Sur,Terrestre,Estándar,898.26,5,5.84,5,4.99,Media,Martes,Media,1
ORD-14747,2025-10-07,Piura,Costa Norte,Terrestre,Estándar,968.48,7,5.0,4,5.63,Baja,Martes,Media,0
ORD-14748,2025-04-02,Callao,Lima y Callao,Terrestre,Estándar,48.59,3,6.93,6,6.96,Baja,Miércoles,Media,0
ORD-14749,2025-11-12,Lima,Lima y Callao,Terrestre,Express,88.46,2,4.74,3,5.04,Media,Miércoles,Media,0
ORD-14750,2025-05-14,Lima,Lima y Callao,Terrestre,Mismo Día,78.3,1,8.07,7,9.16,Alta,Miércoles,Media,0
ORD-14751,2025-01-15,Lima,Lima y Callao,Terrestre,Estándar,38.15,3,4.94,4,6.49,Media,Miércoles,Media,0
ORD-14752,2025-02-24,Lima,Lima y Callao,Terrestre,Express,45.27,2,7.65,4,5.67,Alta,Lunes,Alta,0
ORD-14753,2025-10-22,Piura,Costa Norte,Terrestre,Estándar,1006.78,6,7.07,5,3.63,Alta,Miércoles,Alta,0
ORD-14754,2025-11-15,Lima,Lima y Callao,Terrestre,Estándar,22.81,4,6.96,4,4.37,Baja,Sábado,Alta,0
ORD-14755,2025-03-19,Lima,Lima y Callao,Terrestre,Express,30.94,2,5.57,5,4.09,Media,Miércoles,Media,0
ORD-14756,2025-08-08,Apurímac,Sierra Sur,Terrestre,Estándar,967.69,6,7.29,6,10.11,Media,Viernes,Media,0
ORD-14757,2025-07-29,Lambayeque,Costa Norte,Terrestre,Estándar,805.42,5,8.5,6,10.71,Media,Martes,Media,1
ORD-14758,2025-02-18,Puno,Sierra Sur,Terrestre,Estándar,1214.72,6,6.41,5,6.0,Media,Martes,Baja,0
ORD-14759,2025-06-14,Lima,Lima y Callao,Terrestre,Express,68.35,2,7.42,7,8.94,Media,Sábado,Media,0
ORD-14760,2025-09-11,Apurímac,Sierra Sur,Terrestre,Estándar,920.32,5,5.37,5,2.66,Media,Jueves,Media,1
ORD-14761,2025-12-20,Piura,Costa Norte,Terrestre,Estándar,954.7,4,6.47,4,4.59,Media,Sábado,Alta,0
ORD-14762,2025-11-06,Moquegua,Costa Sur,Terrestre,Express,1138.99,4,5.79,6,2.98,Media,Jueves,Alta,0
ORD-14763,2025-02-05,Lima,Lima y Callao,Terrestre,Estándar,81.95,3,7.6,4,7.11,Baja,Miércoles,Alta,1
ORD-14764,2025-03-28,Áncash,Costa Norte,Terrestre,Estándar,372.84,5,9.43,5,16.29,Media,Viernes,Media,0
ORD-14765,2025-06-09,Lima,Lima y Callao,Terrestre,Estándar,109.65,2,5.24,5,4.87,Media,Lunes,Baja,0
ORD-14766,2025-02-24,Apurímac,Sierra Sur,Terrestre,Express,772.8,3,5.58,2,3.05,Media,Lunes,Media,0
ORD-14767,2025-07-28,Ica,Costa Sur,Terrestre,Estándar,294.46,2,8.56,7,10.23,Baja,Lunes,Media,0
ORD-14768,2025-01-04,Lima,Lima y Callao,Terrestre,Express,51.76,2,5.35,4,3.1,Baja,Sábado,Alta,0
ORD-14769,2025-02-11,Puno,Sierra Sur,Terrestre,Estándar,1248.93,7,5.27,3,3.44,Media,Martes,Media,1
ORD-14770,2025-01-18,Junín,Sierra Centro,Terrestre,Estándar,311.32,3,4.73,2,3.36,Media,Sábado,Media,0
ORD-14771,2025-04-18,Piura,Costa Norte,Terrestre,Express,1031.18,3,7.2,5,6.93,Baja,Viernes,Media,0
ORD-14772,2025-10-06,Puno,Sierra Sur,Terrestre,Estándar,1295.2,7,2.61,3,4.14,Media,Lunes,Baja,0
ORD-14773,2025-03-06,Áncash,Costa Norte,Terrestre,Estándar,385.48,5,7.49,6,6.46,Media,Jueves,Alta,0
ORD-14774,2025-12-27,Cusco,Sierra Sur,Terrestre,Estándar,984.29,6,3.36,3,2.79,Media,Sábado,Media,0
ORD-14775,2025-04-09,Lima,Lima y Callao,Terrestre,Estándar,111.46,4,8.25,5,8.21,Baja,Miércoles,Media,0
ORD-14776,2025-01-17,Lima,Lima y Callao,Terrestre,Express,80.75,2,3.27,2,4.97,Media,Viernes,Media,0
ORD-14777,2025-05-03,La Libertad,Costa Norte,Aéreo,Estándar,683.84,6,6.95,7,3.59,Alta,Sábado,Alta,0
ORD-14778,2025-10-01,Lima,Lima y Callao,Terrestre,Express,102.78,2,4.21,5,2.49,Media,Miércoles,Baja,0
ORD-14779,2025-02-08,Lima,Lima y Callao,Terrestre,Estándar,88.77,4,6.1,7,4.77,Media,Sábado,Baja,0
ORD-14780,2025-01-27,Lima,Lima y Callao,Terrestre,Express,101.9,2,8.59,6,6.22,Baja,Lunes,Alta,0
ORD-14781,2025-11-07,Lima,Lima y Callao,Terrestre,Estándar,27.8,3,6.46,5,5.52,Baja,Viernes,Media,0
ORD-14782,2025-08-05,Arequipa,Costa Sur,Terrestre,Estándar,1107.71,6,8.06,8,9.57,Alta,Martes,Media,1
ORD-14783,2025-05-06,Cajamarca,Sierra Norte,Terrestre,Express,1002.31,3,3.15,3,3.96,Alta,Martes,Baja,0
ORD-14784,2025-10-03,Ayacucho,Sierra Sur,Terrestre,Estándar,585.14,4,8.56,7,8.17,Baja,Viernes,Alta,0
ORD-14785,2025-11-05,San Martín,Selva Norte,Terrestre,Estándar,1114.27,6,8.15,3,6.35,Alta,Miércoles,Alta,1
ORD-14786,2025-05-12,Puno,Sierra Sur,Terrestre,Express,1301.92,4,5.54,5,3.94,Baja,Lunes,Media,0
ORD-14787,2025-07-24,Loreto,Selva Norte,Multimodal,Estándar,1390.15,8,9.88,7,12.2,Media,Jueves,Media,1
ORD-14788,2025-01-04,Arequipa,Costa Sur,Terrestre,Estándar,1058.85,6,5.37,3,8.8,Media,Sábado,Media,0
ORD-14789,2025-04-22,Lima,Lima y Callao,Terrestre,Estándar,147.31,3,2.91,5,3.17,Media,Martes,Baja,0
ORD-14790,2025-08-06,Callao,Lima y Callao,Terrestre,Estándar,33.31,3,4.99,4,1.97,Media,Miércoles,Baja,0
ORD-14791,2025-03-13,Junín,Sierra Centro,Terrestre,Estándar,394.59,3,4.97,4,5.67,Media,Jueves,Baja,0
ORD-14792,2025-12-28,Cusco,Sierra Sur,Terrestre,Express,1108.06,4,9.82,6,9.62,Baja,Domingo,Alta,1
ORD-14793,2025-12-21,Moquegua,Costa Sur,Terrestre,Estándar,1110.95,6,5.4,4,4.92,Alta,Domingo,Alta,0
ORD-14794,2025-04-05,Ayacucho,Sierra Sur,Terrestre,Estándar,634.04,5,5.86,6,3.34,Baja,Sábado,Media,0
ORD-14795,2025-05-25,Lima,Lima y Callao,Terrestre,Express,101.77,2,8.07,7,4.17,Baja,Domingo,Media,0
ORD-14796,2025-03-11,Ucayali,Selva Centro-Sur,Terrestre,Estándar,952.03,5,7.68,6,5.81,Alta,Martes,Media,0
ORD-14797,2025-07-03,Lima,Lima y Callao,Terrestre,Express,179.03,2,9.09,6,8.71,Media,Jueves,Alta,0
ORD-14798,2025-02-15,Arequipa,Costa Sur,Aéreo,Express,932.5,3,7.69,6,6.13,Media,Sábado,Media,0
ORD-14799,2025-05-23,Puno,Sierra Sur,Terrestre,Estándar,1302.02,8,6.65,4,5.39,Baja,Viernes,Media,0
ORD-14800,2025-07-22,Lima,Lima y Callao,Terrestre,Estándar,48.2,3,7.61,6,7.97,Baja,Martes,Media,0
ORD-14801,2025-08-12,Lambayeque,Costa Norte,Terrestre,Estándar,745.84,6,8.98,6,11.18,Baja,Martes,Media,0
ORD-14802,2025-08-06,Lima,Lima y Callao,Terrestre,Express,81.54,2,3.43,2,1.6,Media,Miércoles,Baja,1
ORD-14803,2025-03-22,Piura,Costa Norte,Terrestre,Estándar,1033.64,6,7.35,4,5.26,Media,Sábado,Alta,0
ORD-14804,2025-10-17,Lambayeque,Costa Norte,Terrestre,Estándar,778.22,5,4.93,3,6.65,Media,Viernes,Baja,0
ORD-14805,2025-09-10,Lima,Lima y Callao,Terrestre,Estándar,103.26,3,8.6,8,6.9,Alta,Miércoles,Alta,0
ORD-14806,2025-10-02,Lambayeque,Costa Norte,Terrestre,Estándar,771.58,5,3.22,2,2.45,Alta,Jueves,Baja,0
ORD-14807,2025-06-20,Arequipa,Costa Sur,Terrestre,Estándar,991.6,6,8.23,6,7.53,Media,Viernes,Alta,0
ORD-14808,2025-11-22,Lima,Lima y Callao,Terrestre,Express,125.74,2,3.14,2,1.66,Alta,Sábado,Media,0
ORD-14809,2025-05-23,Arequipa,Costa Sur,Aéreo,Express,1038.26,3,4.38,3,2.29,Alta,Viernes,Baja,0
ORD-14810,2025-10-22,La Libertad,Costa Norte,Aéreo,Express,596.78,3,6.6,6,6.35,Alta,Miércoles,Media,0
ORD-14811,2025-03-16,La Libertad,Costa Norte,Terrestre,Express,675.37,3,6.64,4,4.48,Media,Domingo,Alta,0
ORD-14812,2025-04-01,Cusco,Sierra Sur,Terrestre,Estándar,1061.24,6,5.75,4,6.72,Baja,Martes,Media,1
ORD-14813,2025-07-12,La Libertad,Costa Norte,Terrestre,Estándar,576.24,4,6.31,5,4.32,Baja,Sábado,Alta,0
ORD-14814,2025-07-22,Lima,Lima y Callao,Terrestre,Estándar,84.19,3,8.16,7,8.34,Alta,Martes,Media,0
ORD-14815,2025-09-30,Ica,Costa Sur,Terrestre,Express,310.5,2,7.79,5,10.54,Media,Martes,Media,0
ORD-14816,2025-04-19,Cajamarca,Sierra Norte,Terrestre,Estándar,867.8,5,8.07,6,11.99,Alta,Sábado,Media,0
ORD-14817,2025-11-15,Piura,Costa Norte,Terrestre,Express,1024.75,3,6.38,5,5.95,Media,Sábado,Media,0
ORD-14818,2025-05-01,Tumbes,Costa Norte,Terrestre,Express,1269.91,4,4.73,4,5.53,Baja,Jueves,Baja,1
ORD-14819,2025-07-14,Lambayeque,Costa Norte,Terrestre,Estándar,779.99,5,6.9,3,2.26,Media,Lunes,Alta,0
ORD-14820,2025-12-07,Ica,Costa Sur,Terrestre,Estándar,334.2,4,7.76,6,8.19,Alta,Domingo,Alta,0
ORD-14821,2025-07-16,Apurímac,Sierra Sur,Terrestre,Estándar,854.65,5,9.27,5,11.49,Baja,Miércoles,Alta,1
ORD-14822,2025-09-06,Áncash,Costa Norte,Terrestre,Estándar,404.3,4,6.19,5,10.32,Media,Sábado,Baja,0
ORD-14823,2025-11-28,La Libertad,Costa Norte,Terrestre,Estándar,561.74,3,9.9,7,8.27,Alta,Viernes,Media,0
ORD-14824,2025-12-22,San Martín,Selva Norte,Terrestre,Estándar,1056.08,7,6.63,2,3.1,Baja,Lunes,Alta,1
ORD-14825,2025-07-02,Lima,Lima y Callao,Terrestre,Express,76.46,2,5.65,4,3.34,Baja,Miércoles,Alta,0
ORD-14826,2025-06-02,Junín,Sierra Centro,Terrestre,Estándar,318.86,4,8.27,7,5.7,Media,Lunes,Media,0
ORD-14827,2025-03-13,Tumbes,Costa Norte,Terrestre,Express,1277.76,4,6.5,6,6.03,Alta,Jueves,Media,0
ORD-14828,2025-07-16,La Libertad,Costa Norte,Terrestre,Estándar,569.16,4,7.77,6,8.16,Media,Miércoles,Alta,0
ORD-14829,2025-12-02,Cusco,Sierra Sur,Aéreo,Estándar,1007.28,6,10.46,8,13.59,Baja,Martes,Alta,1
ORD-14830,2025-06-27,La Libertad,Costa Norte,Terrestre,Express,619.09,3,6.32,4,4.73,Baja,Viernes,Media,0
ORD-14831,2025-05-08,Callao,Lima y Callao,Terrestre,Express,30.21,2,3.05,2,2.93,Media,Jueves,Baja,0
ORD-14832,2025-02-09,Piura,Costa Norte,Terrestre,Estándar,985.71,6,8.31,9,3.63,Media,Domingo,Alta,0
ORD-14833,2025-05-23,Junín,Sierra Centro,Terrestre,Express,394.08,2,7.51,5,6.52,Baja,Viernes,Media,0
ORD-14834,2025-03-28,Lima,Lima y Callao,Terrestre,Estándar,67.25,3,5.53,4,3.76,Alta,Viernes,Media,0
ORD-14835,2025-12-23,La Libertad,Costa Norte,Terrestre,Express,558.32,3,9.47,8,5.6,Baja,Martes,Alta,1
ORD-14836,2025-07-12,Puno,Sierra Sur,Terrestre,Estándar,1359.54,7,10.95,9,13.01,Alta,Sábado,Media,1
ORD-14837,2025-02-20,Lima,Lima y Callao,Terrestre,Express,39.57,2,2.09,1,2.31,Alta,Jueves,Media,0
ORD-14838,2025-01-25,Lambayeque,Costa Norte,Terrestre,Express,784.56,3,6.94,4,5.09,Media,Sábado,Media,0
ORD-14839,2025-11-07,Ayacucho,Sierra Sur,Terrestre,Express,650.38,3,8.42,7,12.57,Media,Viernes,Media,0
ORD-14840,2025-12-06,Puno,Sierra Sur,Terrestre,Estándar,1385.76,7,6.71,5,5.04,Baja,Sábado,Alta,0
ORD-14841,2025-10-06,Lima,Lima y Callao,Terrestre,Estándar,81.0,3,8.72,6,17.8,Media,Lunes,Baja,0
ORD-14842,2025-02-15,Huancavelica,Sierra Centro,Aéreo,Estándar,605.7,4,4.67,2,1.07,Media,Sábado,Baja,0
ORD-14843,2025-02-05,Piura,Costa Norte,Terrestre,Estándar,901.68,6,8.69,8,9.14,Baja,Miércoles,Alta,1
ORD-14844,2025-03-14,Apurímac,Sierra Sur,Terrestre,Express,957.66,3,7.47,6,10.41,Media,Viernes,Baja,0
ORD-14845,2025-10-02,Ica,Costa Sur,Terrestre,Estándar,325.52,3,4.44,3,3.91,Baja,Jueves,Media,0
ORD-14846,2025-10-07,Lima,Lima y Callao,Terrestre,Estándar,78.48,3,10.04,6,13.2,Baja,Martes,Alta,0
ORD-14847,2025-11-02,Ica,Costa Sur,Terrestre,Estándar,260.54,3,6.13,2,1.25,Media,Domingo,Alta,0
ORD-14848,2025-02-05,Lambayeque,Costa Norte,Terrestre,Estándar,746.05,5,8.44,7,7.95,Media,Miércoles,Alta,0
ORD-14849,2025-02-25,Cusco,Sierra Sur,Terrestre,Estándar,1175.46,6,7.37,7,7.63,Baja,Martes,Media,0
ORD-14850,2025-11-25,Ayacucho,Sierra Sur,Terrestre,Estándar,578.32,4,5.78,3,3.84,Baja,Martes,Alta,0
ORD-14851,2025-12-05,Áncash,Costa Norte,Terrestre,Estándar,482.45,5,10.76,10,5.89,Baja,Viernes,Media,0
ORD-14852,2025-09-22,Cajamarca,Sierra Norte,Terrestre,Express,888.98,3,5.29,4,4.54,Media,Lunes,Baja,0
ORD-14853,2025-02-08,San Martín,Selva Norte,Terrestre,Express,1076.5,3,3.24,3,3.15,Media,Sábado,Media,0
ORD-14854,2025-01-26,Lima,Lima y Callao,Terrestre,Estándar,97.79,3,5.64,4,5.39,Baja,Domingo,Media,0
ORD-14855,2025-01-21,Lambayeque,Costa Norte,Terrestre,Estándar,754.09,6,6.75,4,7.67,Media,Martes,Media,0
ORD-14856,2025-09-10,Junín,Sierra Centro,Aéreo,Estándar,356.05,5,5.27,4,5.22,Alta,Miércoles,Alta,0
ORD-14857,2025-11-05,Lima,Lima y Callao,Terrestre,Mismo Día,146.94,1,7.71,3,4.53,Media,Miércoles,Alta,0
ORD-14858,2025-08-19,Ayacucho,Sierra Sur,Terrestre,Express,579.08,3,4.94,3,6.5,Media,Martes,Media,0
ORD-14859,2025-04-06,Cusco,Sierra Sur,Terrestre,Estándar,1175.36,6,9.07,6,12.19,Media,Domingo,Alta,0
ORD-14860,2025-10-04,Lima,Lima y Callao,Terrestre,Estándar,169.86,3,6.38,5,2.46,Alta,Sábado,Media,0
ORD-14861,2025-01-22,Lambayeque,Costa Norte,Terrestre,Express,726.58,3,8.7,6,10.65,Alta,Miércoles,Media,1
ORD-14862,2025-10-30,Lima,Lima y Callao,Terrestre,Mismo Día,88.76,1,2.6,2,3.78,Baja,Jueves,Media,0
ORD-14863,2025-11-22,Piura,Costa Norte,Terrestre,Estándar,917.16,5,12.03,11,11.2,Baja,Sábado,Media,1
ORD-14864,2025-09-20,Madre de Dios,Selva Centro-Sur,Terrestre,Express,1265.8,4,5.57,4,4.04,Baja,Sábado,Media,1
ORD-14865,2025-11-17,Callao,Lima y Callao,Terrestre,Express,74.16,2,5.05,6,4.49,Media,Lunes,Media,0
ORD-14866,2025-08-02,Arequipa,Costa Sur,Aéreo,Estándar,1088.86,6,6.32,4,1.95,Baja,Sábado,Alta,0
ORD-14867,2025-06-20,Cajamarca,Sierra Norte,Terrestre,Express,987.37,3,3.53,3,5.57,Alta,Viernes,Baja,0
ORD-14868,2025-04-28,Lima,Lima y Callao,Terrestre,Express,57.39,2,5.74,3,5.58,Baja,Lunes,Media,0
ORD-14869,2025-12-03,Puno,Sierra Sur,Terrestre,Express,1369.67,4,7.23,5,5.67,Media,Miércoles,Alta,1
ORD-14870,2025-09-12,Puno,Sierra Sur,Terrestre,Estándar,1309.92,7,6.75,5,8.52,Baja,Viernes,Media,0
ORD-14871,2025-03-11,Huánuco,Sierra Centro,Terrestre,Estándar,539.62,4,7.82,5,9.68,Media,Martes,Alta,0
ORD-14872,2025-12-16,Pasco,Sierra Centro,Terrestre,Estándar,306.67,3,6.77,5,2.97,Media,Martes,Alta,0
ORD-14873,2025-01-22,Lima,Lima y Callao,Terrestre,Mismo Día,49.5,1,3.52,4,5.66,Media,Miércoles,Media,0
ORD-14874,2025-08-03,Madre de Dios,Selva Centro-Sur,Terrestre,Express,1035.74,3,7.62,6,6.38,Media,Domingo,Media,1
ORD-14875,2025-03-11,Lima,Lima y Callao,Terrestre,Express,53.38,2,7.4,5,7.56,Media,Martes,Media,0
ORD-14876,2025-08-31,Ayacucho,Sierra Sur,Terrestre,Estándar,570.58,4,2.77,2,3.1,Media,Domingo,Baja,0
ORD-14877,2025-05-31,Arequipa,Costa Sur,Terrestre,Estándar,945.1,5,9.29,6,10.2,Alta,Sábado,Alta,1
ORD-14878,2025-06-09,Tacna,Costa Sur,Terrestre,Estándar,1380.76,7,3.96,2,1.54,Media,Lunes,Alta,0
ORD-14879,2025-09-03,La Libertad,Costa Norte,Terrestre,Express,648.56,3,8.05,5,10.58,Media,Miércoles,Media,0
ORD-14880,2025-10-03,Junín,Sierra Centro,Terrestre,Estándar,331.73,4,5.23,4,4.17,Media,Viernes,Media,0
ORD-14881,2025-05-19,Junín,Sierra Centro,Terrestre,Estándar,411.36,5,7.72,7,7.93,Alta,Lunes,Media,1
ORD-14882,2025-12-31,Junín,Sierra Centro,Terrestre,Express,355.27,2,8.55,5,2.93,Media,Miércoles,Alta,0
ORD-14883,2025-07-01,San Martín,Selva Norte,Multimodal,Estándar,1155.67,7,7.78,6,7.12,Alta,Martes,Alta,1
ORD-14884,2025-02-28,Arequipa,Costa Sur,Terrestre,Estándar,992.08,6,4.39,5,6.0,Alta,Viernes,Media,1
ORD-14885,2025-01-03,Arequipa,Costa Sur,Terrestre,Estándar,1024.38,7,2.07,1,1.32,Baja,Viernes,Baja,0
ORD-14886,2025-03-15,Lima,Lima y Callao,Terrestre,Express,75.06,2,4.77,4,3.87,Baja,Sábado,Media,0
ORD-14887,2025-09-10,Lima,Lima y Callao,Terrestre,Mismo Día,54.13,1,2.96,3,2.04,Media,Miércoles,Media,0
ORD-14888,2025-07-16,Ayacucho,Sierra Sur,Terrestre,Estándar,627.44,4,8.71,5,8.17,Media,Miércoles,Alta,1
ORD-14889,2025-05-04,Áncash,Costa Norte,Terrestre,Estándar,454.96,4,7.62,6,3.26,Media,Domingo,Alta,0
ORD-14890,2025-06-25,Callao,Lima y Callao,Terrestre,Express,51.62,2,7.4,6,9.9,Alta,Miércoles,Baja,0
ORD-14891,2025-11-02,Cusco,Sierra Sur,Terrestre,Estándar,1035.39,6,6.21,4,10.34,Media,Domingo,Media,0
ORD-14892,2025-07-28,Áncash,Costa Norte,Terrestre,Express,417.91,2,14.08,8,25.36,Media,Lunes,Alta,1
ORD-14893,2025-01-22,Callao,Lima y Callao,Terrestre,Express,52.24,2,4.85,5,3.75,Media,Miércoles,Baja,0
ORD-14894,2025-01-18,Lima,Lima y Callao,Terrestre,Estándar,31.48,3,9.66,6,9.12,Baja,Sábado,Alta,1
ORD-14895,2025-06-25,Piura,Costa Norte,Terrestre,Estándar,893.44,6,6.44,6,5.77,Media,Miércoles,Baja,0
ORD-14896,2025-05-28,Puno,Sierra Sur,Aéreo,Estándar,1339.13,7,5.58,4,8.24,Alta,Miércoles,Media,1
ORD-14897,2025-11-07,La Libertad,Costa Norte,Terrestre,Estándar,581.27,4,6.08,2,3.25,Baja,Viernes,Alta,0
ORD-14898,2025-08-01,Ica,Costa Sur,Terrestre,Estándar,283.47,3,5.42,5,5.28,Alta,Viernes,Media,0
ORD-14899,2025-10-04,Ucayali,Selva Centro-Sur,Terrestre,Estándar,779.37,4,2.8,3,2.56,Alta,Sábado,Baja,0
ORD-14900,2025-08-02,Lima,Lima y Callao,Terrestre,Express,94.87,2,5.55,6,6.41,Baja,Sábado,Baja,0
ORD-14901,2025-05-07,Lima,Lima y Callao,Terrestre,Estándar,103.64,3,5.89,6,5.24,Alta,Miércoles,Media,0
ORD-14902,2025-08-28,Cusco,Sierra Sur,Terrestre,Estándar,1128.39,6,4.04,2,2.33,Media,Jueves,Media,0
ORD-14903,2025-08-15,Ica,Costa Sur,Terrestre,Estándar,307.97,4,9.04,6,7.15,Media,Viernes,Alta,1
ORD-14904,2025-09-20,Lima,Lima y Callao,Terrestre,Express,76.4,2,3.84,3,3.09,Baja,Sábado,Media,0
ORD-14905,2025-03-11,Lima,Lima y Callao,Terrestre,Express,146.0,2,7.31,5,5.04,Baja,Martes,Alta,0
ORD-14906,2025-08-23,Áncash,Costa Norte,Terrestre,Express,450.4,2,3.36,2,3.43,Media,Sábado,Media,0
ORD-14907,2025-04-15,Tacna,Costa Sur,Terrestre,Estándar,1319.15,7,6.13,4,6.48,Baja,Martes,Alta,0
ORD-14908,2025-10-16,Lima,Lima y Callao,Terrestre,Express,56.58,2,5.45,6,4.97,Media,Jueves,Media,0
ORD-14909,2025-10-19,Lima,Lima y Callao,Terrestre,Estándar,101.04,3,5.79,4,4.92,Alta,Domingo,Baja,0
ORD-14910,2025-08-17,Callao,Lima y Callao,Terrestre,Estándar,43.5,4,3.37,3,2.34,Media,Domingo,Media,0
ORD-14911,2025-12-12,Lima,Lima y Callao,Terrestre,Estándar,105.0,3,16.01,8,29.72,Media,Viernes,Alta,1
ORD-14912,2025-07-16,Lima,Lima y Callao,Terrestre,Express,117.65,2,7.17,4,3.4,Alta,Miércoles,Alta,1
ORD-14913,2025-01-10,Arequipa,Costa Sur,Terrestre,Express,1094.51,3,3.47,4,5.68,Baja,Viernes,Baja,0
ORD-14914,2025-08-10,Lima,Lima y Callao,Terrestre,Express,149.92,2,8.61,7,10.37,Baja,Domingo,Media,0
ORD-14915,2025-10-11,Lima,Lima y Callao,Terrestre,Estándar,98.95,4,7.32,5,4.68,Media,Sábado,Alta,1
ORD-14916,2025-02-06,Pasco,Sierra Centro,Terrestre,Estándar,421.9,4,5.66,5,4.49,Media,Jueves,Media,0
ORD-14917,2025-02-08,Callao,Lima y Callao,Terrestre,Express,63.0,2,4.7,4,4.37,Baja,Sábado,Media,0
ORD-14918,2025-04-10,Piura,Costa Norte,Terrestre,Estándar,858.28,5,7.72,6,4.95,Media,Jueves,Alta,0
ORD-14919,2025-11-05,Lambayeque,Costa Norte,Terrestre,Express,797.48,3,6.36,4,5.35,Baja,Miércoles,Media,0
ORD-14920,2025-07-12,Arequipa,Costa Sur,Terrestre,Estándar,968.45,6,6.14,4,3.55,Media,Sábado,Alta,0
ORD-14921,2025-12-23,Arequipa,Costa Sur,Terrestre,Estándar,988.03,7,11.32,7,9.73,Media,Martes,Alta,1
ORD-14922,2025-11-15,Callao,Lima y Callao,Terrestre,Mismo Día,31.51,1,8.49,6,3.04,Media,Sábado,Alta,0
ORD-14923,2025-07-22,Huancavelica,Sierra Centro,Terrestre,Estándar,513.12,4,4.84,4,3.59,Media,Martes,Alta,0
ORD-14924,2025-09-05,Lima,Lima y Callao,Terrestre,Mismo Día,16.82,1,6.53,6,6.41,Baja,Viernes,Media,0
ORD-14925,2025-05-01,Lima,Lima y Callao,Terrestre,Express,60.07,2,9.7,6,11.29,Alta,Jueves,Media,1
ORD-14926,2025-02-02,Callao,Lima y Callao,Terrestre,Express,13.29,2,6.91,7,3.52,Alta,Domingo,Media,0
ORD-14927,2025-05-26,Ucayali,Selva Centro-Sur,Terrestre,Express,919.92,3,6.33,5,9.77,Media,Lunes,Media,0
ORD-14928,2025-08-05,Cajamarca,Sierra Norte,Terrestre,Estándar,973.98,6,6.15,4,6.6,Baja,Martes,Media,0
ORD-14929,2025-03-08,Lima,Lima y Callao,Terrestre,Express,173.73,2,3.37,5,2.36,Media,Sábado,Media,0
ORD-14930,2025-03-22,San Martín,Selva Norte,Terrestre,Express,1073.78,3,6.65,5,7.59,Media,Sábado,Media,0
ORD-14931,2025-01-06,Moquegua,Costa Sur,Terrestre,Estándar,1116.11,6,1.95,2,1.72,Baja,Lunes,Baja,0
ORD-14932,2025-09-25,Lima,Lima y Callao,Terrestre,Express,128.92,2,8.35,7,10.66,Baja,Jueves,Media,0
ORD-14933,2025-11-25,Lima,Lima y Callao,Terrestre,Express,43.15,2,6.03,5,7.98,Baja,Martes,Media,0
ORD-14934,2025-10-30,Ayacucho,Sierra Sur,Terrestre,Estándar,719.44,5,4.45,4,7.07,Media,Jueves,Baja,0
ORD-14935,2025-05-19,Amazonas,Selva Norte,Multimodal,Express,1166.99,5,3.59,5,5.05,Baja,Lunes,Media,0
ORD-14936,2025-08-05,La Libertad,Costa Norte,Terrestre,Estándar,612.72,4,5.14,4,6.86,Alta,Martes,Media,0
ORD-14937,2025-12-17,Arequipa,Costa Sur,Terrestre,Estándar,950.37,5,9.62,5,12.17,Media,Miércoles,Alta,1
ORD-14938,2025-08-04,Junín,Sierra Centro,Terrestre,Express,271.86,2,7.65,6,6.36,Media,Lunes,Media,0
ORD-14939,2025-04-18,Callao,Lima y Callao,Terrestre,Express,41.45,2,7.96,5,5.27,Baja,Viernes,Media,0
ORD-14940,2025-05-04,Puno,Sierra Sur,Terrestre,Estándar,1345.92,7,6.16,4,6.18,Alta,Domingo,Alta,0
ORD-14941,2025-09-23,Piura,Costa Norte,Terrestre,Express,1024.48,3,4.22,3,1.46,Baja,Martes,Media,0
ORD-14942,2025-06-12,Madre de Dios,Selva Centro-Sur,Terrestre,Estándar,1272.26,6,7.55,8,6.25,Baja,Jueves,Media,0
ORD-14943,2025-11-02,Lima,Lima y Callao,Terrestre,Express,79.55,2,10.7,7,13.32,Media,Domingo,Alta,0
ORD-14944,2025-11-12,Cajamarca,Sierra Norte,Terrestre,Estándar,842.43,5,9.14,6,7.84,Media,Miércoles,Alta,0
ORD-14945,2025-01-14,Apurímac,Sierra Sur,Terrestre,Estándar,857.86,5,9.87,10,10.44,Alta,Martes,Media,0
ORD-14946,2025-09-22,Lima,Lima y Callao,Terrestre,Express,50.79,2,4.86,2,1.73,Media,Lunes,Media,0
ORD-14947,2025-05-16,Lima,Lima y Callao,Terrestre,Express,103.09,2,8.43,8,9.75,Media,Viernes,Media,0
ORD-14948,2025-07-09,Junín,Sierra Centro,Terrestre,Express,380.45,2,7.54,6,5.56,Baja,Miércoles,Alta,0
ORD-14949,2025-04-07,Lambayeque,Costa Norte,Terrestre,Estándar,820.26,5,3.94,4,2.75,Media,Lunes,Baja,0
ORD-14950,2025-05-15,Lambayeque,Costa Norte,Aéreo,Estándar,778.29,5,9.46,8,16.8,Media,Jueves,Media,0
ORD-14951,2025-05-01,Cusco,Sierra Sur,Terrestre,Express,1019.73,3,6.03,7,6.17,Media,Jueves,Baja,0
ORD-14952,2025-01-19,Ica,Costa Sur,Terrestre,Express,330.71,2,5.9,4,4.1,Baja,Domingo,Media,0
ORD-14953,2025-10-13,La Libertad,Costa Norte,Terrestre,Estándar,635.33,4,2.88,3,2.3,Alta,Lunes,Baja,0
ORD-14954,2025-02-22,Lima,Lima y Callao,Terrestre,Estándar,107.82,3,5.41,4,3.93,Baja,Sábado,Media,0
ORD-14955,2025-05-18,Tacna,Costa Sur,Terrestre,Estándar,1319.21,7,8.72,7,13.07,Baja,Domingo,Media,0
ORD-14956,2025-03-12,Lima,Lima y Callao,Terrestre,Estándar,133.06,3,6.07,5,8.94,Alta,Miércoles,Baja,0
ORD-14957,2025-02-28,Lima,Lima y Callao,Terrestre,Estándar,59.13,4,3.75,3,3.76,Media,Viernes,Media,0
ORD-14958,2025-05-17,Loreto,Selva Norte,Aéreo,Express,1328.6,4,7.78,5,4.75,Media,Sábado,Alta,1
ORD-14959,2025-12-02,Arequipa,Costa Sur,Terrestre,Estándar,1064.05,5,3.54,1,1.6,Media,Martes,Alta,0
ORD-14960,2025-12-11,Lima,Lima y Callao,Terrestre,Express,46.35,2,5.49,4,6.24,Baja,Jueves,Media,0
ORD-14961,2025-05-20,Lambayeque,Costa Norte,Terrestre,Estándar,819.95,5,4.6,5,3.48,Alta,Martes,Baja,0
ORD-14962,2025-07-04,Lima,Lima y Callao,Terrestre,Express,72.34,2,10.74,7,9.5,Baja,Viernes,Alta,0
ORD-14963,2025-12-26,Áncash,Costa Norte,Terrestre,Express,357.4,2,10.78,7,11.82,Alta,Viernes,Alta,0
ORD-14964,2025-03-27,Puno,Sierra Sur,Terrestre,Estándar,1263.81,5,7.28,6,6.93,Baja,Jueves,Media,0
ORD-14965,2025-12-11,San Martín,Selva Norte,Terrestre,Estándar,1179.31,6,6.51,6,7.14,Media,Jueves,Media,0
ORD-14966,2025-02-08,Amazonas,Selva Norte,Terrestre,Estándar,1188.75,6,4.57,4,3.42,Media,Sábado,Media,0
ORD-14967,2025-03-24,Callao,Lima y Callao,Terrestre,Express,31.09,2,7.79,5,6.82,Baja,Lunes,Alta,0
ORD-14968,2025-05-04,Callao,Lima y Callao,Terrestre,Express,21.58,2,8.75,6,14.66,Media,Domingo,Media,0
ORD-14969,2025-01-14,Lima,Lima y Callao,Terrestre,Express,61.39,2,11.03,8,17.75,Media,Martes,Alta,1
ORD-14970,2025-10-25,Lima,Lima y Callao,Terrestre,Estándar,57.34,3,6.65,7,6.7,Baja,Sábado,Media,0
ORD-14971,2025-11-09,Callao,Lima y Callao,Terrestre,Estándar,50.49,3,8.09,7,7.45,Alta,Domingo,Media,0
ORD-14972,2025-05-20,Loreto,Selva Norte,Aéreo,Estándar,1240.71,6,4.73,3,6.47,Baja,Martes,Baja,0
ORD-14973,2025-11-02,Junín,Sierra Centro,Terrestre,Estándar,325.32,4,8.83,5,7.49,Media,Domingo,Media,1
ORD-14974,2025-10-09,Lambayeque,Costa Norte,Terrestre,Express,720.95,3,8.34,8,12.21,Media,Jueves,Media,1
ORD-14975,2025-10-20,La Libertad,Costa Norte,Terrestre,Estándar,623.29,4,6.06,4,2.68,Media,Lunes,Alta,1
ORD-14976,2025-10-20,Lima,Lima y Callao,Terrestre,Estándar,105.67,3,9.96,9,16.26,Media,Lunes,Media,0
ORD-14977,2025-07-29,Lambayeque,Costa Norte,Aéreo,Express,799.31,3,4.89,3,3.43,Media,Martes,Media,0
ORD-14978,2025-02-10,Cusco,Sierra Sur,Terrestre,Estándar,1074.93,7,6.75,7,9.23,Media,Lunes,Baja,1
ORD-14979,2025-12-04,La Libertad,Costa Norte,Terrestre,Estándar,691.95,5,5.71,2,2.08,Media,Jueves,Alta,0
ORD-14980,2025-08-11,Puno,Sierra Sur,Aéreo,Express,1356.45,4,2.73,3,7.82,Media,Lunes,Baja,0
ORD-14981,2025-11-25,Lima,Lima y Callao,Terrestre,Estándar,130.16,3,5.9,5,3.9,Media,Martes,Media,0
ORD-14982,2025-12-17,Puno,Sierra Sur,Terrestre,Estándar,1391.41,7,11.32,6,16.85,Baja,Miércoles,Alta,1
ORD-14983,2025-03-10,Lima,Lima y Callao,Terrestre,Express,37.9,2,4.54,3,3.86,Baja,Lunes,Media,0
ORD-14984,2025-05-27,Lima,Lima y Callao,Terrestre,Estándar,121.92,3,2.95,1,1.64,Media,Martes,Media,0
ORD-14985,2025-03-12,Huánuco,Sierra Centro,Aéreo,Estándar,477.26,4,4.26,3,2.84,Alta,Miércoles,Media,0
ORD-14986,2025-01-19,Loreto,Selva Norte,Aéreo,Express,1441.38,4,8.1,5,4.5,Baja,Domingo,Alta,0
ORD-14987,2025-12-19,Cusco,Sierra Sur,Terrestre,Estándar,996.29,6,10.78,7,7.86,Media,Viernes,Alta,0
ORD-14988,2025-12-04,Áncash,Costa Norte,Terrestre,Estándar,407.2,5,7.5,6,7.68,Baja,Jueves,Media,0
ORD-14989,2025-12-07,Cajamarca,Sierra Norte,Terrestre,Estándar,971.05,6,4.82,3,4.88,Media,Domingo,Media,0
ORD-14990,2025-11-19,Áncash,Costa Norte,Terrestre,Estándar,375.2,4,4.26,2,2.4,Media,Miércoles,Media,0
ORD-14991,2025-08-25,San Martín,Selva Norte,Multimodal,Express,902.9,4,3.43,1,1.92,Media,Lunes,Media,0
ORD-14992,2025-07-10,Ucayali,Selva Centro-Sur,Terrestre,Estándar,831.55,5,13.27,9,17.98,Media,Jueves,Alta,1
ORD-14993,2025-12-28,Lima,Lima y Callao,Terrestre,Estándar,84.59,3,6.93,4,7.65,Media,Domingo,Alta,0
ORD-14994,2025-07-21,Arequipa,Costa Sur,Terrestre,Estándar,1069.51,6,7.4,3,4.77,Baja,Lunes,Alta,0
ORD-14995,2025-08-23,Puno,Sierra Sur,Terrestre,Estándar,1390.8,7,4.89,3,4.63,Media,Sábado,Media,0
ORD-14996,2025-03-19,Lima,Lima y Callao,Terrestre,Mismo Día,142.08,1,5.32,4,2.95,Baja,Miércoles,Baja,1
ORD-14997,2025-09-30,Ica,Costa Sur,Terrestre,Express,290.09,2,8.66,7,9.11,Alta,Martes,Alta,0
ORD-14998,2025-10-27,Lima,Lima y Callao,Terrestre,Express,75.9,2,3.47,2,1.7,Media,Lunes,Media,0
ORD-14999,2025-09-05,Lima,Lima y Callao,Terrestre,Mismo Día,59.56,1,4.23,2,4.19,Baja,Viernes,Media,0
ORD-15000,2025-07-01,Áncash,Costa Norte,Terrestre,Express,375.66,2,4.95,4,5.72,Baja,Martes,Baja,1
